url_length,dots,hyphens,at,question,percent,equal,domain_length,https,ip_address,login_word,bank_word,verify_word,secure_word,label
17,1,0,0,0,0,0,9,1,0,0,0,0,0,0
51,3,0,0,0,0,0,21,1,0,0,0,0,0,1
94,2,0,0,0,0,0,14,1,0,0,0,0,0,1
236,2,0,0,1,1,2,24,1,0,0,0,0,0,1
21,1,1,0,0,0,0,6,1,0,0,0,0,0,1
20,1,0,0,0,0,0,12,1,0,0,0,0,0,0
37,2,0,0,0,0,0,30,0,0,0,0,0,0,1
17,1,0,0,0,0,0,9,1,0,0,0,0,0,0
16,1,0,0,0,0,0,8,1,0,0,0,0,0,0
34,2,0,0,0,0,0,25,1,0,0,0,0,0,1
43,2,0,0,0,0,0,15,1,0,0,0,0,0,1
22,1,0,0,0,0,0,14,1,0,0,0,0,0,0
21,1,0,0,0,0,0,13,1,0,0,0,0,0,0
23,1,0,0,0,0,0,15,1,0,0,0,0,0,0
174,2,3,0,1,0,3,15,1,0,0,0,0,0,1
22,2,0,0,0,0,0,14,1,0,0,0,0,0,0
26,2,0,0,0,0,0,17,1,0,0,0,0,0,1
25,1,0,0,0,0,0,17,1,0,0,0,0,0,0
18,1,0,0,0,0,0,10,1,0,0,0,0,0,0
23,1,1,0,0,0,0,15,1,0,0,0,0,0,0
22,1,0,0,0,0,0,14,1,0,0,0,0,0,0
35,2,1,0,0,0,0,19,1,0,0,0,0,0,1
44,2,2,0,0,0,0,35,1,0,0,0,0,0,1
23,1,2,0,0,0,0,15,1,0,0,0,0,0,0
22,1,0,0,0,0,0,7,1,0,0,0,0,0,1
20,1,0,0,0,0,0,12,1,0,0,0,0,0,0
67,1,0,0,0,0,0,7,1,0,0,0,0,0,1
16,1,0,0,0,0,0,8,1,0,0,0,0,0,0
22,1,0,0,0,0,0,14,1,0,0,0,0,0,0
22,1,0,0,0,0,0,14,1,0,0,0,0,0,0
36,2,0,0,0,0,0,27,1,0,0,0,0,0,1
103,2,0,0,1,0,1,15,1,0,0,0,0,0,1
21,1,1,0,0,0,0,6,1,0,0,0,0,0,1
34,2,0,0,0,0,0,25,1,0,0,0,0,0,1
24,1,1,0,0,0,0,16,1,0,0,0,0,0,0
29,2,0,0,0,0,0,20,1,0,0,0,0,0,1
20,1,0,0,0,0,0,12,1,0,0,0,0,0,0
23,1,0,0,0,0,0,4,1,0,0,0,0,0,1
31,2,1,0,0,0,0,16,0,0,0,0,0,0,1
25,1,0,0,0,0,0,17,1,0,0,0,0,0,0
25,1,0,0,0,0,0,17,1,0,0,0,0,0,0
22,1,0,0,0,0,0,7,1,0,0,0,0,0,1
20,1,0,0,0,0,0,12,1,0,0,0,0,0,0
53,2,1,0,0,0,0,27,1,0,1,0,0,0,1
18,1,0,0,0,0,0,10,1,0,0,0,0,0,0
23,2,0,0,0,0,0,8,1,0,0,0,0,0,1
175,2,1,0,1,0,3,15,1,0,0,0,0,0,1
51,2,0,0,0,0,0,22,1,0,1,0,0,0,1
30,2,0,0,0,0,0,21,1,0,0,0,0,0,1
167,2,2,0,1,0,3,15,1,0,0,0,0,0,1
43,2,2,0,0,0,0,36,0,0,0,0,0,0,1
15,1,0,0,0,0,0,7,1,0,0,0,0,0,0
37,2,0,0,0,0,0,16,1,0,0,0,0,0,1
20,1,0,0,0,0,0,12,1,0,0,0,0,0,0
21,1,1,0,0,0,0,6,1,0,0,0,0,0,1
22,1,0,0,0,0,0,14,1,0,0,0,0,0,0
34,2,1,0,0,0,0,25,1,0,0,0,0,0,1
16,1,0,0,0,0,0,8,1,0,0,0,0,0,0
80,3,6,0,0,0,0,71,1,0,0,0,0,0,1
36,2,0,0,0,0,0,27,1,0,0,0,0,0,1
58,2,1,0,0,0,0,49,1,0,0,0,0,0,1
20,1,0,0,0,0,0,12,1,0,0,0,0,0,0
19,1,0,0,0,0,0,11,1,0,0,0,0,0,0
47,2,2,0,0,0,0,39,0,0,0,0,0,0,1
62,3,1,0,0,0,0,43,1,0,0,0,0,0,1
27,1,0,0,0,0,0,19,1,0,0,0,0,0,0
22,1,0,0,0,0,0,6,1,0,0,0,0,0,1
18,1,0,0,0,0,0,10,1,0,0,0,0,0,0
19,1,0,0,0,0,0,11,1,0,0,0,0,0,0
34,2,1,0,0,0,0,25,1,0,0,0,0,0,1
19,1,0,0,0,0,0,11,1,0,0,0,0,0,0
35,2,0,0,0,0,0,27,0,0,0,0,0,0,1
22,1,0,0,0,0,0,6,1,0,0,0,0,0,1
23,2,0,0,0,0,0,8,1,0,0,0,0,0,1
32,2,0,0,0,0,0,23,1,0,0,0,0,0,1
18,1,0,0,0,0,0,10,1,0,0,0,0,0,0
31,2,0,0,0,0,0,22,1,0,0,0,0,0,1
19,1,0,0,0,0,0,11,1,0,0,0,0,0,0
17,2,0,0,0,0,0,9,1,0,0,0,0,0,0
35,2,0,0,0,0,0,26,1,0,0,0,0,0,1
19,1,0,0,0,0,0,11,1,0,0,0,0,0,0
22,1,0,0,0,0,0,7,1,0,0,0,0,0,1
16,1,0,0,0,0,0,8,1,0,0,0,0,0,0
27,2,0,0,0,0,0,18,1,0,0,0,0,0,1
16,1,0,0,0,0,0,8,1,0,0,0,0,0,0
37,2,0,0,0,0,0,21,1,0,0,0,0,0,1
83,3,0,0,0,0,0,74,1,0,0,0,0,0,1
23,1,0,0,0,0,0,8,1,0,0,0,0,0,1
16,1,0,0,0,0,0,8,1,0,0,0,0,0,0
22,1,0,0,0,0,0,14,1,0,0,0,0,0,0
17,1,0,0,0,0,0,9,1,0,0,0,0,0,0
21,1,0,0,0,0,0,13,1,0,0,0,0,0,0
14,1,0,0,0,0,0,6,1,0,0,0,0,0,0
39,2,0,0,0,0,0,15,1,0,0,0,0,0,1
131,2,3,0,1,0,3,15,1,0,0,0,0,0,1
23,2,0,0,0,0,0,8,1,0,0,0,0,0,1
19,1,0,0,0,0,0,11,1,0,0,0,0,0,0
20,1,0,0,0,0,0,12,1,0,0,0,0,0,0
25,1,1,0,0,0,0,17,1,0,0,0,0,0,0
19,1,0,0,0,0,0,11,1,0,0,0,0,0,0
34,1,1,0,0,0,0,15,1,0,0,0,0,0,1
19,1,0,0,0,0,0,11,1,0,0,0,0,0,0
22,1,0,0,0,0,0,6,1,0,0,0,0,0,1
24,1,0,0,0,0,0,16,1,0,0,0,0,0,0
20,2,0,0,0,0,0,12,1,0,0,0,0,0,0
23,2,0,0,0,0,0,8,1,0,0,0,0,0,1
40,2,2,0,0,0,0,22,1,0,0,0,0,0,1
25,1,0,0,0,0,0,17,1,0,0,0,0,0,0
23,1,0,0,0,0,0,15,1,0,0,0,0,0,0
175,2,1,0,1,0,3,15,1,0,0,0,0,0,1
20,1,0,0,0,0,0,12,1,0,0,0,0,0,0
16,1,0,0,0,0,0,8,1,0,0,0,0,0,0
51,3,0,0,0,0,0,15,1,0,0,0,0,0,1
23,2,0,0,0,0,0,8,1,0,0,0,0,0,1
15,1,0,0,0,0,0,7,1,0,0,0,0,0,0
38,4,0,0,0,0,0,21,1,0,0,0,0,0,1
20,1,1,0,0,0,0,12,1,0,0,0,0,0,0
71,2,0,0,0,0,0,15,1,0,0,0,0,0,1
60,3,1,0,0,0,0,43,1,0,0,0,0,0,1
316,4,0,0,1,0,2,26,1,0,0,0,0,0,1
23,1,0,0,0,0,0,15,1,0,0,0,0,0,0
21,1,0,0,0,0,0,6,1,0,0,0,0,0,1
23,1,0,0,0,0,0,15,1,0,0,0,0,0,0
20,1,0,0,0,0,0,12,1,0,0,0,0,0,0
32,2,1,0,0,0,0,17,1,0,0,0,0,0,1
34,2,0,0,0,0,0,17,1,0,0,0,0,0,1
58,2,2,0,0,0,0,21,0,0,0,0,0,0,1
77,3,2,0,0,0,2,23,1,0,0,0,0,0,1
24,1,0,0,0,0,0,16,1,0,0,0,0,0,0
131,2,1,0,1,0,3,15,1,0,0,0,0,0,1
22,1,0,0,0,0,0,14,1,0,0,0,0,0,0
239,2,0,0,1,2,2,25,1,0,0,0,0,0,1
83,3,0,0,0,0,0,74,1,0,0,0,0,0,1
18,1,0,0,0,0,0,10,1,0,0,0,0,0,0
19,1,0,0,0,0,0,11,1,0,0,0,0,0,0
17,1,0,0,0,0,0,9,1,0,0,0,0,0,0
46,2,2,0,0,0,0,37,1,0,0,0,0,0,1
24,1,0,0,0,0,0,16,1,0,0,0,0,0,0
28,1,1,0,0,0,0,19,1,0,0,0,0,0,1
19,1,0,0,0,0,0,11,1,0,0,0,0,0,0
100,3,1,0,0,0,0,43,1,0,0,0,0,0,1
20,1,0,0,0,0,0,12,1,0,0,0,0,0,0
19,1,0,0,0,0,0,11,1,0,0,0,0,0,0
22,1,0,0,0,0,0,6,1,0,0,0,0,0,1
18,1,0,0,0,0,0,10,1,0,0,0,0,0,0
20,1,0,0,0,0,0,12,1,0,0,0,0,0,0
15,1,0,0,0,0,0,7,1,0,0,0,0,0,0
42,2,1,0,0,0,0,27,1,0,0,0,0,0,1
23,1,0,0,0,0,0,4,1,0,0,0,0,0,1
64,3,1,0,0,0,0,43,1,0,0,0,0,0,1
15,1,0,0,0,0,0,7,1,0,0,0,0,0,0
26,1,0,0,0,0,0,18,1,0,0,0,0,0,0
59,2,1,0,0,0,0,21,1,0,0,0,0,0,1
17,1,0,0,0,0,0,9,1,0,0,0,0,0,0
21,1,1,0,0,0,0,13,1,0,0,0,0,0,0
15,1,0,0,0,0,0,7,1,0,0,0,0,0,0
30,1,0,0,0,0,0,22,1,0,0,0,0,0,0
52,1,0,0,1,0,1,16,1,0,0,0,0,0,1
20,1,0,0,0,0,0,12,1,0,0,0,0,0,0
83,1,0,0,0,0,0,7,1,0,0,0,0,0,1
22,1,0,0,0,0,0,7,1,0,0,0,0,0,1
42,3,0,0,0,0,0,25,1,0,0,0,0,0,1
20,1,0,0,0,0,0,12,1,0,0,0,0,0,0
42,2,0,0,0,0,0,34,1,0,0,0,0,0,1
37,2,1,0,0,0,0,28,1,0,0,0,0,0,1
44,2,2,0,0,0,0,35,1,0,0,0,0,0,1
22,1,0,0,0,0,0,14,1,0,0,0,0,0,0
18,1,0,0,0,0,0,10,1,0,0,0,0,0,0
25,1,1,0,0,0,0,17,1,0,0,0,0,0,0
62,4,0,0,1,0,1,7,1,0,0,0,0,0,1
175,2,2,0,1,0,3,15,1,0,0,0,0,0,1
17,1,0,0,0,0,0,9,1,0,0,0,0,0,0
19,1,0,0,0,0,0,11,1,0,0,0,0,0,0
18,1,0,0,0,0,0,10,1,0,0,0,0,0,0
77,2,6,0,0,0,0,32,1,0,0,0,0,0,1
173,2,1,0,1,0,3,15,1,0,0,0,0,0,1
82,2,1,0,0,0,0,21,1,0,0,0,0,0,1
16,1,0,0,0,0,0,8,1,0,0,0,0,0,0
31,2,0,0,0,0,0,11,1,0,0,0,0,0,1
18,1,0,0,0,0,0,10,1,0,0,0,0,0,0
21,1,0,0,0,0,0,13,1,0,0,0,0,0,0
39,2,0,0,0,0,0,30,1,0,0,0,0,0,1
17,1,0,0,0,0,0,9,1,0,0,0,0,0,0
28,2,0,0,0,0,0,19,1,0,0,0,0,0,1
14,1,0,0,0,0,0,6,1,0,0,0,0,0,0
21,1,0,0,0,0,0,13,1,0,0,0,0,0,0
26,2,1,0,0,0,0,17,1,0,0,0,0,0,1
22,1,0,0,0,0,0,14,1,0,0,0,0,0,0
83,3,0,0,0,0,0,74,1,0,0,0,0,0,1
40,2,0,0,0,0,0,16,1,0,0,0,0,0,1
30,1,1,0,0,0,0,22,1,0,0,0,0,0,0
59,2,2,0,0,0,0,21,1,0,0,0,0,0,1
24,2,1,0,0,0,0,16,1,0,0,0,0,0,1
54,2,5,0,0,0,0,45,1,0,0,0,0,0,1
14,1,0,0,0,0,0,6,1,0,0,0,0,0,0
175,2,2,0,1,0,3,15,1,0,0,0,0,0,1
26,2,0,0,0,0,0,17,1,0,0,0,0,0,1
24,1,0,0,0,0,0,5,0,0,0,0,0,0,1
131,2,1,0,1,0,3,15,1,0,0,0,0,0,1
21,1,1,0,0,0,0,6,1,0,0,0,0,0,1
17,1,0,0,0,0,0,9,1,0,0,0,0,0,0
18,1,0,0,0,0,0,10,1,0,0,0,0,0,0
23,2,0,0,0,0,0,8,1,0,0,0,0,0,1
93,4,0,1,1,0,1,21,1,0,0,0,0,0,1
21,1,1,0,0,0,0,13,1,0,0,0,0,0,0
106,3,1,0,0,0,0,21,1,0,0,0,0,0,1
15,1,0,0,0,0,0,7,1,0,0,0,0,0,0
26,1,0,0,0,0,0,11,1,0,0,0,0,0,1
15,1,0,0,0,0,0,7,1,0,0,0,0,0,0
324,2,1,0,1,0,1,19,1,0,0,0,0,0,1
20,1,0,0,0,0,0,5,1,0,0,0,0,0,1
23,1,0,0,0,0,0,15,1,0,0,0,0,0,0
17,1,0,0,0,0,0,9,1,0,0,0,0,0,0
20,1,0,0,0,0,0,12,1,0,0,0,0,0,0
14,1,0,0,0,0,0,6,1,0,0,0,0,0,0
20,1,0,0,0,0,0,12,1,0,0,0,0,0,0
19,1,0,0,0,0,0,11,1,0,0,0,0,0,0
17,1,0,0,0,0,0,9,1,0,0,0,0,0,0
18,1,0,0,0,0,0,10,1,0,0,0,0,0,0
63,3,1,0,0,0,0,43,1,0,0,0,0,0,1
26,1,0,0,0,0,0,18,1,0,0,0,0,0,0
19,2,0,0,0,0,0,11,1,0,0,0,0,0,0
19,1,0,0,0,0,0,11,1,0,0,0,0,0,0
35,2,0,0,0,0,0,27,1,0,0,0,0,0,1
18,1,0,0,0,0,0,10,1,0,0,0,0,0,0
30,1,0,0,0,0,0,21,1,0,0,0,0,0,1
19,1,0,0,0,0,0,11,1,0,0,0,0,0,0
18,1,1,0,0,0,0,10,1,0,0,0,0,0,0
23,2,0,0,0,0,0,8,1,0,0,0,0,0,1
20,1,0,0,0,0,0,12,1,0,0,0,0,0,0
22,1,0,0,0,0,0,7,1,0,0,0,0,0,1
78,4,1,1,1,0,1,14,1,0,0,0,0,0,1
20,1,0,0,0,0,0,12,1,0,0,0,0,0,0
13,1,0,0,0,0,0,5,1,0,0,0,0,0,0
22,1,0,0,0,0,0,7,1,0,0,0,0,0,1
17,1,0,0,0,0,0,9,1,0,0,0,0,0,0
62,3,1,0,0,0,0,43,1,0,0,0,0,0,1
83,3,0,0,0,0,0,74,1,0,0,0,0,0,1
26,1,0,0,0,0,0,18,1,0,0,0,0,0,0
27,1,0,0,0,0,0,19,1,0,0,0,0,0,0
18,1,0,0,0,0,0,10,1,0,0,0,0,0,0
62,3,1,0,0,0,0,43,1,0,0,0,0,0,1
80,3,6,0,0,0,0,71,1,0,0,0,0,0,1
40,1,0,0,0,0,1,11,1,0,0,0,0,0,1
37,2,1,0,0,0,0,29,1,0,0,0,0,0,1
67,3,0,0,0,0,0,23,1,0,0,0,0,0,1
21,1,0,0,0,0,0,13,1,0,0,0,0,0,0
20,1,0,0,0,0,0,6,1,0,0,0,0,0,1
51,3,0,0,0,0,0,21,1,0,0,0,0,0,1
30,2,0,0,0,0,0,21,1,0,0,0,0,0,1
19,1,0,0,0,0,0,11,1,0,0,0,0,0,0
22,1,0,0,0,0,0,6,1,0,0,0,0,0,1
19,1,0,0,0,0,0,11,1,0,0,0,0,0,0
16,1,0,0,0,0,0,8,1,0,0,0,0,0,0
103,3,1,0,0,0,0,43,1,0,0,0,0,0,1
16,1,0,0,0,0,0,8,1,0,0,0,0,0,0
22,1,0,0,0,0,0,6,1,0,0,0,0,0,1
21,1,0,0,0,0,0,13,1,0,0,0,0,0,0
335,7,2,0,0,15,0,43,1,0,0,0,0,0,1
84,2,0,0,0,0,0,15,1,0,0,0,0,0,1
67,2,5,0,0,0,0,17,1,0,0,0,0,0,1
23,1,0,0,0,0,0,15,1,0,0,0,0,0,0
18,1,0,0,0,0,0,10,1,0,0,0,0,0,0
175,2,2,0,1,0,3,15,1,0,0,0,0,0,1
62,3,1,0,0,0,0,43,1,0,0,0,0,0,1
17,2,0,0,0,0,0,9,1,0,0,0,0,0,0
13,1,0,0,0,0,0,5,1,0,0,0,0,0,0
42,2,0,0,0,0,0,14,1,0,0,0,0,0,1
23,2,0,0,0,0,0,8,1,0,0,0,0,0,1
26,1,0,0,0,0,0,7,1,0,0,0,0,0,1
23,2,0,0,0,0,0,8,1,0,0,0,0,0,1
17,1,0,0,0,0,0,9,1,0,0,0,0,0,0
25,1,0,0,0,0,0,17,1,0,0,0,0,0,0
21,1,1,0,0,0,0,13,1,0,0,0,0,0,0
190,3,2,0,1,0,4,15,1,0,0,0,0,0,1
22,1,1,0,0,0,0,14,1,0,0,0,0,0,0
23,1,0,0,0,0,0,15,1,0,0,0,0,0,0
175,2,2,0,1,0,3,15,1,0,0,0,0,0,1
21,1,0,0,0,0,0,13,1,0,0,0,0,0,0
23,1,0,0,0,0,0,15,1,0,0,0,0,0,0
20,1,0,0,0,0,0,12,1,0,0,0,0,0,0
51,3,0,0,0,0,0,21,1,0,0,0,0,0,1
25,1,0,0,0,0,0,17,1,0,0,0,0,0,0
18,1,0,0,0,0,0,10,1,0,0,0,0,0,0
16,1,0,0,0,0,0,8,1,0,0,0,0,0,0
23,1,0,0,0,0,0,15,1,0,0,0,0,0,0
29,1,0,0,0,0,0,13,1,0,0,0,0,0,1
51,3,0,0,0,0,0,21,1,0,0,0,0,0,1
82,2,4,0,0,2,0,16,1,0,0,0,0,0,1
175,2,2,0,1,0,3,15,1,0,0,0,0,0,1
18,1,0,0,0,0,0,10,1,0,0,0,0,0,0
14,1,0,0,0,0,0,6,1,0,0,0,0,0,0
25,1,0,0,0,0,0,17,1,0,0,0,0,0,0
64,2,4,0,0,0,0,14,1,0,0,0,0,0,1
18,1,0,0,0,0,0,10,1,0,0,0,0,0,0
21,1,0,0,0,0,0,13,1,0,0,0,0,0,0
16,1,0,0,0,0,0,8,1,0,0,0,0,0,0
17,1,0,0,0,0,0,9,1,0,0,0,0,0,0
54,2,0,0,0,0,0,17,1,0,0,0,0,0,1
22,1,1,0,0,0,0,14,1,0,0,0,0,0,0
16,1,0,0,0,0,0,8,1,0,0,0,0,0,0
131,2,1,0,1,0,3,15,1,0,0,0,0,0,1
14,1,0,0,0,0,0,6,1,0,0,0,0,0,0
21,1,1,0,0,0,0,6,1,0,0,0,0,0,1
42,2,0,0,0,0,0,14,1,0,0,0,0,0,1
21,1,0,0,0,0,0,13,1,0,0,0,0,0,0
20,1,0,0,0,0,0,12,1,0,0,0,0,0,0
16,1,0,0,0,0,0,8,1,0,0,0,0,0,0
23,2,0,0,0,0,0,8,1,0,0,0,0,0,1
20,1,0,0,0,0,0,12,1,0,0,0,0,0,0
17,1,0,0,0,0,0,9,1,0,0,0,0,0,0
14,1,0,0,0,0,0,6,1,0,0,0,0,0,0
22,1,0,0,0,0,0,14,1,0,0,0,0,0,0
22,1,0,0,0,0,0,14,1,0,0,0,0,0,0
43,1,0,0,0,0,0,12,1,0,0,0,0,0,1
15,1,0,0,0,0,0,7,1,0,0,0,0,0,0
22,1,0,0,0,0,0,7,1,0,0,0,0,0,1
23,1,0,0,0,0,0,15,1,0,0,0,0,0,0
18,1,0,0,0,0,0,10,1,0,0,0,0,0,0
18,1,0,0,0,0,0,10,1,0,0,0,0,0,0
17,1,0,0,0,0,0,9,1,0,0,0,0,0,0
34,2,0,0,0,0,0,25,1,0,0,0,0,0,1
27,1,1,0,0,0,0,19,1,0,0,0,0,0,0
23,1,1,0,0,0,0,15,1,0,0,0,0,0,0
19,2,0,0,0,0,0,11,1,0,0,0,0,0,0
19,1,0,0,0,0,0,11,1,0,0,0,0,0,0
42,1,0,0,0,0,0,11,1,0,0,0,0,0,1
20,1,0,0,0,0,0,12,1,0,0,0,0,0,0
15,1,0,0,0,0,0,7,1,0,0,0,0,0,0
175,2,3,0,1,0,3,15,1,0,0,0,0,0,1
47,2,1,0,0,0,0,12,1,0,0,0,0,0,1
23,2,0,0,0,0,0,8,1,0,0,0,0,0,1
175,2,2,0,1,0,3,15,1,0,0,0,0,0,1
49,2,0,0,0,0,0,40,1,0,0,0,0,0,1
14,1,0,0,0,0,0,6,1,0,0,0,0,0,0
31,2,0,0,0,0,0,22,1,0,0,0,0,0,1
167,2,2,0,1,0,3,15,1,0,0,0,0,0,1
13,1,0,0,0,0,0,5,1,0,0,0,0,0,0
21,1,0,0,0,0,0,13,1,0,0,0,0,0,0
21,1,1,0,0,0,0,6,1,0,0,0,0,0,1
26,1,0,0,0,0,0,18,1,0,0,0,0,0,0
24,1,1,0,0,0,0,16,1,0,0,0,0,0,0
23,2,0,0,0,0,0,8,1,0,0,0,0,0,1
14,1,0,0,0,0,0,6,1,0,0,0,0,0,0
17,1,0,0,0,0,0,9,1,0,0,0,0,0,0
22,1,0,0,0,0,0,7,1,0,0,0,0,0,1
21,1,1,0,0,0,0,6,1,0,0,0,0,0,1
19,1,0,0,0,0,0,11,1,0,0,0,0,0,0
20,1,0,0,0,0,0,12,1,0,0,0,0,0,0
22,1,0,0,0,0,0,14,1,0,0,0,0,0,0
21,2,0,0,0,0,0,13,1,0,0,0,0,0,0
54,3,1,0,1,0,1,22,0,0,0,0,0,0,1
23,2,0,0,0,0,0,8,1,0,0,0,0,0,1
23,2,0,0,0,0,0,8,1,0,0,0,0,0,1
19,1,0,0,0,0,0,11,1,0,0,0,0,0,0
31,2,0,0,0,0,0,22,1,0,0,0,0,0,1
24,1,0,0,0,0,0,16,1,0,0,0,0,0,0
21,1,1,0,0,0,0,6,1,0,0,0,0,0,1
22,1,0,0,0,0,0,14,1,0,0,0,0,0,0
82,2,4,0,1,0,0,28,1,0,0,0,0,0,1
20,1,0,0,0,0,0,6,1,0,0,0,0,0,1
22,1,0,0,0,0,0,14,1,0,0,0,0,0,0
47,2,0,0,0,0,0,38,1,0,0,0,0,0,1
18,1,0,0,0,0,0,10,1,0,0,0,0,0,0
20,1,0,0,0,0,0,12,1,0,0,0,0,0,0
16,1,0,0,0,0,0,8,1,0,0,0,0,0,0
17,2,0,0,0,0,0,9,1,0,0,0,0,0,0
17,1,0,0,0,0,0,9,1,0,0,0,0,0,0
23,2,0,0,0,0,0,8,1,0,0,0,0,0,1
23,2,0,0,0,0,0,8,1,0,0,0,0,0,1
181,3,2,0,1,1,4,15,1,0,0,0,0,0,1
26,1,0,0,0,0,0,18,1,0,0,0,0,0,0
22,1,0,0,0,0,0,6,1,0,0,0,0,0,1
28,2,0,0,0,0,0,19,1,0,0,0,0,0,1
32,2,1,0,0,0,0,23,1,0,0,0,0,0,1
16,1,1,0,0,0,0,8,1,0,0,0,0,0,0
18,1,0,0,0,0,0,10,1,0,0,0,0,0,0
36,2,0,0,0,0,0,27,1,0,0,0,0,0,1
31,2,0,0,0,0,0,22,1,0,0,0,0,0,1
62,3,1,0,0,0,0,43,1,0,0,0,0,0,1
30,1,0,0,0,0,0,22,1,0,0,0,0,0,0
19,1,0,0,0,0,0,11,1,0,0,0,0,0,0
62,3,1,0,0,0,0,43,1,0,0,0,0,0,1
23,2,0,0,0,0,0,8,1,0,0,0,0,0,1
59,2,1,0,0,0,0,21,1,0,0,0,0,0,1
19,1,0,0,0,0,0,11,1,0,0,0,0,0,0
23,1,0,0,0,0,0,15,1,0,0,0,0,0,0
167,2,2,0,1,0,3,15,1,0,0,0,0,0,1
48,2,0,0,0,0,0,31,1,0,0,0,0,0,1
32,1,2,0,0,0,0,18,1,0,0,0,0,0,1
17,1,0,0,0,0,0,9,1,0,0,0,0,0,0
27,1,0,0,0,0,0,19,1,0,0,0,0,0,0
35,2,0,0,0,0,0,26,1,0,0,0,0,0,1
31,2,0,0,0,0,0,22,1,0,0,0,0,0,1
24,1,1,0,0,0,0,16,1,0,0,0,0,0,0
18,1,0,0,0,0,0,10,1,0,0,0,0,0,0
23,1,0,0,0,0,0,15,1,0,0,0,0,0,0
62,3,1,0,0,0,0,43,1,0,0,0,0,0,1
31,2,0,0,0,0,0,22,1,0,0,0,0,0,1
38,2,1,0,0,0,0,29,1,0,0,1,0,0,1
27,2,0,0,0,0,0,18,1,0,0,0,0,0,1
24,2,0,0,0,0,0,16,1,0,0,0,0,0,0
19,1,0,0,0,0,0,11,1,0,0,0,0,0,0
18,1,0,0,0,0,0,10,1,0,0,0,0,0,0
23,2,0,0,0,0,0,8,1,0,0,0,0,0,1
38,1,0,0,1,0,0,18,1,0,0,0,0,0,1
175,2,1,0,1,0,3,15,1,0,0,0,0,0,1
22,1,0,0,0,0,0,14,1,0,0,0,0,0,0
47,2,0,0,0,0,0,16,1,0,0,0,0,0,1
26,1,0,0,0,0,0,7,1,0,0,0,0,0,1
23,1,0,0,0,0,0,15,1,0,0,0,0,0,0
22,1,0,0,0,0,0,7,1,0,0,0,0,0,1
94,2,1,0,0,0,0,21,1,0,0,0,0,0,1
18,1,0,0,0,0,0,10,1,0,0,0,0,0,0
18,1,0,0,0,0,0,10,1,0,0,0,0,0,0
15,1,0,0,0,0,0,7,1,0,0,0,0,0,0
175,2,6,0,1,0,3,15,1,0,0,0,0,0,1
21,1,1,0,0,0,0,6,1,0,0,0,0,0,1
20,1,0,0,0,0,0,12,1,0,0,0,0,0,0
19,1,0,0,0,0,0,11,1,0,0,0,0,0,0
19,1,0,0,0,0,0,11,1,0,0,0,0,0,0
23,2,0,0,0,0,0,8,1,0,0,0,0,0,1
236,2,0,0,1,1,2,24,1,0,0,0,0,0,1
28,2,0,0,0,0,0,20,1,0,0,0,0,0,0
25,1,0,0,0,0,0,17,1,0,0,0,0,0,0
19,1,0,0,0,0,0,11,1,0,0,0,0,0,0
22,1,0,0,0,0,0,14,1,0,0,0,0,0,0
27,2,0,0,0,0,0,18,1,0,0,0,0,0,1
14,1,0,0,0,0,0,6,1,0,0,0,0,0,0
24,1,0,0,0,0,0,16,1,0,0,0,0,0,0
40,2,0,0,0,0,0,32,1,0,0,0,0,0,1
22,1,0,0,0,0,0,7,1,0,0,0,0,0,1
56,3,0,0,0,0,0,20,1,0,0,0,0,0,1
37,2,1,0,0,0,0,29,1,0,0,0,0,0,1
20,1,0,0,0,0,0,12,1,0,0,0,0,0,0
283,13,1,0,3,0,6,12,0,1,1,0,0,0,1
21,1,0,0,0,0,0,13,1,0,0,0,0,0,0
35,1,0,0,1,0,1,7,1,0,0,0,0,0,1
51,2,0,0,0,0,0,16,1,0,0,0,0,0,1
25,1,0,0,0,0,0,17,1,0,0,0,0,0,0
18,1,0,0,0,0,0,10,1,0,0,0,0,0,0
23,1,0,0,0,0,0,15,1,0,0,0,0,0,0
18,1,0,0,0,0,0,10,1,0,0,0,0,0,0
66,3,0,0,1,0,2,33,1,0,0,0,0,0,1
24,2,0,0,0,0,0,15,1,0,0,0,0,0,1
19,1,0,0,0,0,0,11,1,0,0,0,0,0,0
18,1,0,0,0,0,0,10,1,0,0,0,0,0,0
19,1,0,0,0,0,0,11,1,0,0,0,0,0,0
22,1,0,0,0,0,0,7,1,0,0,0,0,0,1
22,1,0,0,0,0,0,7,1,0,0,0,0,0,1
62,3,1,0,0,0,0,43,1,0,0,0,0,0,1
18,1,0,0,0,0,0,10,1,0,0,0,0,0,0
175,2,3,0,1,0,3,15,1,0,0,0,0,0,1
21,1,0,0,0,0,0,13,1,0,0,0,0,0,0
34,2,1,0,0,0,0,26,1,0,0,0,0,0,1
83,3,0,0,0,0,0,74,1,0,0,0,0,0,1
23,2,0,0,0,0,0,8,1,0,0,0,0,0,1
20,1,0,0,0,0,0,12,1,0,0,0,0,0,0
107,3,1,0,1,0,2,15,1,0,0,0,0,0,1
22,1,0,0,0,0,0,7,1,0,0,0,0,0,1
15,1,0,0,0,0,0,7,1,0,0,0,0,0,0
17,1,0,0,0,0,0,9,1,0,0,0,0,0,0
38,2,0,0,0,0,0,29,1,0,0,0,0,0,1
22,1,0,0,0,0,0,14,1,0,0,0,0,0,0
19,1,0,0,0,0,0,11,1,0,0,0,0,0,0
21,1,0,0,0,0,0,13,1,0,0,0,0,0,0
16,1,0,0,0,0,0,8,1,0,0,0,0,0,0
23,2,0,0,0,0,0,8,1,0,0,0,0,0,1
33,2,2,0,0,0,0,25,1,0,0,0,0,0,1
175,2,1,0,1,0,3,15,1,0,0,0,0,0,1
23,2,0,0,0,0,0,8,1,0,0,0,0,0,1
37,2,2,0,0,0,0,28,1,0,0,0,0,0,1
17,1,0,0,0,0,0,9,1,0,0,0,0,0,0
16,1,0,0,0,0,0,8,1,0,0,0,0,0,0
44,2,0,0,0,0,0,28,1,0,0,0,0,0,1
21,2,0,0,0,0,0,13,1,0,0,0,0,0,0
22,1,0,0,0,0,0,14,1,0,0,0,0,0,0
19,1,0,0,0,0,0,11,1,0,0,0,0,0,0
25,2,1,0,0,0,0,16,1,0,0,0,0,0,1
20,1,0,0,0,0,0,12,1,0,0,0,0,0,0
26,2,0,0,0,0,0,17,1,0,0,0,0,0,1
41,2,0,0,0,0,0,18,1,0,0,0,0,0,1
60,3,1,0,0,0,0,28,1,0,0,0,0,0,1
22,1,0,0,0,0,0,6,1,0,0,0,0,0,1
175,2,1,0,1,0,3,15,1,0,0,0,0,0,1
21,1,0,0,0,0,0,13,1,0,0,0,0,0,0
24,1,0,0,0,0,0,16,1,0,0,0,0,0,0
61,3,0,0,0,0,0,16,1,0,1,0,0,0,1
47,2,0,0,0,0,0,16,1,0,0,0,0,0,1
20,1,0,0,0,0,0,6,1,0,0,0,0,0,1
20,1,0,0,0,0,0,6,1,0,0,0,0,0,1
22,1,0,0,0,0,0,14,1,0,0,0,0,0,0
17,1,0,0,0,0,0,9,1,0,0,0,0,0,0
17,1,0,0,0,0,0,9,1,0,0,0,0,0,0
23,1,0,0,0,0,0,8,1,0,0,0,0,0,1
20,1,0,0,0,0,0,12,1,0,0,0,0,0,0
21,1,1,0,0,0,0,13,1,0,0,0,0,0,0
23,2,0,0,0,0,0,8,1,0,0,0,0,0,1
178,3,1,0,1,0,4,15,1,0,0,0,0,0,1
15,1,0,0,0,0,0,7,1,0,0,0,0,0,0
18,1,0,0,0,0,0,10,1,0,0,0,0,0,0
20,1,0,0,0,0,0,12,1,0,0,0,0,0,0
18,1,0,0,0,0,0,10,1,0,0,0,0,0,0
20,1,0,0,0,0,0,12,1,0,0,0,0,0,0
21,1,1,0,0,0,0,6,1,0,0,0,0,0,1
43,2,1,0,0,0,0,34,1,0,0,0,0,0,1
16,1,0,0,0,0,0,8,1,0,0,0,0,0,0
14,1,0,0,0,0,0,6,1,0,0,0,0,0,0
36,2,0,0,0,0,0,27,1,0,0,0,0,0,1
21,1,1,0,0,0,0,6,1,0,0,0,0,0,1
175,2,2,0,1,0,3,15,1,0,0,0,0,0,1
40,2,0,0,0,0,0,16,1,0,0,0,0,0,1
19,1,0,0,0,0,0,11,1,0,0,0,0,0,0
18,1,0,0,0,0,0,10,1,0,0,0,0,0,0
26,1,0,0,0,0,0,18,1,0,0,0,0,0,0
54,2,0,0,0,0,0,17,1,0,0,0,0,0,1
20,1,0,0,0,0,0,12,1,0,0,0,0,0,0
20,2,0,0,0,0,0,12,1,0,0,0,0,0,0
175,2,2,0,1,0,3,15,1,0,0,0,0,0,1
24,1,0,0,0,0,0,16,1,0,0,0,0,0,0
27,1,0,0,0,0,0,19,1,0,0,0,0,0,0
23,1,0,0,0,0,0,15,1,0,0,0,0,0,0
23,2,0,0,0,0,0,14,1,0,0,0,0,0,1
22,1,0,0,0,0,0,6,1,0,0,0,0,0,1
49,4,0,0,0,0,0,14,1,0,0,0,0,0,1
29,2,0,0,0,0,0,20,1,0,0,0,0,0,1
22,1,0,0,0,0,0,6,1,0,0,0,0,0,1
19,2,0,0,0,0,0,11,1,0,0,0,0,0,0
22,1,0,0,0,0,0,7,1,0,0,0,0,0,1
44,2,2,0,0,0,0,35,1,0,0,0,0,0,1
22,1,0,0,0,0,0,7,1,0,0,0,0,0,1
16,1,0,0,0,0,0,8,1,0,0,0,0,0,0
39,1,0,0,0,0,0,13,1,0,0,0,0,0,1
24,1,0,0,0,0,0,16,1,0,0,0,0,0,0
22,1,0,0,0,0,0,6,1,0,0,0,0,0,1
19,1,0,0,0,0,0,11,1,0,0,0,0,0,0
24,1,0,0,0,0,0,16,1,0,0,0,0,0,0
21,1,1,0,0,0,0,6,1,0,0,0,0,0,1
21,1,1,0,0,0,0,6,1,0,0,0,0,0,1
17,1,0,0,0,0,0,9,1,0,0,0,0,0,0
18,2,0,0,0,0,0,10,1,0,0,0,0,0,0
175,2,2,0,1,0,3,15,1,0,0,0,0,0,1
25,1,1,0,0,0,0,17,1,0,0,0,0,0,0
17,1,0,0,0,0,0,9,1,0,0,0,0,0,0
25,1,1,0,0,0,0,17,1,0,0,0,0,0,0
21,1,0,0,0,0,0,13,1,0,0,0,0,0,0
22,1,0,0,0,0,0,6,1,0,0,0,0,0,1
24,1,0,0,0,0,0,16,1,0,0,0,0,0,0
16,1,0,0,0,0,0,8,1,0,0,0,0,0,0
37,2,0,0,0,0,0,28,1,0,0,0,0,0,1
124,3,0,0,1,0,1,15,1,0,0,0,0,0,1
19,1,0,0,0,0,0,11,1,0,0,0,0,0,0
21,1,1,0,0,0,0,6,1,0,0,0,0,0,1
23,2,0,0,0,0,0,8,1,0,0,0,0,0,1
22,1,0,0,0,0,0,14,1,0,0,0,0,0,0
16,1,0,0,0,0,0,8,1,0,0,0,0,0,0
15,1,0,0,0,0,0,7,1,0,0,0,0,0,0
20,1,1,0,0,0,0,12,1,0,0,0,0,0,0
19,1,0,0,0,0,0,11,1,0,0,0,0,0,0
23,2,0,0,0,0,0,8,1,0,0,0,0,0,1
20,1,0,0,0,0,0,12,1,0,0,0,0,0,0
19,1,0,0,0,0,0,11,1,0,0,0,0,0,0
21,1,1,0,0,0,0,6,1,0,0,0,0,0,1
15,1,0,0,0,0,0,7,1,0,0,0,0,0,0
16,1,0,0,0,0,0,8,1,0,0,0,0,0,0
21,1,1,0,0,0,0,6,1,0,0,0,0,0,1
40,2,1,0,0,0,0,31,1,0,0,0,0,0,1
20,1,1,0,0,0,0,12,1,0,0,0,0,0,0
147,2,2,0,1,1,2,29,1,0,0,0,0,0,1
21,1,1,0,0,0,0,6,1,0,0,0,0,0,1
40,2,2,0,0,0,0,31,1,0,0,0,0,0,1
18,1,0,0,0,0,0,10,1,0,0,0,0,0,0
22,1,0,0,0,0,0,14,1,0,0,0,0,0,0
60,3,1,0,0,0,0,43,1,0,0,0,0,0,1
16,1,0,0,0,0,0,8,1,0,0,0,0,0,0
22,1,0,0,0,0,0,14,1,0,0,0,0,0,0
27,1,2,0,0,0,0,19,1,0,0,0,0,0,0
23,1,0,0,0,0,0,15,1,0,0,0,0,0,0
19,1,0,0,0,0,0,11,1,0,0,0,0,0,0
30,1,0,0,0,0,0,22,1,0,0,0,0,0,0
25,1,0,0,0,0,0,17,1,0,0,0,0,0,0
29,2,0,0,0,0,0,21,1,0,0,0,0,0,1
20,1,0,0,0,0,0,12,1,0,0,0,0,0,0
23,2,0,0,0,0,0,8,1,0,0,0,0,0,1
25,1,0,0,0,0,0,14,1,0,0,0,0,0,1
35,2,2,0,0,0,0,26,1,0,0,0,0,0,1
16,1,0,0,0,0,0,8,1,0,0,0,0,0,0
21,1,0,0,0,0,0,13,1,0,0,0,0,0,0
21,1,1,0,0,0,0,6,1,0,0,0,0,0,1
36,2,2,0,0,0,0,27,1,0,0,0,0,0,1
88,2,1,0,1,0,3,24,1,0,0,0,0,0,1
18,1,0,0,0,0,0,10,1,0,0,0,0,0,0
22,1,0,0,0,0,0,14,1,0,0,0,0,0,0
19,1,0,0,0,0,0,11,1,0,0,0,0,0,0
84,2,0,0,0,0,0,15,1,0,0,0,0,0,1
22,1,0,0,0,0,0,14,1,0,0,0,0,0,0
18,1,0,0,0,0,0,10,1,0,0,0,0,0,0
40,2,1,0,0,0,0,31,1,0,0,0,0,0,1
28,2,1,0,0,0,0,19,1,0,0,0,0,0,1
175,2,3,0,1,0,3,15,1,0,0,0,0,0,1
28,2,0,0,0,0,0,19,1,0,0,0,0,0,1
32,1,0,0,0,0,0,24,1,0,0,0,0,0,0
25,1,1,0,0,0,0,17,1,0,0,0,0,0,0
39,2,0,0,0,0,0,30,1,0,0,0,0,0,1
28,2,0,0,0,0,0,19,1,0,0,0,0,0,1
20,1,0,0,0,0,0,5,1,0,0,0,0,0,1
27,1,0,0,0,0,0,12,1,0,0,0,0,0,1
21,1,0,0,0,0,0,13,1,0,0,0,0,0,0
18,1,0,0,0,0,0,10,1,0,0,0,0,0,0
21,1,0,0,0,0,0,13,1,0,0,0,0,0,0
25,2,0,0,0,0,0,17,1,0,0,0,0,0,0
21,1,1,0,0,0,0,6,1,0,0,0,0,0,1
38,2,2,0,0,0,0,29,1,0,0,0,0,0,1
93,2,5,0,0,0,0,31,1,0,0,0,0,0,1
28,2,0,0,0,0,0,20,1,0,0,0,0,0,1
17,1,0,0,0,0,0,9,1,0,0,0,0,0,0
55,2,1,0,0,0,0,16,1,0,0,0,0,0,1
23,2,0,0,0,0,0,8,1,0,0,0,0,0,1
20,1,0,0,0,0,0,12,1,0,0,1,0,0,0
43,2,0,0,0,0,0,34,1,0,0,0,0,0,1
43,2,0,0,0,0,0,16,1,0,0,0,0,0,1
31,2,0,0,0,0,0,22,1,0,0,0,0,0,1
18,1,0,0,0,0,0,10,1,0,0,0,0,0,0
60,3,1,0,0,0,0,12,1,0,0,0,0,0,1
190,3,2,0,1,0,4,15,1,0,0,0,0,0,1
15,1,0,0,0,0,0,7,1,0,0,0,0,0,0
234,2,0,0,1,2,2,26,1,0,0,0,0,0,1
41,2,0,0,0,0,0,32,1,0,0,0,0,0,1
175,2,2,0,1,0,3,15,1,0,0,0,0,0,1
17,1,0,0,0,0,0,9,1,0,0,0,0,0,0
73,5,1,0,0,0,0,35,1,0,1,0,0,0,1
175,2,1,0,1,0,3,15,1,0,0,0,0,0,1
21,1,1,0,0,0,0,13,1,0,0,0,0,0,0
40,2,0,0,0,0,0,31,1,0,0,0,0,0,1
19,1,0,0,0,0,0,11,1,0,0,0,0,0,0
22,1,0,0,0,0,0,14,1,0,0,0,0,0,0
42,3,0,0,0,0,0,20,1,0,0,0,0,0,1
19,1,0,0,0,0,0,11,1,0,0,0,0,0,0
17,1,0,0,0,0,0,9,1,0,0,0,0,0,0
44,2,0,0,0,0,0,37,0,0,0,0,0,0,1
27,1,0,0,1,0,1,7,1,0,0,0,0,0,1
25,1,1,0,0,0,0,17,1,0,0,0,0,0,0
18,1,0,0,0,0,0,10,1,0,0,0,0,0,0
30,2,0,0,0,0,0,21,1,0,0,0,0,0,1
35,1,0,0,0,0,0,9,1,0,0,0,0,0,1
21,2,0,0,0,0,0,13,1,0,0,0,0,0,0
19,1,1,0,0,0,0,11,1,0,0,0,0,0,0
41,2,0,0,0,0,0,25,1,0,0,0,0,0,1
26,1,1,0,0,0,0,19,0,0,0,0,0,0,1
42,2,0,0,0,0,0,16,1,0,0,0,0,0,1
43,2,0,0,0,0,0,16,1,0,0,0,0,0,1
18,1,0,0,0,0,0,10,1,0,0,0,0,0,0
40,2,0,0,0,0,0,16,1,0,0,0,0,0,1
118,3,2,0,1,0,2,15,1,0,0,0,0,0,1
28,1,1,0,0,0,0,20,1,0,0,0,0,0,0
17,1,0,0,0,0,0,9,1,0,0,0,0,0,0
90,3,1,0,0,0,0,43,1,0,0,0,0,0,1
24,1,0,0,0,0,0,16,1,0,0,0,0,0,0
17,1,0,0,0,0,0,9,1,0,0,0,0,0,0
30,2,0,0,0,0,0,21,1,0,0,0,0,0,1
190,3,1,0,1,0,4,15,1,0,0,0,0,0,1
16,1,0,0,0,0,0,8,1,0,0,0,0,0,0
22,1,0,0,0,0,0,14,1,0,0,0,0,0,1
38,2,0,0,0,0,0,29,1,0,0,0,0,0,1
28,2,0,0,0,0,0,20,1,0,0,0,0,0,0
23,2,0,0,0,0,0,8,1,0,0,0,0,0,1
21,1,0,0,0,0,0,13,1,0,0,0,0,0,0
175,2,2,0,1,0,3,15,1,0,0,0,0,0,1
26,1,0,0,0,0,0,14,1,0,0,0,0,0,1
20,1,0,0,0,0,0,12,1,0,0,0,0,0,0
16,1,0,0,0,0,0,8,1,0,0,0,0,0,0
18,1,0,0,0,0,0,10,1,0,0,0,0,0,0
17,1,0,0,0,0,0,9,1,0,0,0,0,0,0
17,1,0,0,0,0,0,9,1,0,0,0,0,0,0
16,1,0,0,0,0,0,8,1,0,0,0,0,0,0
22,1,0,0,0,0,0,14,1,0,0,0,0,0,0
31,2,0,0,0,0,0,22,1,0,0,0,0,0,1
49,2,0,0,0,0,0,10,1,0,0,0,0,0,1
21,1,1,0,0,0,0,6,1,0,0,0,0,0,1
34,1,1,0,0,0,0,25,1,0,0,0,0,0,1
30,2,0,0,0,0,0,21,1,0,0,0,0,0,1
94,3,1,0,0,0,0,43,1,0,0,0,0,0,1
20,1,0,0,0,0,0,12,1,0,0,0,0,0,0
15,1,0,0,0,0,0,7,1,0,0,0,0,0,0
46,2,3,0,0,0,0,37,1,0,0,0,0,0,1
25,1,0,0,0,0,0,17,1,0,0,0,0,0,0
24,1,0,0,0,0,0,16,1,0,0,0,0,0,0
31,2,0,0,0,0,0,13,1,0,0,0,0,0,1
14,1,0,0,0,0,0,6,1,0,0,0,0,0,0
22,1,0,0,0,0,0,6,1,0,0,0,0,0,1
21,1,0,0,0,0,0,13,1,0,0,0,0,0,0
21,1,1,0,0,0,0,6,1,0,0,0,0,0,1
21,1,1,0,0,0,0,6,1,0,0,0,0,0,1
21,1,0,0,0,0,0,13,1,0,0,0,0,0,0
13,1,0,0,0,0,0,5,1,0,0,0,0,0,0
43,2,2,0,0,0,0,34,1,0,0,0,0,0,1
21,1,1,0,0,0,0,13,1,0,0,0,0,0,0
41,2,1,0,0,0,0,22,1,0,0,0,0,0,1
15,1,0,0,0,0,0,7,1,0,0,0,0,0,0
64,1,2,0,1,0,2,12,1,0,0,0,0,0,1
18,1,0,0,0,0,0,10,1,0,0,0,0,0,0
21,1,1,0,0,0,0,13,1,0,0,0,0,0,0
20,1,0,0,0,0,0,12,1,0,0,0,0,0,0
17,1,0,0,0,0,0,9,1,0,0,0,0,0,0
29,1,1,0,0,0,0,6,0,0,0,0,0,0,1
17,1,0,0,0,0,0,9,1,0,0,0,0,0,0
29,1,1,0,0,0,0,21,1,0,0,0,0,0,0
23,1,0,0,0,0,0,15,1,0,0,0,0,0,0
42,2,0,0,0,0,0,14,1,0,0,0,0,0,1
19,1,0,0,0,0,0,11,1,0,0,0,0,0,0
27,1,0,0,0,0,0,19,1,0,0,0,0,0,0
175,2,1,0,1,0,3,15,1,0,0,0,0,0,1
18,1,0,0,0,0,0,10,1,0,0,0,0,0,0
28,2,0,0,0,0,0,19,1,0,0,0,0,0,1
21,1,1,0,0,0,0,13,1,0,0,0,0,0,0
16,1,0,0,0,0,0,8,1,0,0,0,0,0,0
22,1,0,0,0,0,0,7,1,0,0,0,0,0,1
19,1,0,0,0,0,0,11,1,0,0,0,0,0,0
21,1,0,0,0,0,0,13,1,0,0,0,0,0,0
31,1,0,0,0,0,0,23,1,0,0,0,0,0,0
21,1,0,0,0,0,0,13,1,0,0,0,0,0,0
20,1,0,0,0,0,0,12,1,0,0,0,0,0,0
18,2,0,0,0,0,0,10,1,0,0,0,0,0,0
40,2,0,0,0,0,0,31,1,0,0,0,0,0,1
20,1,0,0,0,0,0,12,1,0,0,0,0,0,0
175,2,1,0,1,0,3,15,1,0,0,0,0,0,1
20,1,0,0,0,0,0,12,1,0,0,0,0,0,0
22,1,0,0,0,0,0,6,1,0,0,0,0,0,1
22,1,0,0,0,0,0,7,1,0,0,0,0,0,1
21,1,0,0,0,0,0,9,1,0,0,0,0,0,1
20,1,0,0,0,0,0,12,1,0,0,0,0,0,0
20,1,0,0,0,0,0,12,1,0,0,0,0,0,0
21,1,1,0,0,0,0,6,1,0,0,0,0,0,1
18,1,0,0,0,0,0,10,1,0,0,0,0,0,0
178,3,1,0,1,0,4,15,1,0,0,0,0,0,1
31,2,0,0,0,0,0,22,1,0,0,0,0,0,1
32,2,0,0,0,0,0,24,0,0,1,0,0,0,1
23,2,0,0,0,0,0,8,1,0,0,0,0,0,1
81,3,0,0,1,0,2,30,1,0,0,0,0,0,1
20,1,0,0,0,0,0,12,1,0,0,0,0,0,0
23,1,0,0,0,0,0,15,1,0,0,0,0,0,0
36,2,0,0,0,0,0,27,1,0,0,0,0,0,1
41,2,0,0,0,0,0,13,1,0,0,0,0,0,1
22,1,0,0,0,0,0,6,1,0,0,0,0,0,1
23,2,0,0,0,0,0,8,1,0,0,0,0,0,1
83,3,0,0,0,0,0,74,1,0,0,0,0,0,1
18,1,0,0,0,0,0,10,1,0,0,0,0,0,0
46,2,0,0,0,0,0,15,1,0,0,0,0,0,1
28,1,0,0,0,0,0,17,1,0,0,0,0,0,1
24,2,0,0,0,0,0,16,1,0,0,0,0,0,0
16,1,0,0,0,0,0,8,1,0,0,0,0,0,0
46,3,1,0,1,0,1,7,1,0,0,0,0,0,1
21,1,1,0,0,0,0,13,1,0,0,0,0,0,0
17,1,0,0,0,0,0,9,1,0,0,0,0,0,0
38,2,2,0,0,0,0,29,1,0,0,0,0,0,1
15,1,0,0,0,0,0,7,1,0,0,0,0,0,0
21,1,1,0,0,0,0,6,1,0,0,0,0,0,1
21,2,0,0,0,0,0,13,1,0,0,0,0,0,0
75,2,1,0,1,0,2,24,1,0,0,0,0,0,1
19,1,0,0,0,0,0,11,1,0,0,0,0,0,0
35,1,0,0,0,0,0,20,0,0,0,0,0,0,1
84,2,0,0,0,0,0,15,1,0,0,0,0,0,1
33,2,0,0,0,0,0,24,1,0,0,0,0,0,1
28,1,1,0,0,0,0,20,1,0,0,0,0,0,0
35,2,0,0,0,0,0,27,1,0,0,0,0,0,1
17,1,0,0,0,0,0,9,1,0,0,0,0,0,0
23,2,0,0,0,0,0,8,1,0,0,0,0,0,1
16,1,0,0,0,0,0,8,1,0,0,0,0,0,0
175,2,2,0,1,0,3,15,1,0,0,0,0,0,1
175,2,2,0,1,0,3,15,1,0,0,0,0,0,1
23,1,0,0,0,0,0,15,1,0,0,0,0,0,0
22,1,0,0,0,0,0,7,1,0,0,0,0,0,1
15,1,0,0,0,0,0,7,1,0,0,0,0,0,0
21,1,1,0,0,0,0,6,1,0,0,0,0,0,1
30,2,1,0,0,0,0,21,1,0,0,0,0,0,1
19,1,0,0,0,0,0,11,1,0,0,0,0,0,0
190,3,4,0,1,0,4,15,1,0,0,0,0,0,1
80,3,0,0,1,0,0,16,1,0,0,0,0,0,1
21,1,0,0,0,0,0,13,1,0,0,0,0,0,0
20,1,1,0,0,0,0,12,1,0,0,0,0,0,0
38,2,2,0,0,0,0,29,1,0,0,0,0,0,1
21,1,0,0,0,0,0,13,1,0,0,0,0,0,0
16,1,0,0,0,0,0,8,1,0,0,0,0,0,0
22,1,0,0,0,0,0,14,1,0,0,0,0,0,0
27,1,0,0,0,0,0,19,1,0,0,0,0,0,0
17,1,0,0,0,0,0,9,1,0,0,0,0,0,0
19,1,0,0,0,0,0,11,1,0,0,0,0,0,0
23,1,1,0,0,0,0,15,1,0,0,0,0,0,0
22,1,0,0,0,0,0,6,1,0,0,0,0,0,1
16,1,0,0,0,0,0,8,1,0,0,0,0,0,0
20,1,0,0,0,0,0,12,1,0,0,0,0,0,0
17,1,0,0,0,0,0,9,1,0,0,0,0,0,0
17,1,0,0,0,0,0,9,1,0,0,0,0,0,0
26,1,1,0,0,0,0,11,1,0,0,0,0,0,1
167,2,4,0,1,0,3,15,1,0,0,0,0,0,1
23,2,0,0,0,0,0,8,1,0,0,0,0,0,1
25,2,0,0,0,0,0,17,1,0,0,0,0,0,0
22,1,1,0,0,0,0,14,1,0,0,0,0,0,0
175,2,3,0,1,0,3,15,1,0,0,0,0,0,1
29,2,0,0,0,0,0,20,1,0,0,0,0,0,1
18,1,0,0,0,0,0,10,1,0,0,0,0,0,0
20,1,0,0,0,0,0,12,1,0,0,0,0,0,0
31,1,0,0,0,0,0,23,1,0,0,0,0,0,0
48,1,1,0,0,0,0,17,1,0,0,0,0,0,1
175,2,2,0,1,0,3,15,1,0,0,0,0,0,1
23,2,0,0,0,0,0,8,1,0,0,0,0,0,1
167,2,2,0,1,0,3,15,1,0,0,0,0,0,1
40,1,3,0,0,0,0,32,1,0,0,0,0,0,0
19,1,0,0,0,0,0,11,1,0,0,0,0,0,0
83,3,0,0,0,0,0,74,1,0,0,0,0,0,1
76,2,0,0,1,0,1,16,1,0,0,0,1,0,1
31,2,0,0,0,0,0,22,1,0,0,0,0,0,1
37,2,0,0,0,0,0,28,1,0,1,0,0,0,1
16,1,0,0,0,0,0,8,1,0,0,0,0,0,0
20,1,0,0,0,0,0,12,1,0,0,0,0,0,0
38,2,0,0,0,0,0,16,1,0,0,0,0,0,1
18,1,0,0,0,0,0,10,1,0,0,0,0,0,0
19,1,0,0,0,0,0,11,1,0,0,0,0,0,0
16,1,0,0,0,0,0,8,1,0,0,0,0,0,0
22,1,0,0,0,0,0,6,1,0,0,0,0,0,1
175,2,2,0,1,0,3,15,1,0,0,0,0,0,1
17,1,0,0,0,0,0,9,1,0,0,0,0,0,0
15,1,0,0,0,0,0,7,1,0,0,0,0,0,0
22,1,0,0,0,0,0,7,1,0,0,0,0,0,1
17,1,0,0,0,0,0,9,1,0,0,0,0,0,0
24,1,0,0,0,0,0,16,1,0,0,0,0,0,0
17,1,0,0,0,0,0,9,1,0,0,0,0,0,0
22,1,0,0,0,0,0,14,1,0,0,0,0,0,0
30,1,0,0,0,0,0,18,1,0,0,0,0,0,1
15,1,0,0,0,0,0,7,1,0,0,0,0,0,0
18,1,0,0,0,0,0,10,1,0,0,0,0,0,0
41,3,1,0,0,0,0,21,1,0,0,0,0,0,1
21,1,0,0,0,0,0,13,1,0,0,0,0,0,0
28,1,0,0,0,0,0,20,1,0,0,0,0,0,0
175,2,3,0,1,0,3,15,1,0,0,0,0,0,1
29,2,0,0,0,0,0,20,1,0,0,0,0,0,1
15,1,0,0,0,0,0,7,1,0,0,0,0,0,0
22,1,0,0,0,0,0,14,1,0,0,0,0,0,0
16,1,0,0,0,0,0,8,1,0,0,0,0,0,0
19,1,0,0,0,0,0,11,1,0,0,0,0,0,0
21,1,0,0,0,0,0,13,1,0,0,0,0,0,0
20,1,1,0,0,0,0,12,1,0,0,0,0,0,0
17,1,0,0,0,0,0,9,1,0,0,0,0,0,0
55,4,0,0,0,0,0,24,1,0,0,0,0,0,1
22,1,0,0,0,0,0,14,1,0,0,0,0,0,0
24,1,0,0,0,0,0,16,1,0,0,0,0,0,0
119,4,2,0,2,6,3,6,1,0,0,0,0,0,1
23,1,0,0,0,0,0,15,1,0,0,0,0,0,0
18,1,0,0,0,0,0,10,1,0,0,0,0,0,0
20,1,1,0,0,0,0,12,1,0,0,0,0,0,0
95,4,0,0,1,0,0,73,1,0,0,0,0,0,1
21,1,0,0,0,0,0,13,1,0,0,0,0,0,0
28,2,0,0,0,0,0,19,1,0,0,0,0,0,1
22,1,0,0,0,0,0,7,1,0,0,0,0,0,1
19,1,0,0,0,0,0,11,1,0,0,0,0,0,0
22,1,0,0,0,0,0,6,1,0,0,0,0,0,1
114,2,0,0,0,0,0,17,1,0,0,0,0,0,1
22,1,0,0,0,0,0,14,1,0,0,0,0,0,0
38,2,2,0,0,0,0,29,1,0,0,0,0,0,1
21,1,0,0,0,0,0,13,1,0,0,0,0,0,0
19,1,0,0,0,0,0,11,1,0,0,0,0,0,0
175,2,4,0,1,0,3,15,1,0,0,0,0,0,1
18,1,0,0,0,0,0,10,1,0,0,0,0,0,0
14,1,0,0,0,0,0,6,1,0,0,0,0,0,0
30,2,0,0,0,0,0,21,1,0,0,0,0,0,1
37,2,1,0,0,0,0,19,1,0,0,0,0,0,1
19,1,0,0,0,0,0,11,1,0,0,0,0,0,0
45,3,0,0,0,0,0,27,1,0,1,0,0,0,1
28,2,0,0,0,0,0,19,1,0,0,0,0,0,1
64,2,4,0,0,0,0,14,1,0,0,0,0,0,1
18,1,0,0,0,0,0,10,1,0,0,0,0,0,0
22,1,0,0,0,0,0,7,1,0,0,0,0,0,1
28,1,0,0,0,0,0,11,1,0,0,0,0,0,1
17,1,0,0,0,0,0,9,1,0,0,0,0,0,0
24,1,0,0,0,0,0,16,1,0,0,0,0,0,0
19,1,0,0,0,0,0,11,1,0,0,0,0,0,0
71,1,7,0,0,0,0,8,1,0,0,0,0,0,1
17,1,0,0,0,0,0,9,1,0,0,0,0,0,0
19,1,0,0,0,0,0,11,1,0,0,0,0,0,0
30,2,1,0,0,0,0,21,1,0,0,0,0,0,1
19,1,0,0,0,0,0,11,1,0,0,0,0,0,0
14,1,0,0,0,0,0,6,1,0,0,0,0,0,0
51,3,0,0,0,0,0,21,1,0,0,0,0,0,1
28,1,0,0,0,0,0,19,1,0,0,0,0,0,1
93,1,1,0,1,0,1,22,1,0,0,0,0,0,1
19,1,0,0,0,0,0,11,1,0,0,0,0,0,0
18,1,0,0,0,0,0,10,1,0,0,0,0,0,0
83,3,0,0,0,0,0,74,1,0,0,0,0,0,1
49,2,1,0,0,0,0,16,1,0,0,0,0,0,1
22,1,0,0,0,0,0,7,1,0,0,0,0,0,1
20,1,0,0,0,0,0,12,1,0,0,0,0,0,0
21,1,1,0,0,0,0,6,1,0,0,0,0,0,1
18,1,0,0,0,0,0,10,1,0,0,0,0,0,0
49,1,0,0,0,0,0,32,1,0,0,0,0,0,1
26,1,0,0,0,0,0,18,1,0,0,0,0,0,0
20,1,0,0,0,0,0,12,1,0,0,0,0,0,0
22,1,0,0,0,0,0,7,1,0,0,0,0,0,1
21,1,1,0,0,0,0,6,1,0,0,0,0,0,1
292,3,2,0,1,0,2,26,1,0,0,0,0,0,1
42,3,0,0,1,0,1,7,1,0,0,0,0,0,1
38,3,0,0,0,0,0,29,1,0,0,0,0,0,1
22,1,0,0,0,0,0,7,1,0,0,0,0,0,1
45,2,0,0,0,0,0,14,1,0,0,0,0,0,1
39,2,1,0,0,0,0,23,1,0,0,0,0,0,1
18,1,0,0,0,0,0,10,1,0,0,0,0,0,0
22,1,0,0,0,0,0,7,1,0,0,0,0,0,1
21,1,0,0,0,0,0,13,1,0,0,0,0,0,0
30,2,1,0,0,0,0,21,1,0,0,0,0,0,1
22,1,0,0,0,0,0,6,1,0,0,0,0,0,1
31,2,0,0,0,0,0,22,1,0,0,0,0,0,1
29,1,0,0,0,0,0,21,1,0,0,0,0,0,0
28,1,0,0,0,0,0,20,1,0,0,0,0,0,0
21,1,0,0,0,0,0,13,1,0,0,0,0,0,0
24,1,0,0,0,0,0,16,1,0,0,0,0,0,0
26,2,0,0,0,0,0,17,1,0,0,0,0,0,1
18,1,0,0,0,0,0,10,1,0,0,0,0,0,0
23,2,0,0,0,0,0,8,1,0,0,0,0,0,1
17,1,0,0,0,0,0,9,1,0,0,0,0,0,0
50,2,0,0,0,0,0,16,1,0,0,0,0,1,1
21,1,0,0,0,0,0,13,1,0,0,0,0,0,0
66,3,1,0,0,0,0,43,1,0,0,0,0,0,1
23,2,0,0,0,0,0,8,1,0,0,0,0,0,1
32,2,2,0,0,0,0,23,1,0,0,0,0,0,1
22,1,0,0,0,0,0,14,1,0,0,0,0,0,0
18,1,0,0,0,0,0,10,1,0,0,0,0,0,0
33,2,0,0,0,0,0,24,1,0,0,0,0,0,1
30,1,0,0,0,0,0,12,1,0,0,0,0,0,1
38,2,4,0,0,0,0,29,1,0,0,0,0,0,1
22,1,1,0,0,0,0,14,1,0,0,0,0,0,0
23,2,0,0,0,0,0,8,1,0,0,0,0,0,1
14,1,0,0,0,0,0,6,1,0,0,0,0,0,0
19,1,0,0,0,0,0,11,1,0,0,0,0,0,0
17,1,0,0,0,0,0,9,1,0,0,0,0,0,0
175,2,2,0,1,0,3,15,1,0,0,0,0,0,1
16,1,0,0,0,0,0,8,1,0,0,0,0,0,0
27,1,0,0,0,0,0,19,1,0,0,0,0,0,0
23,1,0,0,0,0,0,15,1,0,0,0,0,0,0
60,2,1,1,1,0,1,18,0,0,0,0,0,0,1
20,1,0,0,0,0,0,12,1,0,0,0,0,0,0
28,2,0,0,0,0,0,19,1,0,0,0,0,0,1
56,2,1,0,0,0,0,17,1,0,1,0,0,0,1
21,1,1,0,0,0,0,6,1,0,0,0,0,0,1
27,1,0,0,0,0,0,6,1,0,0,0,0,0,1
18,2,0,0,0,0,0,9,1,0,0,0,0,0,1
175,2,3,0,1,0,3,15,1,0,0,0,0,0,1
60,3,1,0,0,0,0,28,1,0,0,0,0,0,1
175,2,1,0,1,0,3,15,1,0,0,0,0,0,1
17,1,0,0,0,0,0,9,1,0,0,0,0,0,0
21,1,1,0,0,0,0,13,1,0,0,0,0,0,0
59,2,1,0,0,0,0,21,1,0,0,0,0,0,1
21,1,0,0,0,0,0,13,1,0,0,0,0,0,0
46,2,2,0,0,0,0,39,0,0,0,0,0,0,1
29,2,0,0,0,0,0,20,1,0,0,0,0,0,1
17,1,0,0,0,0,0,9,1,0,0,0,0,0,0
33,1,0,0,0,0,0,26,0,0,0,0,0,0,1
18,1,0,0,0,0,0,10,1,0,0,0,0,0,0
32,2,0,0,0,0,0,24,1,0,0,0,0,0,1
18,1,0,0,0,0,0,10,1,0,0,0,0,0,0
40,2,0,0,0,0,0,31,1,0,0,0,0,0,1
34,2,0,0,0,0,0,25,1,0,0,0,0,0,1
27,1,0,1,0,0,0,10,1,0,0,0,0,0,1
23,2,0,0,0,0,0,8,1,0,0,0,0,0,1
43,3,0,0,0,0,0,34,1,0,0,0,0,0,1
16,1,0,0,0,0,0,8,1,0,0,0,0,0,0
19,2,0,0,0,0,0,11,1,0,0,0,0,0,0
21,2,0,0,0,0,0,13,1,0,0,0,0,0,0
16,1,0,0,0,0,0,8,1,0,0,0,0,0,0
15,1,0,0,0,0,0,7,1,0,0,0,0,0,0
19,1,0,0,0,0,0,11,1,0,0,0,0,0,0
17,1,0,0,0,0,0,9,1,0,0,0,0,0,0
17,1,0,0,0,0,0,9,1,0,0,0,0,0,0
15,1,0,0,0,0,0,7,1,0,0,0,0,0,0
46,2,0,0,0,0,0,37,1,0,0,0,0,0,1
22,1,0,0,0,0,0,7,1,0,0,0,0,0,1
21,1,0,0,0,0,0,13,1,0,0,0,0,0,0
62,3,1,0,0,0,0,43,1,0,0,0,0,0,1
83,3,0,0,0,0,0,74,1,0,0,0,0,0,1
22,1,0,0,0,0,0,14,1,0,0,0,0,0,0
22,1,0,0,0,0,0,7,1,0,0,0,0,0,1
39,2,0,0,0,0,0,30,1,0,0,0,0,0,1
19,1,0,0,0,0,0,11,1,0,0,0,0,0,0
30,2,1,0,0,0,0,21,1,0,0,0,0,0,1
21,1,1,0,0,0,0,13,1,0,0,0,0,0,0
22,1,0,0,0,0,0,14,1,0,0,0,0,0,0
25,1,1,0,0,0,0,17,1,0,0,0,0,0,0
22,1,0,0,0,0,0,7,1,0,0,0,0,0,1
18,1,0,0,0,0,0,10,1,0,0,0,0,0,0
24,2,0,0,0,0,0,15,1,0,0,0,0,0,1
22,1,0,0,0,0,0,8,1,0,0,0,0,0,1
24,1,0,0,0,0,0,16,1,0,0,0,0,0,0
23,1,0,0,0,0,0,15,1,0,0,0,0,0,0
18,1,0,0,0,0,0,10,1,0,0,0,0,0,0
23,1,0,0,0,0,0,15,1,0,0,0,0,0,0
75,2,0,0,0,0,0,66,1,0,1,0,0,0,1
28,1,0,0,0,0,0,11,1,0,0,0,0,0,1
181,3,2,0,1,1,4,15,1,0,0,0,0,0,1
29,1,0,0,0,0,0,21,1,0,0,0,0,0,0
146,3,1,0,1,0,4,15,1,0,0,0,0,0,1
34,2,0,0,0,0,0,25,1,0,0,0,0,0,1
16,1,0,0,0,0,0,8,1,0,0,0,0,0,0
23,2,0,0,0,0,0,8,1,0,0,0,0,0,1
29,2,0,0,0,0,0,20,1,0,0,0,0,0,1
22,1,0,0,0,0,0,6,1,0,0,0,0,0,1
22,1,0,0,0,0,0,7,1,0,0,0,0,0,1
21,1,0,0,0,0,0,13,1,0,0,0,0,0,0
20,1,0,0,0,0,0,12,1,0,0,0,0,0,0
20,1,0,0,0,0,0,12,1,0,0,0,0,0,0
22,1,0,0,0,0,0,14,1,0,0,0,0,0,0
30,2,0,0,0,0,0,21,1,0,0,0,0,0,1
22,1,0,0,0,0,0,14,1,0,0,0,0,0,0
48,3,1,0,1,0,0,10,1,0,0,0,0,0,1
175,2,3,0,1,0,3,15,1,0,0,0,0,0,1
80,1,0,0,0,0,0,7,1,0,0,0,0,0,1
52,2,2,0,0,0,0,16,1,0,0,0,0,0,1
20,1,0,0,0,0,0,12,1,0,0,0,0,0,0
21,1,1,0,0,0,0,13,1,0,0,0,0,0,0
32,2,0,0,0,0,0,23,1,0,0,0,0,0,1
28,2,0,0,0,0,0,19,1,0,0,0,0,0,1
21,1,1,0,0,0,0,13,1,0,0,0,0,0,0
62,3,1,0,0,0,0,43,1,0,0,0,0,0,1
19,1,0,0,0,0,0,11,1,0,0,0,0,0,0
20,1,0,0,0,0,0,12,1,0,0,0,0,0,0
51,3,0,0,0,0,0,21,1,0,0,0,0,0,1
175,2,2,0,1,0,3,15,1,0,0,0,0,0,1
16,1,0,0,0,0,0,8,1,0,0,0,0,0,0
21,1,0,0,0,0,0,13,1,0,0,0,0,0,0
12,1,0,0,0,0,0,4,1,0,0,0,0,0,0
16,1,0,0,0,0,0,8,1,0,0,0,0,0,0
21,1,1,0,0,0,0,6,1,0,0,0,0,0,1
16,1,0,0,0,0,0,8,1,0,0,0,0,0,0
54,2,0,0,0,0,0,17,1,0,0,0,0,0,1
25,1,1,0,0,0,0,16,1,0,0,0,0,0,1
31,2,0,0,0,0,0,23,1,0,0,0,0,0,0
15,1,0,0,0,0,0,7,1,0,0,0,0,0,0
20,1,0,0,0,0,0,12,1,0,0,0,0,0,0
29,1,0,0,0,0,0,9,1,0,0,0,0,0,1
85,4,8,0,0,0,0,42,1,0,0,0,0,0,1
21,1,0,0,0,0,0,7,1,0,0,0,0,0,1
21,1,1,0,0,0,0,6,1,0,0,0,0,0,1
20,1,0,0,0,0,0,12,1,0,0,0,0,0,0
37,2,2,0,0,0,0,28,1,0,0,0,0,0,1
23,2,0,0,0,0,0,15,1,0,0,0,0,0,0
17,1,0,0,0,0,0,9,1,0,0,0,0,0,0
21,1,0,0,0,0,0,13,1,0,0,0,0,0,0
41,1,0,0,0,0,0,10,1,0,0,0,0,0,1
23,2,0,0,0,0,0,8,1,0,0,0,0,0,1
175,2,1,0,1,0,3,15,1,0,0,0,0,0,1
15,1,0,0,0,0,0,7,1,0,0,0,0,0,0
37,2,3,0,0,0,0,28,1,0,0,0,0,0,1
175,2,3,0,1,0,3,15,1,0,0,0,0,0,1
21,1,0,0,0,0,0,13,1,0,0,1,0,0,0
17,1,0,0,0,0,0,9,1,0,0,0,0,0,0
50,3,0,0,0,0,0,20,1,0,0,0,0,0,1
21,1,1,0,0,0,0,6,1,0,0,0,0,0,1
28,1,0,0,0,0,0,19,1,0,0,0,0,0,1
190,3,1,0,1,0,4,15,1,0,0,0,0,0,1
32,1,0,0,0,0,0,19,1,0,0,0,0,0,1
15,1,0,0,0,0,0,7,1,0,0,0,0,0,0
18,1,0,0,0,0,0,10,1,0,0,0,0,0,0
23,1,1,0,0,0,0,15,1,0,0,0,0,0,0
34,2,0,0,0,0,0,26,1,0,0,0,0,0,1
14,1,0,0,0,0,0,6,1,0,0,0,0,0,0
25,1,1,0,0,0,0,6,1,0,0,0,0,0,1
20,1,0,0,0,0,0,12,1,0,0,0,0,0,0
33,2,0,0,0,0,0,24,1,0,0,0,0,0,1
15,1,0,0,0,0,0,7,1,0,0,0,0,0,0
24,1,0,0,0,0,0,10,1,0,1,0,0,0,1
19,1,0,0,0,0,0,11,1,0,0,0,0,0,0
21,1,1,0,0,0,0,6,1,0,0,0,0,0,1
20,1,0,0,0,0,0,12,1,0,0,0,0,0,0
43,2,1,0,0,0,0,35,1,0,0,0,0,0,1
23,2,0,0,0,0,0,8,1,0,0,0,0,0,1
21,1,0,0,0,0,0,13,1,0,0,0,0,0,0
22,1,0,0,0,0,0,7,1,0,0,0,0,0,1
34,2,1,0,0,0,0,25,1,0,0,0,0,0,1
52,2,0,0,1,0,1,18,1,0,0,0,0,0,1
18,1,0,0,0,0,0,10,1,0,0,0,0,0,0
22,1,0,0,0,0,0,6,1,0,0,0,0,0,1
23,1,0,0,0,0,0,15,1,0,0,0,0,0,0
21,1,1,0,0,0,0,6,1,0,0,0,0,0,1
94,3,5,0,0,0,0,23,0,0,0,0,0,0,1
22,1,0,0,0,0,0,6,1,0,0,0,0,0,1
21,1,1,0,0,0,0,6,1,0,0,0,0,0,1
22,1,0,0,0,0,0,14,1,0,0,0,0,0,0
16,1,0,0,0,0,0,8,1,0,0,0,0,0,0
20,1,0,0,0,0,0,12,1,0,0,0,0,0,0
175,2,2,0,1,0,3,15,1,0,0,0,0,0,1
21,1,0,0,0,0,0,13,1,0,0,0,0,0,0
45,2,0,0,0,0,0,36,1,0,0,0,0,0,1
22,1,0,0,0,0,0,7,1,0,0,0,0,0,1
16,1,0,0,0,0,0,8,1,0,0,0,0,0,0
22,1,0,0,0,0,0,6,1,0,0,0,0,0,1
43,2,5,0,0,0,0,34,1,0,0,0,0,0,1
20,1,0,0,0,0,0,12,1,0,0,0,0,0,0
18,1,0,0,0,0,0,10,1,0,0,0,0,0,0
26,2,0,0,0,0,0,11,0,0,0,0,0,0,1
19,1,0,0,0,0,0,11,1,0,0,0,0,0,0
190,3,1,0,1,0,4,15,1,0,0,0,0,0,1
37,1,0,0,1,0,1,7,1,0,0,0,0,0,1
27,2,0,0,0,0,0,18,1,0,0,0,0,0,1
29,2,1,0,0,0,0,21,1,0,0,0,0,0,1
81,2,1,0,1,0,2,20,1,0,0,0,0,0,1
19,1,0,0,0,0,0,11,1,0,0,0,0,0,0
22,1,0,0,0,0,0,14,1,0,0,0,0,0,0
34,2,0,0,0,0,0,27,0,0,0,0,0,0,1
62,3,1,0,0,0,0,43,1,0,0,0,0,0,1
60,2,3,0,0,0,0,51,1,0,0,0,0,0,1
175,2,1,0,1,0,3,15,1,0,0,0,0,0,1
25,1,1,0,0,0,0,17,1,0,0,0,0,0,0
18,1,0,0,0,0,0,10,1,0,0,0,0,0,0
22,1,0,0,0,0,0,7,1,0,0,0,0,0,1
17,1,0,0,0,0,0,9,1,0,0,0,0,0,0
18,1,0,0,0,0,0,10,1,0,0,0,0,0,0
23,2,0,0,0,0,0,14,1,0,0,0,0,0,1
22,1,0,0,0,0,0,7,1,0,0,0,0,0,1
175,2,2,0,1,0,3,15,1,0,0,0,0,0,1
22,1,0,0,0,0,0,14,1,0,0,0,0,0,0
46,2,3,0,0,0,0,19,1,0,0,0,0,0,1
25,1,0,0,0,0,0,17,1,0,0,0,0,0,0
28,1,0,0,0,0,0,11,1,0,0,0,0,0,1
21,2,0,0,0,0,0,13,1,0,0,0,0,0,0
22,1,0,0,0,0,0,7,1,0,0,0,0,0,1
20,1,0,0,0,0,0,12,1,0,0,0,0,0,0
83,3,0,0,0,0,0,74,1,0,0,0,0,0,1
19,1,1,0,0,0,0,11,1,0,0,0,0,0,0
15,1,0,0,0,0,0,7,1,0,0,0,0,0,0
19,1,0,0,0,0,0,11,1,0,0,0,0,0,0
51,3,0,0,0,0,0,21,1,0,0,0,0,0,1
22,1,0,0,0,0,0,7,1,0,0,0,0,0,1
17,1,0,0,0,0,0,9,1,0,0,0,0,0,0
43,2,2,0,0,0,0,23,1,0,0,0,0,0,1
175,2,3,0,1,0,3,15,1,0,0,0,0,0,1
17,1,0,0,0,0,0,9,1,0,0,0,0,0,0
16,1,0,0,0,0,0,8,1,0,0,0,0,0,0
22,1,0,0,0,0,0,7,1,0,0,0,0,0,1
99,3,5,0,0,0,0,28,1,0,0,0,0,0,1
52,2,0,0,1,0,1,15,1,0,0,0,0,0,1
22,1,0,0,0,0,0,6,1,0,0,0,0,0,1
17,1,0,0,0,0,0,9,1,0,0,0,0,0,0
19,1,0,0,0,0,0,11,1,0,0,0,0,0,0
20,1,0,0,0,0,0,12,1,0,0,0,0,0,0
17,1,0,0,0,0,0,9,1,0,0,0,0,0,0
16,1,0,0,0,0,0,8,1,0,0,0,0,0,0
19,1,1,0,0,0,0,11,1,0,0,0,0,0,0
22,1,0,0,0,0,0,6,1,0,0,0,0,0,1
31,2,1,0,0,0,0,22,1,0,0,0,0,0,1
62,2,0,0,0,0,0,17,1,0,0,0,0,0,1
19,1,0,0,0,0,0,11,1,0,0,0,0,0,0
18,1,0,0,0,0,0,10,1,0,0,0,0,0,0
18,1,0,0,0,0,0,10,1,0,0,0,0,0,0
130,3,2,0,1,0,3,15,1,0,0,0,0,0,1
19,2,0,0,0,0,0,11,1,0,0,0,0,0,0
79,3,6,0,0,0,0,70,1,0,0,0,0,0,1
22,1,0,0,0,0,0,7,1,0,0,0,0,0,1
19,1,0,0,0,0,0,11,1,0,0,0,0,0,0
22,1,0,0,0,0,0,7,1,0,0,0,0,0,1
24,1,0,0,0,0,0,13,1,0,0,0,0,0,1
21,2,0,0,0,0,0,13,1,0,0,0,0,0,0
23,2,0,0,0,0,0,15,1,0,0,0,0,0,0
17,1,0,0,0,0,0,9,1,0,0,0,0,0,0
36,2,0,0,0,0,0,16,1,0,0,0,0,0,1
35,4,0,0,0,0,0,21,1,0,0,0,0,0,1
27,1,1,0,0,0,0,19,1,0,0,0,0,0,0
20,1,0,0,0,0,0,12,1,0,0,0,0,0,0
21,1,1,0,0,0,0,6,1,0,0,0,0,0,1
14,1,0,0,0,0,0,6,1,0,0,0,0,0,0
40,2,1,0,0,0,0,22,1,0,1,0,0,0,1
42,5,0,0,0,0,0,33,1,0,0,0,0,0,1
24,1,0,0,0,0,0,16,1,0,0,0,0,0,0
77,2,0,0,0,0,0,68,1,0,0,0,0,0,1
18,1,0,0,0,0,0,10,1,0,0,0,0,0,0
28,1,0,0,0,0,0,20,1,0,0,0,0,0,0
17,1,0,0,0,0,0,9,1,0,0,0,0,0,0
84,2,0,0,0,0,0,15,1,0,0,0,0,0,1
22,1,0,0,0,0,0,7,1,0,0,0,0,0,1
176,3,3,0,1,0,4,15,1,0,0,0,0,0,1
75,2,1,0,1,0,2,24,1,0,0,0,0,0,1
24,2,0,0,0,0,0,16,1,0,0,0,0,0,0
19,1,0,0,0,0,0,11,1,0,0,0,0,0,0
28,2,0,0,0,0,0,19,1,0,0,0,0,0,1
21,1,1,0,0,0,0,6,1,0,0,0,0,0,1
39,2,0,0,0,0,0,30,1,0,0,0,0,0,1
24,2,0,0,0,0,0,16,1,0,0,0,0,0,0
17,1,0,0,0,0,0,9,1,0,0,0,0,0,0
21,1,1,0,0,0,0,6,1,0,0,0,0,0,1
21,1,1,0,0,0,0,6,1,0,0,0,0,0,1
38,2,0,0,0,0,0,16,1,0,0,0,0,0,1
200,3,1,0,1,0,5,15,1,0,0,0,0,0,1
22,1,1,0,0,0,0,14,1,0,0,0,0,0,0
18,1,0,0,0,0,0,10,1,0,0,0,0,0,0
17,1,0,0,0,0,0,9,1,0,0,0,0,0,0
35,2,0,0,0,0,0,26,1,0,0,0,0,0,1
17,1,0,0,0,0,0,9,1,0,0,0,0,0,0
23,2,0,0,0,0,0,8,1,0,0,0,0,0,1
18,1,0,0,0,0,0,10,1,0,0,0,0,0,0
190,3,3,0,1,0,4,15,1,0,0,0,0,0,1
42,2,2,0,0,0,0,33,1,0,0,0,0,0,1
70,4,0,0,0,0,0,56,1,0,0,0,0,0,1
20,1,0,0,0,0,0,12,1,0,0,0,0,0,0
18,1,0,0,0,0,0,10,1,0,0,0,0,0,0
53,4,0,0,0,0,0,20,1,0,0,0,0,0,1
22,1,0,0,0,0,0,6,1,0,0,0,0,0,1
32,2,0,0,0,0,0,23,1,0,0,0,0,0,1
16,1,0,0,0,0,0,8,1,0,0,0,0,0,0
43,1,0,0,0,0,0,11,1,0,0,0,0,0,1
25,2,0,0,0,0,0,17,1,0,0,0,0,0,0
20,1,0,0,0,0,0,12,1,0,0,0,0,0,0
28,2,0,0,0,0,0,19,1,0,0,0,0,0,1
21,1,1,0,0,0,0,6,1,0,0,0,0,0,1
22,1,0,0,0,0,0,6,1,0,0,0,0,0,1
17,1,0,0,0,0,0,9,1,0,0,0,0,0,0
24,1,1,0,0,0,0,16,1,0,0,0,0,0,0
17,1,0,0,0,0,0,9,1,0,0,0,0,0,0
20,1,0,0,0,0,0,6,1,0,0,0,0,0,1
23,2,0,0,0,0,0,8,1,0,0,0,0,0,1
22,1,0,0,0,0,0,7,1,0,0,0,0,0,1
23,1,0,0,0,0,0,15,1,0,0,0,0,0,0
25,1,0,0,0,0,0,17,1,0,0,0,0,0,0
34,1,1,0,0,0,0,10,1,0,0,0,0,0,1
22,1,0,0,0,0,0,14,1,0,0,0,0,0,0
16,1,0,0,0,0,0,8,1,0,0,0,0,0,0
21,1,0,0,0,0,0,13,1,0,0,0,0,0,0
88,2,1,0,0,0,0,15,1,0,0,0,0,0,1
28,2,0,0,0,0,0,19,1,0,0,0,0,0,1
51,3,0,0,0,0,0,21,1,0,0,0,0,0,1
19,1,1,0,0,0,0,6,1,0,0,0,0,0,1
25,1,0,0,0,0,0,17,1,0,0,0,0,0,0
23,1,0,0,0,0,0,15,1,0,0,0,0,0,0
125,2,2,0,1,0,1,15,1,0,0,0,0,0,1
14,1,0,0,0,0,0,6,1,0,0,0,0,0,0
22,1,0,0,0,0,0,6,1,0,0,0,0,0,1
21,1,0,0,0,0,0,13,1,0,0,0,0,0,0
19,1,0,0,0,0,0,11,1,0,0,0,0,0,0
41,1,2,0,0,0,0,6,0,0,0,0,0,0,1
20,1,0,0,0,0,0,12,1,0,0,0,0,0,0
26,2,0,0,0,0,0,17,1,0,0,0,0,0,1
31,2,0,0,0,0,0,22,1,0,0,0,0,0,1
17,1,0,0,0,0,0,9,1,0,0,0,0,0,0
19,1,0,0,0,0,0,11,1,0,0,0,0,0,0
19,1,0,0,0,0,0,11,1,0,0,0,0,0,0
29,2,1,0,0,0,0,20,1,0,0,0,0,0,1
90,1,0,0,1,0,1,7,1,0,0,0,0,0,1
15,1,0,0,0,0,0,7,1,0,0,0,0,0,0
21,1,1,0,0,0,0,13,1,0,0,0,0,0,0
22,1,0,0,0,0,0,14,1,0,0,0,0,0,0
39,2,0,0,0,0,0,30,1,0,0,0,0,0,1
19,1,0,0,0,0,0,11,1,0,0,0,0,0,0
38,2,0,0,0,0,0,31,0,0,0,0,0,0,1
23,1,0,0,0,0,0,15,1,0,0,0,0,0,0
65,3,1,0,0,0,0,43,1,0,0,0,0,0,1
23,1,1,0,0,0,0,14,1,0,0,0,0,0,1
22,1,0,0,0,0,0,7,1,0,0,0,0,0,1
17,1,0,0,0,0,0,9,1,0,0,0,0,0,0
67,3,2,0,0,0,0,19,1,0,0,0,0,0,1
22,1,1,0,0,0,0,14,1,0,0,0,0,0,0
103,1,0,0,1,0,1,4,1,0,0,0,0,0,1
19,1,0,0,0,0,0,11,1,0,0,0,0,0,0
17,1,0,0,0,0,0,9,1,0,0,0,0,0,0
22,1,0,0,0,0,0,14,1,0,0,0,0,0,0
28,2,0,0,0,0,0,19,1,0,0,0,0,0,1
47,2,1,0,0,0,0,21,1,0,0,0,0,0,1
23,2,0,0,0,0,0,8,1,0,0,0,0,0,1
20,1,0,0,0,0,0,12,1,0,0,0,0,0,0
28,1,0,0,1,0,0,7,1,0,0,0,0,0,1
22,2,0,0,0,0,0,13,1,0,0,0,0,0,1
51,3,0,0,0,0,0,21,1,0,0,0,0,0,1
22,1,0,0,0,0,0,7,1,0,0,0,0,0,1
22,1,0,0,0,0,0,14,1,0,0,0,0,0,0
25,1,0,0,0,0,0,17,1,0,0,0,0,0,0
23,1,0,0,0,0,0,15,1,0,0,0,0,0,0
41,1,0,0,0,0,0,11,1,0,0,0,0,0,1
35,1,0,0,0,0,0,9,1,0,0,0,0,0,1
62,3,1,0,0,0,0,43,1,0,0,0,0,0,1
17,1,0,0,0,0,0,9,1,0,0,0,0,0,0
19,1,0,0,0,0,0,11,1,0,0,0,0,0,0
62,3,1,0,0,0,0,43,1,0,0,0,0,0,1
42,2,2,0,0,0,0,33,1,0,0,0,0,0,1
62,3,1,0,0,0,0,43,1,0,0,0,0,0,1
51,3,0,0,0,0,0,21,1,0,0,0,0,0,1
19,1,0,0,0,0,0,11,1,0,0,0,0,0,0
46,3,0,1,0,0,0,15,1,0,0,0,0,0,1
34,2,1,0,0,0,0,25,1,0,0,0,0,0,1
19,1,0,0,0,0,0,11,1,0,0,0,0,0,0
20,1,0,0,0,0,0,12,1,0,0,0,0,0,0
23,1,0,0,0,0,0,15,1,0,0,0,0,0,0
21,1,1,0,0,0,0,6,1,0,0,0,0,0,1
35,1,0,0,0,0,0,15,1,0,1,0,0,0,1
24,1,0,0,0,0,0,16,1,0,0,0,0,0,0
35,1,0,0,0,0,0,19,1,0,0,0,0,0,1
23,2,0,0,0,0,0,8,1,0,0,0,0,0,1
28,1,0,0,0,0,0,11,1,0,0,0,0,0,1
26,1,0,0,0,0,0,18,1,0,0,0,0,0,0
21,1,1,0,0,0,0,6,1,0,0,0,0,0,1
28,2,0,0,0,0,0,19,1,0,0,0,0,0,1
76,2,1,0,1,0,2,25,1,0,0,0,0,0,1
44,2,2,0,0,0,0,35,1,0,0,0,0,0,1
16,1,0,0,0,0,0,8,1,0,0,0,0,0,0
18,1,0,0,0,0,0,10,1,0,0,0,0,0,0
22,1,0,0,0,0,0,14,1,0,0,0,0,0,0
21,1,0,0,0,0,0,13,1,0,0,0,0,0,0
23,2,0,0,0,0,0,8,1,0,0,0,0,0,1
15,1,0,0,0,0,0,7,1,0,0,0,0,0,0
19,1,0,0,0,0,0,11,1,0,0,0,0,0,0
21,1,1,0,0,0,0,6,1,0,0,0,0,0,1
21,1,1,0,0,0,0,13,1,0,0,0,0,0,0
31,2,1,0,0,0,0,22,1,0,0,0,0,0,1
28,1,1,0,0,0,0,10,1,0,0,0,0,0,1
22,1,0,0,0,0,0,7,1,0,0,0,0,0,1
29,2,0,0,0,0,0,20,1,0,0,0,0,0,1
23,2,0,0,0,0,0,8,1,0,0,0,0,0,1
41,2,2,0,0,0,0,32,1,0,0,0,0,0,1
18,1,0,0,0,0,0,10,1,0,0,0,0,0,0
20,1,0,0,0,0,0,12,1,0,0,0,0,0,0
84,2,2,0,0,0,0,15,1,0,0,0,0,0,1
21,1,1,0,0,0,0,6,1,0,0,0,0,0,1
22,1,0,0,0,0,0,14,1,0,0,0,0,0,0
17,1,0,0,0,0,0,9,1,0,0,0,0,0,0
51,3,0,0,0,0,0,21,1,0,0,0,0,0,1
18,1,0,0,0,0,0,10,1,0,0,0,0,0,0
21,1,0,0,0,0,0,7,1,0,0,0,0,0,1
21,1,1,0,0,0,0,6,1,0,0,0,0,0,1
21,1,0,0,0,0,0,13,1,0,0,0,0,0,0
35,2,0,0,0,0,0,26,1,0,0,0,0,0,1
15,1,0,0,0,0,0,7,1,0,0,0,0,0,0
62,3,1,0,0,0,0,43,1,0,0,0,0,0,1
20,1,0,0,0,0,0,11,1,0,0,0,0,0,1
14,1,0,0,0,0,0,6,1,0,0,0,0,0,0
23,1,0,0,0,0,0,15,1,0,0,0,0,0,0
27,2,0,0,0,0,0,18,1,0,0,0,0,0,1
15,1,0,0,0,0,0,7,1,0,0,0,0,0,0
16,1,0,0,0,0,0,8,1,0,0,0,0,0,0
42,2,0,0,0,0,0,32,1,0,0,0,0,0,1
40,2,0,0,0,0,0,16,1,0,0,0,0,0,1
35,2,0,0,0,0,0,26,1,0,0,0,0,0,1
46,3,1,0,1,0,1,7,1,0,0,0,0,0,1
62,2,0,0,0,0,0,18,1,0,0,0,0,0,1
28,1,0,0,0,0,0,20,1,0,0,0,0,0,0
18,1,0,0,0,0,0,10,1,0,0,0,0,0,0
15,1,0,0,0,0,0,7,1,0,0,0,0,0,0
18,1,0,0,0,0,0,10,1,0,0,0,0,0,0
26,1,0,0,0,0,0,18,1,0,0,0,0,0,0
19,1,0,0,0,0,0,11,1,0,0,0,0,0,0
21,1,0,0,0,0,0,13,1,0,0,0,0,0,0
22,1,0,0,0,0,0,7,1,0,0,0,0,0,1
39,2,0,0,0,0,0,16,1,0,0,0,0,0,1
22,1,1,0,0,0,0,14,1,0,0,0,0,0,0
22,1,0,0,0,0,0,7,1,0,0,0,0,0,1
59,3,1,0,0,0,0,43,1,0,0,0,0,0,1
23,2,0,0,0,0,0,15,1,0,0,0,0,0,0
13,1,0,0,0,0,0,5,1,0,0,0,0,0,0
16,1,0,0,0,0,0,8,1,0,0,0,0,0,0
21,1,1,0,0,0,0,13,1,0,0,0,0,0,0
23,2,0,0,0,0,0,8,1,0,0,0,0,0,1
18,1,0,0,0,0,0,10,1,0,0,0,0,0,0
181,3,1,0,1,1,4,15,1,0,0,0,0,0,1
21,2,0,0,0,0,0,13,1,0,0,0,0,0,0
23,1,0,0,0,0,0,15,1,0,0,0,0,0,0
26,1,1,0,0,0,0,18,1,0,0,0,0,0,0
22,1,0,0,0,0,0,7,1,0,0,0,0,0,1
20,1,0,0,0,0,0,11,1,0,0,0,0,0,1
113,2,0,0,1,0,1,15,1,0,0,0,0,0,1
25,2,0,0,0,0,0,16,1,0,0,0,0,0,1
16,1,0,0,0,0,0,8,1,0,0,0,0,0,0
16,2,0,0,0,0,0,8,1,0,0,0,0,0,0
26,1,0,0,0,0,0,18,1,0,0,0,0,0,0
77,2,4,0,0,0,0,15,1,0,0,0,0,0,1
19,1,0,0,0,0,0,11,1,0,0,0,0,0,0
15,1,0,0,0,0,0,7,1,0,0,0,0,0,0
25,1,0,0,0,0,0,11,1,0,1,0,0,0,1
146,3,0,0,1,0,4,15,1,0,0,0,0,0,1
22,1,1,0,0,0,0,14,1,0,0,0,0,0,0
16,1,0,0,0,0,0,8,1,0,0,0,0,0,0
21,1,1,0,0,0,0,6,1,0,0,0,0,0,1
61,2,4,0,0,0,0,18,1,0,0,0,0,0,1
19,1,0,0,0,0,0,11,1,0,0,0,0,0,0
190,3,4,0,1,0,4,15,1,0,0,0,0,0,1
23,2,0,0,0,0,0,8,1,0,0,0,0,0,1
14,1,0,0,0,0,0,6,1,0,0,0,0,0,0
50,2,2,0,0,0,0,41,1,0,0,0,0,0,1
17,1,0,0,0,0,0,9,1,0,0,0,0,0,0
18,1,0,0,0,0,0,10,1,0,0,0,0,0,0
17,1,0,0,0,0,0,9,1,0,0,0,0,0,0
22,1,0,0,0,0,0,7,1,0,0,0,0,0,1
175,2,2,0,1,0,3,15,1,0,0,0,0,0,1
15,1,0,0,0,0,0,7,1,0,0,0,0,0,0
21,1,1,0,0,0,0,13,1,0,0,0,0,0,0
175,2,4,0,1,0,3,15,1,0,0,0,0,0,1
16,1,0,0,0,0,0,8,1,0,0,0,0,0,0
55,2,5,0,0,0,0,46,1,0,0,0,0,0,1
62,3,1,0,0,0,0,43,1,0,0,0,0,0,1
51,3,0,0,0,0,0,21,1,0,0,0,0,0,1
22,1,1,0,0,0,0,14,1,0,0,0,0,0,0
27,2,1,0,0,0,0,18,1,0,0,0,0,0,1
17,1,0,0,0,0,0,9,1,0,0,0,0,0,0
22,1,0,0,0,0,0,6,1,0,0,0,0,0,1
19,1,0,0,0,0,0,11,1,0,0,0,0,0,0
175,2,2,0,1,0,3,15,1,0,0,0,0,0,1
39,3,1,0,0,0,0,24,1,0,0,0,0,0,1
22,1,0,0,0,0,0,7,1,0,0,0,0,0,1
24,1,0,0,0,0,0,16,1,0,0,0,0,0,0
22,1,0,0,0,0,0,14,1,0,0,0,0,0,0
17,1,0,0,0,0,0,9,1,0,0,0,0,0,0
84,2,1,0,0,0,0,15,1,0,0,0,0,0,1
22,1,0,0,0,0,0,7,1,0,0,0,0,0,1
68,2,1,0,0,0,0,31,1,0,0,0,0,0,1
175,2,4,0,1,0,3,15,1,0,0,0,0,0,1
62,2,1,0,0,0,0,39,1,0,0,0,0,0,1
22,1,0,0,0,0,0,6,1,0,0,0,0,0,1
22,1,0,0,0,0,0,7,1,0,0,0,0,0,1
18,1,0,0,0,0,0,10,1,0,0,0,0,0,0
19,1,0,0,0,0,0,11,1,0,0,0,0,0,0
19,1,0,0,0,0,0,11,1,0,0,0,0,0,0
21,1,0,0,0,0,0,13,1,0,0,0,0,0,0
40,2,1,0,0,0,0,31,1,0,0,0,0,0,1
22,1,0,0,0,0,0,14,1,0,0,0,0,0,0
14,1,0,0,0,0,0,6,1,0,0,0,0,0,0
20,1,0,0,0,0,0,12,1,0,0,0,0,0,0
40,2,1,0,0,0,0,31,1,0,0,0,0,0,1
23,1,0,0,0,0,0,4,1,0,0,0,0,0,1
19,1,0,0,0,0,0,11,1,0,0,0,0,0,0
37,2,1,0,0,0,0,22,1,0,0,0,0,0,1
16,1,0,0,0,0,0,8,1,0,0,0,0,0,0
22,1,0,0,0,0,0,14,1,0,0,0,0,0,0
40,2,2,0,0,0,0,31,1,0,0,0,0,0,1
19,1,0,0,0,0,0,11,1,0,0,0,0,0,0
83,3,0,0,0,0,0,74,1,0,0,0,0,0,1
38,1,0,0,1,0,1,6,1,0,0,0,0,0,1
84,2,0,0,0,0,0,15,1,0,0,0,0,0,1
15,1,0,0,0,0,0,7,1,0,0,0,0,0,0
20,1,0,0,0,0,0,12,1,0,0,0,0,0,0
13,1,0,0,0,0,0,5,1,0,0,0,0,0,0
21,1,0,0,0,0,0,13,1,0,0,0,0,0,0
27,1,0,0,0,0,0,19,1,0,0,0,0,0,0
21,1,0,0,0,0,0,13,1,0,0,0,0,0,0
18,1,0,0,0,0,0,10,1,0,0,0,0,0,0
18,1,0,0,0,0,0,10,1,0,0,0,0,0,0
175,2,2,0,1,0,3,15,1,0,0,0,0,0,1
25,1,0,0,0,0,0,17,1,0,0,0,0,0,0
34,2,0,0,0,0,0,25,1,0,0,0,0,0,1
83,2,0,0,0,0,0,15,1,0,0,0,0,0,1
22,1,0,0,0,0,0,14,1,0,0,0,0,0,0
16,1,0,0,0,0,0,8,1,0,0,0,0,0,0
175,2,2,0,1,0,3,15,1,0,0,0,0,0,1
76,2,1,0,1,0,2,25,1,0,0,0,0,0,1
65,3,1,0,0,0,0,43,1,0,0,0,0,0,1
17,1,0,0,0,0,0,9,1,0,0,0,0,0,0
131,2,2,0,0,0,0,15,1,0,0,0,0,0,1
13,1,0,0,0,0,0,5,1,0,0,0,0,0,0
20,1,0,0,0,0,0,12,1,0,0,0,0,0,0
19,1,0,0,0,0,0,11,1,0,0,0,0,0,0
232,2,1,0,1,1,4,15,1,0,0,0,0,0,1
47,2,4,0,0,0,0,39,0,0,0,0,0,0,1
21,1,1,0,0,0,0,6,1,0,0,0,0,0,1
29,2,1,0,0,0,0,20,1,0,0,0,0,0,1
21,1,1,0,0,0,0,6,1,0,0,0,0,0,1
17,1,0,0,0,0,0,9,1,0,0,0,0,0,0
17,1,1,0,0,0,0,9,1,0,0,0,0,0,0
49,2,0,0,0,0,0,10,1,0,0,0,0,0,1
43,2,0,0,0,0,0,16,1,0,0,0,0,0,1
30,1,0,0,0,0,0,22,1,0,0,0,0,0,0
26,2,1,0,0,0,0,17,1,0,0,0,0,0,1
29,2,0,0,0,0,0,20,1,0,0,0,0,0,1
16,1,0,0,0,0,0,8,1,0,0,0,0,0,0
17,1,0,0,0,0,0,9,1,0,0,0,0,0,0
47,2,0,0,0,0,0,12,1,0,0,0,0,0,1
15,1,0,0,0,0,0,7,1,0,0,0,0,0,0
17,1,0,0,0,0,0,9,1,0,0,0,0,0,0
64,2,0,0,1,0,3,16,1,0,0,0,0,0,1
35,2,1,0,0,0,0,19,1,0,0,0,0,0,1
22,1,0,0,0,0,0,14,1,0,0,0,0,0,0
22,1,0,0,0,0,0,6,1,0,0,0,0,0,1
60,3,1,0,0,0,0,28,1,0,0,0,0,0,1
22,1,0,0,0,0,0,6,1,0,0,0,0,0,1
43,2,0,0,0,0,0,34,1,0,0,0,0,0,1
15,1,0,0,0,0,0,7,1,0,0,0,0,0,0
38,1,0,0,0,0,0,11,1,0,1,0,0,0,1
22,1,0,0,0,0,0,14,1,0,0,0,0,0,0
40,2,0,0,0,0,0,31,1,0,0,0,0,0,1
22,1,0,0,0,0,0,6,1,0,0,0,0,0,1
22,1,1,0,0,0,0,14,1,0,0,0,0,0,0
19,1,0,0,0,0,0,12,0,0,0,0,0,0,1
27,1,0,0,0,0,0,6,1,0,0,0,0,0,1
19,1,0,0,0,0,0,11,1,0,0,0,0,0,0
106,3,0,0,1,0,2,15,1,0,0,0,0,0,1
46,2,3,0,0,0,0,37,1,0,0,0,0,0,1
21,1,0,0,0,0,0,13,1,0,0,0,0,0,0
17,1,0,0,0,0,0,9,1,0,0,0,0,0,0
40,1,1,0,0,0,0,25,1,0,0,0,0,0,1
15,1,0,0,0,0,0,7,1,0,0,0,0,0,0
42,2,0,0,0,0,0,14,1,0,0,0,0,0,1
27,2,0,0,0,0,0,18,1,0,0,0,0,0,1
23,2,0,0,0,0,0,15,1,0,0,0,0,0,0
94,2,1,0,0,0,0,21,1,0,0,0,0,0,1
175,2,1,0,1,0,3,15,1,0,0,0,0,0,1
15,1,0,0,0,0,0,7,1,0,0,0,0,0,0
20,1,0,0,0,0,0,5,1,0,0,0,0,0,1
19,1,0,0,0,0,0,11,1,0,0,0,0,0,0
18,1,0,0,0,0,0,10,1,0,0,0,0,0,0
21,1,1,0,0,0,0,13,1,0,0,0,0,0,0
36,2,2,0,0,0,0,27,1,0,0,0,0,0,1
16,1,0,0,0,0,0,8,1,0,0,0,0,0,0
47,2,0,0,0,0,0,12,1,0,0,0,0,0,1
20,1,0,0,0,0,0,12,1,0,0,0,0,0,0
18,2,0,0,0,0,0,10,1,0,0,0,0,0,0
22,1,0,0,0,0,0,7,1,0,0,0,0,0,1
17,1,0,0,0,0,0,9,1,0,0,0,0,0,0
16,1,0,0,0,0,0,8,1,0,0,0,0,0,0
32,1,1,0,0,0,0,23,1,0,0,0,0,0,1
21,1,0,0,0,0,0,13,1,0,0,0,0,0,0
17,1,0,0,0,0,0,9,1,0,0,0,0,0,0
125,3,2,0,1,0,2,15,1,0,0,0,0,0,1
18,1,0,0,0,0,0,10,1,0,0,0,0,0,0
15,1,0,0,0,0,0,7,1,0,0,0,0,0,0
22,1,0,0,0,0,0,7,1,0,0,0,0,0,1
36,2,1,0,0,0,0,27,1,0,0,0,0,0,1
25,2,0,0,0,0,0,16,1,0,0,0,0,0,1
20,1,0,0,0,0,0,12,1,0,0,0,0,0,0
175,2,2,0,1,0,3,15,1,0,0,0,0,0,1
79,2,1,0,1,0,2,24,1,0,0,0,0,0,1
18,1,0,0,0,0,0,10,1,0,0,0,0,0,0
19,1,0,0,0,0,0,11,1,0,0,0,0,0,0
90,3,1,0,0,0,0,43,1,0,0,0,0,0,1
18,1,0,0,0,0,0,10,1,0,0,0,0,0,0
29,2,0,0,0,0,0,20,1,0,0,0,0,0,1
42,2,0,0,0,0,0,20,1,0,0,0,0,0,1
84,2,1,0,0,0,0,15,1,0,0,0,0,0,1
23,1,0,0,0,0,0,15,1,0,0,0,0,0,0
18,1,0,0,0,0,0,10,1,0,0,0,0,0,0
26,1,0,0,0,0,0,18,1,0,0,0,0,0,0
17,1,0,0,0,0,0,9,1,0,0,0,0,0,0
24,2,0,0,0,0,0,15,1,0,0,0,0,0,1
29,1,0,0,0,0,0,12,1,0,0,0,0,0,1
20,1,0,0,0,0,0,12,1,0,0,0,0,0,0
23,2,0,0,0,0,0,8,1,0,0,0,0,0,1
94,2,1,0,0,0,0,21,1,0,0,0,0,0,1
17,1,0,0,0,0,0,9,1,0,0,0,0,0,0
39,2,2,0,0,0,0,30,1,0,0,0,1,0,1
51,3,0,0,0,0,0,21,1,0,0,0,0,0,1
23,2,0,0,0,0,0,8,1,0,0,0,0,0,1
21,1,1,0,0,0,0,6,1,0,0,0,0,0,1
175,2,2,0,1,0,3,15,1,0,0,0,0,0,1
37,2,0,0,0,0,0,28,1,0,0,0,0,0,1
13,1,0,0,0,0,0,5,1,0,0,0,0,0,0
16,1,0,0,0,0,0,8,1,0,0,0,0,0,0
14,1,0,0,0,0,0,6,1,0,0,0,0,0,0
167,2,3,0,1,0,3,15,1,0,0,0,0,0,1
15,1,0,0,0,0,0,7,1,0,0,0,0,0,0
20,1,0,0,0,0,0,12,1,0,0,0,0,0,0
175,2,1,0,1,0,3,15,1,0,0,0,0,0,1
20,1,0,0,0,0,0,12,1,0,0,0,0,0,0
22,1,0,0,0,0,0,7,1,0,0,0,0,0,1
18,1,0,0,0,0,0,10,1,0,0,0,0,0,0
28,2,1,0,0,0,0,19,1,0,0,0,0,0,1
84,2,0,0,0,0,0,15,1,0,0,0,0,0,1
28,2,0,0,0,0,0,19,1,0,0,0,0,0,1
22,1,0,0,0,0,0,14,1,0,0,0,0,0,0
22,1,0,0,0,0,0,14,1,0,0,0,0,0,0
83,3,0,0,0,0,0,74,1,0,0,0,0,0,1
22,1,0,0,0,0,0,7,1,0,0,0,0,0,1
22,1,0,0,0,0,0,6,1,0,0,0,0,0,1
51,3,0,0,0,0,0,21,1,0,0,0,0,0,1
22,1,0,0,0,0,0,6,1,0,0,0,0,0,1
21,1,0,0,0,0,0,13,1,0,0,0,0,0,0
21,1,0,0,0,0,0,13,1,0,0,0,0,0,0
20,1,0,0,0,0,0,12,1,0,0,0,0,0,0
36,2,1,0,0,0,0,27,1,0,0,0,0,0,1
44,2,1,0,0,0,0,35,1,0,0,0,0,0,1
17,1,0,0,0,0,0,9,1,0,0,0,0,0,0
42,2,1,0,0,0,0,33,1,0,0,0,0,0,1
23,1,1,0,0,0,0,15,1,0,0,0,0,0,0
76,2,1,0,1,0,2,25,1,0,0,0,0,0,1
29,2,0,0,0,0,0,20,1,0,0,0,0,0,1
19,1,0,0,0,0,0,11,1,0,0,0,0,0,0
175,2,3,0,1,0,3,15,1,0,0,0,0,0,1
18,1,0,0,0,0,0,10,1,0,0,0,0,0,0
20,1,0,0,0,0,0,12,1,0,0,0,0,0,0
16,1,0,0,0,0,0,8,1,0,0,0,0,0,0
23,1,0,0,0,0,0,15,1,0,0,0,0,0,0
20,2,0,0,0,0,0,12,1,0,0,0,0,0,0
24,1,0,0,0,0,0,16,1,0,0,0,0,0,0
31,1,0,0,0,0,0,15,1,0,0,0,0,0,1
20,1,0,0,0,0,0,12,1,0,0,0,0,0,0
35,2,1,0,0,0,0,28,0,0,0,0,0,0,1
28,1,0,0,0,0,0,9,1,0,0,0,0,0,1
22,1,0,0,0,0,0,7,1,0,0,0,0,0,1
20,1,0,0,0,0,0,12,1,0,0,0,0,0,0
30,2,0,0,0,0,0,22,0,0,0,0,0,0,1
16,1,0,0,0,0,0,8,1,0,0,0,0,0,0
19,1,1,0,0,0,0,11,1,0,0,0,0,0,0
21,1,1,0,0,0,0,6,1,0,0,0,0,0,1
17,1,0,0,0,0,0,9,1,0,0,0,0,0,0
101,2,2,0,1,0,3,30,1,0,0,0,0,0,1
85,3,1,0,0,3,0,43,1,0,1,0,0,0,1
29,1,0,0,0,0,0,21,1,0,0,0,0,0,0
23,2,0,0,0,0,0,8,1,0,0,0,0,0,1
82,1,10,0,0,0,0,8,1,0,0,0,0,0,1
174,2,3,0,1,0,3,15,1,0,0,0,0,0,1
18,2,0,0,0,0,0,10,1,0,0,0,0,0,0
21,1,0,0,0,0,0,13,1,0,0,0,0,0,0
37,2,0,0,0,0,0,28,1,0,0,0,0,0,1
59,2,1,0,0,0,0,21,1,0,0,0,0,0,1
167,2,4,0,1,0,3,15,1,0,0,0,0,0,1
79,2,1,0,0,0,0,30,1,0,0,0,0,0,1
84,2,0,0,0,0,0,15,1,0,0,0,0,0,1
146,3,0,0,1,0,4,15,1,0,0,0,0,0,1
62,3,1,0,0,0,0,43,1,0,0,0,0,0,1
21,1,1,0,0,0,0,6,1,0,0,0,0,0,1
14,1,0,0,0,0,0,6,1,0,0,0,0,0,0
22,1,0,0,0,0,0,7,1,0,0,0,0,0,1
20,1,0,0,0,0,0,12,1,0,0,0,0,0,0
20,1,0,0,0,0,0,12,1,0,0,0,0,0,0
167,2,3,0,1,0,3,15,1,0,0,0,0,0,1
33,2,1,0,0,0,0,24,1,0,0,0,0,0,1
21,1,0,0,0,0,0,13,1,0,0,0,0,0,0
15,1,0,0,0,0,0,7,1,0,0,0,0,0,0
22,1,0,0,0,0,0,7,1,0,0,0,0,0,1
20,1,0,0,0,0,0,12,1,0,0,0,0,0,0
17,1,0,0,0,0,0,9,1,0,0,0,0,0,0
41,2,0,0,0,0,0,32,1,0,0,0,0,0,1
19,1,0,0,0,0,0,11,1,0,0,0,0,0,0
15,1,0,0,0,0,0,7,1,0,0,0,0,0,0
18,1,0,0,0,0,0,10,1,0,0,0,0,0,0
30,1,0,0,1,0,0,4,1,0,0,0,0,0,1
20,1,0,0,0,0,0,12,1,0,0,0,0,0,0
22,1,0,0,0,0,0,7,1,0,0,0,0,0,1
43,3,0,0,0,0,0,34,1,0,0,0,0,0,1
26,2,0,0,0,0,0,17,1,0,0,0,0,0,1
19,1,0,0,0,0,0,11,1,0,0,0,0,0,0
17,1,0,0,0,0,0,9,1,0,0,0,0,0,0
36,2,1,0,0,0,0,28,1,0,0,0,0,0,1
20,1,0,0,0,0,0,12,1,0,0,0,0,0,0
84,2,0,0,0,0,0,15,1,0,0,0,0,0,1
23,2,0,0,0,0,0,8,1,0,0,0,0,0,1
22,1,0,0,0,0,0,6,1,0,0,0,0,0,1
27,2,0,0,0,0,0,18,1,0,0,0,0,0,1
98,3,0,0,0,0,0,7,1,0,0,0,0,0,1
24,1,1,0,0,0,0,16,1,0,0,0,0,0,0
23,1,0,0,0,0,0,15,1,0,0,0,0,0,0
67,1,0,0,0,0,0,7,1,0,0,0,0,0,1
33,2,0,0,0,0,0,25,0,0,0,0,0,0,1
25,2,1,0,0,0,0,16,1,0,1,0,0,0,1
20,1,0,0,0,0,0,12,1,0,0,0,0,0,0
18,1,0,0,0,0,0,10,1,0,0,0,0,0,0
22,1,0,0,0,0,0,7,1,0,0,0,0,0,1
26,2,1,0,0,0,0,17,1,0,0,0,0,0,1
88,3,1,0,0,0,1,19,1,0,0,0,0,0,1
15,1,0,0,0,0,0,7,1,0,0,0,0,0,0
21,1,0,0,0,0,0,13,1,0,0,0,0,0,0
175,2,2,0,1,0,3,15,1,0,0,0,0,0,1
19,1,0,0,0,0,0,11,1,0,0,0,0,0,0
54,2,0,0,0,0,0,17,1,0,0,0,0,0,1
21,1,0,0,0,0,0,13,1,0,0,0,0,0,0
18,1,0,0,0,0,0,10,1,0,0,0,0,0,0
21,1,0,0,0,0,0,13,1,0,0,0,0,0,0
58,2,0,0,0,0,0,49,1,0,0,0,0,0,1
175,2,2,0,1,0,3,15,1,0,0,0,0,0,1
45,2,0,0,0,0,0,36,1,0,0,0,0,0,1
16,1,0,0,0,0,0,8,1,0,0,0,0,0,0
60,3,1,0,0,0,0,28,1,0,0,0,0,0,1
62,3,1,0,0,0,0,43,1,0,0,0,0,0,1
21,1,0,0,0,0,0,13,1,0,0,0,0,0,0
21,1,0,0,0,0,0,13,1,0,0,0,0,0,0
18,1,0,0,0,0,0,10,1,0,0,0,0,0,0
56,2,2,0,0,0,0,16,1,0,0,0,0,0,1
22,1,0,0,0,0,0,7,1,0,0,0,0,0,1
19,1,0,0,0,0,0,11,1,0,0,0,0,0,0
16,1,0,0,0,0,0,8,1,0,0,0,0,0,0
175,2,3,0,1,0,3,15,1,0,0,0,0,0,1
41,2,2,0,0,0,0,32,1,0,0,0,0,0,1
14,1,0,0,0,0,0,6,1,0,0,0,0,0,0
20,1,0,0,0,0,0,12,1,0,0,0,0,0,0
48,2,1,0,0,0,0,20,1,0,0,0,0,0,1
20,2,0,0,0,0,0,12,1,0,0,0,0,0,0
17,1,0,0,0,0,0,9,1,0,0,0,0,0,0
26,1,0,0,0,0,0,18,1,0,0,0,0,0,0
18,1,0,0,0,0,0,10,1,0,0,0,0,0,0
18,1,0,0,0,0,0,10,1,0,0,0,0,0,0
14,1,0,0,0,0,0,6,1,0,0,0,0,0,0
18,1,0,0,0,0,0,10,1,0,0,0,0,0,0
18,1,0,0,0,0,0,10,1,0,0,0,0,0,0
33,2,1,0,0,0,0,24,1,0,0,0,0,0,1
45,1,0,0,0,0,0,7,1,0,0,0,0,0,1
21,1,1,0,0,0,0,13,1,0,0,0,0,0,0
175,2,3,0,1,0,3,15,1,0,0,0,0,0,1
20,1,0,0,0,0,0,12,1,0,0,0,0,0,0
83,2,2,0,0,0,0,15,1,0,0,0,0,0,1
22,1,0,0,0,0,0,7,1,0,0,0,0,0,1
19,1,0,0,0,0,0,11,1,0,0,0,0,0,0
23,2,0,0,0,0,0,8,1,0,0,0,0,0,1
54,2,0,0,0,0,0,17,1,0,0,0,0,0,1
21,1,0,0,0,0,0,13,1,0,0,0,0,0,0
38,2,1,0,0,0,0,29,1,0,0,0,0,0,1
25,1,0,0,0,0,0,8,1,0,0,0,0,0,1
16,1,0,0,0,0,0,8,1,0,0,0,0,0,0
21,1,0,0,0,0,0,13,1,0,0,0,0,0,0
25,1,0,0,0,0,0,17,1,0,0,0,0,0,0
17,2,0,0,0,0,0,9,1,0,0,0,0,0,0
22,1,0,0,0,0,0,14,1,0,0,0,0,0,0
54,2,0,0,0,0,0,30,1,0,0,0,0,0,1
175,2,1,0,1,0,3,15,1,0,0,0,0,0,1
21,1,1,0,0,0,0,6,1,0,0,0,0,0,1
18,1,0,0,0,0,0,10,1,0,0,0,0,0,0
21,1,0,0,0,0,0,13,1,0,0,0,0,0,0
17,1,0,0,0,0,0,9,1,0,0,0,0,0,0
50,2,2,0,0,0,0,10,1,0,0,0,0,0,1
121,4,1,0,1,4,4,14,1,0,0,0,0,0,1
167,2,2,0,1,0,3,15,1,0,0,0,0,0,1
26,1,0,0,0,0,0,10,1,0,0,0,0,0,1
29,1,0,0,0,0,0,21,1,0,0,0,0,0,0
19,1,0,0,0,0,0,11,1,0,0,0,0,0,0
46,3,1,0,1,0,1,7,1,0,0,0,0,0,1
16,1,0,0,0,0,0,8,1,0,0,0,0,0,0
20,1,0,0,0,0,0,6,1,0,0,0,0,0,1
12,1,0,0,0,0,0,4,1,0,0,0,0,0,0
33,2,1,0,0,0,0,25,1,0,0,0,0,0,1
62,3,1,0,0,0,0,43,1,0,0,0,0,0,1
34,1,1,0,0,0,0,25,1,0,0,0,0,0,1
36,2,0,0,0,0,0,27,1,0,0,0,0,0,1
22,1,0,0,0,0,0,14,1,0,0,0,0,0,0
26,1,0,0,0,0,0,19,0,0,0,0,0,0,1
25,1,3,0,0,0,0,17,1,0,0,0,0,0,0
37,2,0,0,0,0,0,29,1,0,0,0,0,0,1
200,3,1,0,1,0,5,15,1,0,0,0,0,0,1
20,2,0,0,0,0,0,12,1,0,0,0,0,0,0
13,1,0,0,0,0,0,5,1,0,0,0,0,0,0
22,1,0,0,0,0,0,9,1,0,0,0,0,0,1
175,2,4,0,1,0,3,15,1,0,0,0,0,0,1
77,2,0,0,0,0,0,68,1,0,0,0,0,0,1
61,4,0,0,0,0,0,23,0,0,0,0,0,0,1
30,2,1,0,0,0,0,21,1,0,0,0,0,0,1
21,1,0,0,0,0,0,13,1,0,0,0,0,0,0
175,2,2,0,1,0,3,15,1,0,0,0,0,0,1
21,1,1,0,0,0,0,6,1,0,0,0,0,0,1
24,1,0,0,0,0,0,5,0,0,0,0,0,0,1
16,1,0,0,0,0,0,8,1,0,0,0,0,0,0
24,1,0,0,0,0,0,16,1,0,0,1,0,0,1
17,1,0,0,0,0,0,9,1,0,0,0,0,0,0
21,1,1,0,0,0,0,13,1,0,0,0,0,0,0
27,1,0,0,0,0,0,6,1,0,0,0,0,0,1
20,1,0,0,0,0,0,12,1,0,0,0,0,0,0
19,1,0,0,0,0,0,11,1,0,0,0,0,0,0
23,1,0,0,0,0,0,15,1,0,0,0,0,0,0
20,1,0,0,0,0,0,12,1,0,0,0,0,0,0
40,2,0,0,0,0,0,31,1,0,0,0,0,0,1
40,2,0,0,0,0,0,31,1,0,0,0,0,0,1
30,2,0,0,0,0,0,21,1,0,0,0,0,0,1
21,1,0,0,0,0,0,13,1,0,0,0,0,0,0
23,2,0,0,0,0,0,8,1,0,0,0,0,0,1
43,1,0,0,0,0,0,12,1,0,0,0,0,0,1
39,2,1,0,0,0,0,30,1,0,0,0,0,0,1
15,1,0,0,0,0,0,7,1,0,0,0,0,0,0
14,1,0,0,0,0,0,6,1,0,0,0,0,0,0
22,1,0,0,0,0,0,7,1,0,0,0,0,0,1
35,2,1,0,0,0,0,26,1,0,0,0,0,0,1
20,1,0,0,0,0,0,12,1,0,0,0,0,0,0
29,1,0,0,0,0,0,21,1,0,0,0,0,1,0
39,2,0,0,0,0,0,30,1,0,0,0,0,0,1
22,1,0,0,0,0,0,6,1,0,0,0,0,0,1
95,2,1,0,0,0,0,21,1,0,0,0,0,0,1
15,1,1,0,0,0,0,7,1,0,0,0,0,0,0
19,1,0,0,0,0,0,11,1,0,0,0,0,0,0
19,1,0,0,0,0,0,11,1,0,0,0,0,0,0
22,1,0,0,0,0,0,14,1,0,0,0,0,0,0
56,2,3,0,0,0,0,47,1,0,0,0,0,0,1
19,1,0,0,0,0,0,11,1,0,0,0,0,0,0
23,2,0,0,0,0,0,8,1,0,0,0,0,0,1
17,1,0,0,0,0,0,9,1,0,0,0,0,0,0
21,1,0,0,0,0,0,13,1,0,0,0,0,0,0
21,1,0,0,0,0,0,13,1,0,0,0,0,0,0
60,3,1,0,0,0,0,43,1,0,0,0,0,0,1
29,1,1,0,0,0,0,21,1,0,0,0,0,0,0
18,1,0,0,0,0,0,10,1,0,0,0,0,0,0
25,1,0,0,0,0,0,17,1,0,0,0,0,0,0
27,1,0,0,0,0,0,14,1,0,0,0,0,0,1
23,2,0,0,0,0,0,8,1,0,0,0,0,0,1
35,2,1,0,0,0,0,20,1,0,0,0,0,0,1
21,1,0,0,0,0,0,13,1,0,0,0,0,0,0
175,2,2,0,1,0,3,15,1,0,0,0,0,0,1
81,2,1,0,0,0,0,21,1,0,0,0,0,0,1
84,2,0,0,0,0,0,15,1,0,0,0,0,0,1
37,2,2,0,0,0,0,28,1,0,0,0,0,0,1
32,2,1,0,0,0,0,23,1,0,0,0,0,0,1
131,3,7,0,1,0,2,12,1,0,0,0,0,0,1
21,1,0,0,0,0,0,13,1,0,0,0,0,0,0
175,2,3,0,1,0,3,15,1,0,0,0,0,0,1
62,2,3,0,0,0,0,38,1,0,0,0,0,0,1
18,1,0,0,0,0,0,10,1,0,0,0,0,0,0
22,1,0,0,0,0,0,14,1,0,0,0,0,0,0
39,2,0,0,0,0,0,16,1,0,0,0,0,0,1
17,1,0,0,0,0,0,9,1,0,0,0,0,0,0
19,1,0,0,0,0,0,11,1,0,0,0,0,0,0
17,1,0,0,0,0,0,9,1,0,0,0,0,0,0
17,1,0,0,0,0,0,9,1,0,0,0,0,0,0
27,2,0,0,0,0,0,19,0,0,0,0,0,0,1
27,1,0,0,0,0,0,19,1,0,0,0,0,0,0
22,1,0,0,0,0,0,6,1,0,0,0,0,0,1
190,3,3,0,1,0,4,15,1,0,0,0,0,0,1
33,2,0,0,0,0,0,24,1,0,0,0,0,0,1
17,1,0,0,0,0,0,9,1,0,0,0,0,0,0
19,1,0,0,0,0,0,11,1,0,0,0,0,0,0
18,1,0,0,0,0,0,10,1,0,0,0,0,0,0
85,4,0,0,1,0,5,15,0,0,0,0,0,0,1
175,2,2,0,1,0,3,15,1,0,0,0,0,0,1
75,2,1,0,1,0,2,24,1,0,0,0,0,0,1
40,2,0,0,0,0,0,31,1,0,0,0,0,0,1
19,1,0,0,0,0,0,11,1,0,0,0,0,0,0
14,1,0,0,0,0,0,6,1,0,0,0,0,0,0
42,2,0,0,0,0,0,33,1,0,0,0,0,0,1
52,2,0,0,0,0,0,43,1,0,0,0,0,0,1
21,1,0,0,0,0,0,13,1,0,0,0,0,0,0
55,5,0,1,0,0,0,24,1,0,0,0,0,0,1
146,3,1,0,1,0,4,15,1,0,0,0,0,0,1
23,2,0,0,0,0,0,8,1,0,0,0,0,0,1
24,1,0,0,0,0,0,16,1,0,0,0,0,0,0
19,1,0,0,0,0,0,11,1,0,0,0,0,0,0
30,2,0,0,0,0,0,13,1,0,0,0,0,0,1
51,3,0,0,0,0,0,21,1,0,0,0,0,0,1
75,2,1,0,1,0,2,24,1,0,0,0,0,0,1
15,1,0,0,0,0,0,7,1,0,0,0,0,0,0
14,1,0,0,0,0,0,6,1,0,0,0,0,0,0
38,2,0,0,0,0,0,17,1,0,0,0,0,0,1
24,1,0,0,0,0,0,16,1,0,0,0,0,0,0
20,1,0,0,0,0,0,12,1,0,0,0,0,0,0
27,1,0,0,0,0,0,19,1,0,0,0,0,0,0
19,1,0,0,0,0,0,11,1,0,0,0,0,0,0
23,1,0,0,0,0,0,15,1,0,0,0,0,0,0
16,1,0,0,0,0,0,8,1,0,0,0,0,0,0
52,3,0,0,0,0,0,15,1,0,0,0,0,0,1
22,1,0,0,0,0,0,14,1,0,0,0,0,0,0
21,1,0,0,0,0,0,13,1,0,0,0,0,0,0
24,1,0,0,0,0,0,16,1,0,0,0,0,0,0
54,7,0,0,0,0,0,35,1,1,0,0,0,1,1
23,2,0,0,0,0,0,9,1,0,0,0,0,0,1
23,2,0,0,0,0,0,8,1,0,0,0,0,0,1
29,1,0,0,0,0,0,21,1,0,0,0,0,0,0
41,2,0,0,0,0,0,32,1,0,0,0,0,0,1
13,1,0,0,0,0,0,5,1,0,0,0,0,0,0
175,2,4,0,1,0,3,15,1,0,0,0,0,0,1
21,1,0,0,0,0,0,13,1,0,0,0,0,0,0
17,1,0,0,0,0,0,9,1,0,0,0,0,0,0
30,1,0,0,0,0,0,22,1,0,0,0,0,0,0
29,1,1,0,0,0,0,21,1,0,0,0,0,0,0
61,2,1,0,0,0,0,52,1,0,0,0,0,0,1
21,1,0,0,0,0,0,13,1,0,0,0,0,0,0
13,1,0,0,0,0,0,5,1,0,0,0,0,0,0
17,1,0,0,0,0,0,9,1,0,0,0,0,0,0
23,2,0,0,0,0,0,8,1,0,0,0,0,0,1
22,1,0,0,0,0,0,14,1,0,0,0,0,0,0
36,2,1,0,0,0,0,27,1,0,0,0,0,0,1
22,1,0,0,0,0,0,6,1,0,0,0,0,0,1
20,1,0,0,0,0,0,12,1,0,0,0,0,0,0
22,1,0,0,0,0,0,7,1,0,0,0,0,0,1
25,1,0,0,0,0,0,17,1,0,0,0,0,0,0
22,1,0,0,0,0,0,7,1,0,0,0,0,0,1
19,1,0,0,0,0,0,11,1,0,0,0,0,0,0
175,2,1,0,1,0,3,15,1,0,0,0,0,0,1
21,1,1,0,0,0,0,6,1,0,0,0,0,0,1
20,1,0,0,0,0,0,12,1,0,0,0,0,0,0
18,1,0,0,0,0,0,10,1,0,0,0,0,0,0
44,2,1,0,0,0,0,35,1,0,0,0,0,0,1
84,2,1,0,0,0,0,15,1,0,0,0,0,0,1
167,2,1,0,1,0,3,15,1,0,0,0,0,0,1
49,2,2,0,0,0,0,40,1,0,0,0,0,0,1
16,1,0,0,0,0,0,8,1,0,0,0,0,0,0
17,1,0,0,0,0,0,9,1,0,0,0,0,0,0
19,1,0,0,0,0,0,11,1,0,0,0,0,0,0
24,1,0,0,0,0,0,16,1,0,0,0,0,0,0
15,1,0,0,0,0,0,7,1,0,0,0,0,0,0
37,2,1,0,0,0,0,28,1,0,0,0,0,0,1
34,2,1,0,0,0,0,25,1,0,0,0,0,0,1
22,1,0,0,0,0,0,14,1,0,0,0,0,0,0
24,1,0,0,0,0,0,16,1,0,0,0,0,0,0
23,2,0,0,0,0,0,8,1,0,0,0,0,0,1
14,1,0,0,0,0,0,6,1,0,0,0,0,0,0
28,1,0,0,0,0,0,11,1,0,0,0,0,0,1
17,1,0,0,0,0,0,9,1,0,0,0,0,0,0
30,2,2,0,0,0,0,21,1,0,0,0,0,0,1
62,3,1,0,0,0,0,43,1,0,0,0,0,0,1
23,1,0,0,0,0,0,15,1,0,0,0,0,0,0
21,1,0,0,0,0,0,13,1,0,0,0,0,0,0
19,1,0,0,0,0,0,11,1,0,0,0,0,0,0
40,2,0,0,1,0,1,28,0,0,0,0,0,0,1
26,1,0,0,0,0,0,18,1,0,0,0,0,0,0
14,1,0,0,0,0,0,6,1,0,0,0,0,0,0
32,2,0,0,0,0,0,23,1,0,0,1,0,0,1
33,2,0,0,0,0,0,17,1,0,0,0,0,0,1
19,1,0,0,0,0,0,11,1,0,0,0,0,0,0
30,2,0,0,0,0,0,8,1,0,0,0,0,0,1
175,2,6,0,1,0,3,15,1,0,0,0,0,0,1
21,1,0,0,0,0,0,13,1,0,0,0,0,0,0
32,2,2,0,0,0,0,23,1,0,0,0,0,0,1
23,2,0,0,0,0,0,8,1,0,0,0,0,0,1
28,1,0,0,0,0,0,20,1,0,0,0,0,0,0
22,1,0,0,0,0,0,6,1,0,0,0,0,0,1
22,1,0,0,0,0,0,14,1,0,0,0,0,0,0
22,1,0,0,0,0,0,14,1,0,0,0,0,0,0
62,3,1,0,0,0,0,43,1,0,0,0,0,0,1
86,5,9,0,0,0,0,58,1,0,0,0,0,0,1
23,2,0,0,0,0,0,8,1,0,0,0,0,0,1
22,1,0,0,0,0,0,7,1,0,0,0,0,0,1
190,3,3,0,1,0,4,15,1,0,0,0,0,0,1
16,1,0,0,0,0,0,8,1,0,0,0,0,0,0
18,1,0,0,0,0,0,10,1,0,0,0,0,0,0
45,2,0,0,0,0,0,16,1,0,1,0,0,0,1
21,1,1,0,0,0,0,6,1,0,0,0,0,0,1
71,1,7,0,0,0,0,8,1,0,0,0,0,0,1
190,3,1,0,1,0,4,15,1,0,0,0,0,0,1
18,1,0,0,0,0,0,10,1,0,0,0,0,0,0
41,2,0,0,0,0,0,32,1,0,0,0,0,0,1
22,1,0,0,0,0,0,6,1,0,0,0,0,0,1
124,2,0,0,1,0,9,15,1,0,0,0,0,0,1
49,1,0,0,0,0,0,6,1,0,0,0,0,0,1
79,3,6,0,0,0,0,70,1,0,0,0,0,0,1
22,1,0,0,0,0,0,14,1,0,0,0,0,0,0
20,1,0,0,0,0,0,12,1,0,0,0,0,0,0
18,1,0,0,0,0,0,10,1,0,0,0,0,0,0
32,2,0,0,0,0,0,23,1,0,0,0,0,0,1
23,1,0,0,0,0,0,15,1,0,0,0,0,0,0
22,1,0,0,0,0,0,14,1,0,0,0,0,0,0
22,1,1,0,0,0,0,14,1,0,0,0,0,0,0
21,1,0,0,0,0,0,13,1,0,0,0,0,0,0
22,1,0,0,0,0,0,6,1,0,0,0,0,0,1
23,2,0,0,0,0,0,8,1,0,0,0,0,0,1
35,2,0,0,0,0,0,26,1,0,0,0,0,0,1
131,2,2,0,1,0,3,15,1,0,0,0,0,0,1
28,2,0,0,0,0,0,19,1,0,0,0,0,0,1
21,1,0,0,0,0,0,13,1,0,0,0,0,0,0
119,5,0,0,1,4,4,14,1,0,0,0,0,0,1
27,2,0,0,0,0,0,19,1,0,0,0,0,0,0
15,1,0,0,0,0,0,7,1,0,0,0,0,0,0
18,1,0,0,0,0,0,10,1,0,0,0,0,0,0
38,2,1,0,0,0,0,15,1,0,0,0,0,0,1
20,1,0,0,0,0,0,12,1,0,0,0,0,0,0
20,1,0,0,0,0,0,12,1,0,0,0,0,0,0
15,1,0,0,0,0,0,7,1,0,0,0,0,0,0
175,2,2,0,1,0,3,15,1,0,0,0,0,0,1
22,1,0,0,0,0,0,7,1,0,0,0,0,0,1
19,1,0,0,0,0,0,11,1,0,0,0,0,0,0
34,2,0,0,0,0,0,25,1,0,0,0,0,0,1
15,1,0,0,0,0,0,7,1,0,0,0,0,0,0
24,1,0,0,0,0,0,16,1,0,0,0,0,1,0
19,1,0,0,0,0,0,11,1,0,0,0,0,0,0
17,1,0,0,0,0,0,9,1,0,0,0,0,0,0
23,1,0,0,0,0,0,15,1,0,0,0,0,0,0
25,1,0,0,0,0,0,17,1,0,0,0,0,0,0
23,2,0,0,0,0,0,8,1,0,0,0,0,0,1
22,1,0,0,0,0,0,14,1,0,0,0,0,0,0
34,1,0,0,0,0,0,11,1,0,0,0,0,0,1
20,1,0,0,0,0,0,12,1,0,0,0,0,0,0
173,2,1,0,1,0,3,15,1,0,0,0,0,0,1
26,1,0,0,0,0,0,18,1,0,0,0,0,0,0
324,2,1,0,1,0,1,19,1,0,0,0,0,0,1
21,1,1,0,0,0,0,6,1,0,0,0,0,0,1
21,1,0,0,0,0,0,13,1,0,0,0,0,0,0
175,2,4,0,1,0,3,15,1,0,0,0,0,0,1
16,1,0,0,0,0,0,8,1,0,0,0,0,0,0
18,1,0,0,0,0,0,10,1,0,0,0,0,0,0
23,1,0,0,0,0,0,15,1,0,0,0,0,0,0
16,1,0,0,0,0,0,8,1,0,0,0,0,0,0
40,2,0,0,0,0,0,16,1,0,0,0,0,0,1
19,1,0,0,0,0,0,11,1,0,0,0,0,0,0
20,1,0,0,0,0,0,12,1,0,0,0,0,0,0
22,1,1,0,0,0,0,14,1,0,0,0,0,0,0
20,1,0,0,0,0,0,12,1,0,0,0,0,0,0
20,1,0,0,0,0,0,12,1,0,0,0,0,0,0
25,1,0,0,0,0,0,17,1,0,0,0,0,0,0
31,1,0,0,0,0,0,18,1,0,0,0,0,0,1
39,2,2,0,0,0,0,30,1,0,0,0,0,0,1
24,1,0,0,0,0,0,16,1,0,0,0,0,0,0
175,2,2,0,1,0,3,15,1,0,0,0,0,0,1
34,2,0,0,1,0,1,21,1,0,0,0,0,0,1
22,1,0,0,0,0,0,7,1,0,0,0,0,0,1
82,6,4,1,1,0,1,20,0,0,0,0,0,0,1
1191,4,33,0,1,0,1,25,1,0,0,0,0,0,1
40,2,1,0,0,0,0,31,1,0,1,0,0,0,1
23,1,0,0,0,0,0,15,1,0,0,0,0,0,0
34,2,1,0,0,0,0,25,1,0,0,0,0,0,1
48,2,0,0,0,0,0,8,1,0,0,0,0,0,1
15,1,0,0,0,0,0,7,1,0,0,0,0,0,0
51,3,0,0,0,0,0,21,1,0,0,0,0,0,1
25,2,1,0,0,0,0,16,1,0,0,0,0,0,1
22,1,0,0,0,0,0,6,1,0,0,0,0,0,1
190,3,2,0,1,0,4,15,1,0,0,0,0,0,1
36,2,0,0,0,0,0,27,1,0,0,0,0,0,1
21,1,1,0,0,0,0,6,1,0,0,0,0,0,1
19,1,0,0,0,0,0,11,1,0,0,0,0,0,0
83,3,0,0,0,0,0,74,1,0,0,0,0,0,1
22,1,1,0,0,0,0,14,1,0,0,0,0,0,0
21,1,0,0,0,0,0,13,1,0,0,0,0,0,0
55,2,1,0,0,0,0,48,0,0,0,0,0,0,1
32,2,0,0,0,0,0,23,1,0,0,0,0,0,1
16,1,0,0,0,0,0,8,1,0,0,0,0,0,0
25,1,0,0,0,0,0,17,1,0,0,0,0,0,0
24,2,0,0,0,0,0,15,1,0,0,0,0,0,1
16,1,0,0,0,0,0,8,1,0,0,0,0,0,0
16,1,0,0,0,0,0,8,1,0,0,0,0,0,0
18,1,0,0,0,0,0,10,1,0,0,0,0,0,0
24,1,0,0,0,0,0,16,1,0,0,0,0,0,0
21,2,0,0,0,0,0,14,0,0,0,0,0,0,1
20,1,0,0,0,0,0,12,1,0,0,0,0,0,0
24,1,0,0,0,0,0,16,1,0,0,0,0,0,0
32,2,0,0,0,0,0,23,1,0,0,0,0,0,1
76,2,1,0,1,0,2,25,1,0,0,0,0,0,1
15,1,0,0,0,0,0,7,1,0,0,0,0,0,0
21,1,0,0,0,0,0,13,1,0,0,0,0,0,0
21,2,0,0,0,0,0,13,1,0,0,0,0,0,0
14,1,0,0,0,0,0,6,1,0,0,0,0,0,0
23,1,0,0,0,0,0,15,1,0,0,0,0,0,0
61,3,1,0,0,0,0,43,1,0,0,0,0,0,1
37,2,2,0,0,0,0,15,1,0,0,0,0,0,1
15,1,0,0,0,0,0,7,1,0,0,0,0,0,0
30,2,0,0,0,0,0,21,1,0,0,0,0,0,1
175,2,1,0,1,0,3,15,1,0,0,0,0,0,1
17,1,0,0,0,0,0,9,1,0,0,0,0,0,0
17,1,0,0,0,0,0,9,1,0,0,0,0,0,0
20,1,0,0,0,0,0,12,1,0,0,0,0,0,0
21,1,0,0,0,0,0,13,1,0,0,0,0,0,0
18,1,0,0,0,0,0,10,1,0,0,0,0,0,0
23,2,0,0,0,0,0,14,1,0,0,0,0,0,1
25,1,0,0,0,0,0,17,1,0,0,0,0,0,0
18,1,0,0,0,0,0,10,1,0,0,0,0,0,0
17,1,0,0,0,0,0,9,1,0,0,0,0,0,0
15,1,0,0,0,0,0,7,1,0,0,0,0,0,0
19,1,0,0,0,0,0,11,1,0,0,0,0,0,0
22,1,1,0,0,0,0,14,1,0,0,0,0,0,0
21,1,0,0,0,0,0,13,1,0,0,0,0,0,0
76,2,5,0,0,2,0,26,1,0,0,0,0,0,1
23,1,0,0,0,0,0,15,1,0,0,0,0,0,0
33,2,0,0,0,0,0,24,1,0,0,0,0,0,1
23,2,0,0,0,0,0,8,1,0,0,0,0,0,1
62,3,1,0,0,0,0,43,1,0,0,0,0,0,1
21,1,0,0,0,0,0,13,1,0,0,0,0,0,0
21,1,1,0,0,0,0,6,1,0,0,0,0,0,1
18,1,0,0,0,0,0,10,1,0,0,0,0,0,0
40,2,0,0,0,0,0,31,1,0,0,1,0,0,1
54,3,0,0,1,0,1,7,1,0,0,0,0,0,1
18,1,0,0,0,0,0,10,1,0,0,0,0,0,0
41,2,0,0,0,0,0,32,1,0,0,0,0,0,1
20,1,0,0,0,0,0,12,1,0,0,0,0,0,0
14,1,0,0,0,0,0,6,1,0,0,0,0,0,0
25,2,0,0,0,0,0,16,1,0,0,0,0,0,1
21,1,1,0,0,0,0,6,1,0,0,0,0,0,1
112,2,1,0,0,0,0,17,1,0,0,0,0,0,1
18,1,0,0,0,0,0,10,1,0,0,0,0,0,0
31,2,1,0,0,0,0,22,1,0,0,0,0,0,1
15,1,0,0,0,0,0,7,1,0,0,0,0,0,0
14,1,0,0,0,0,0,6,1,0,0,0,0,0,0
23,1,0,0,0,0,0,4,1,0,0,0,0,0,1
175,2,3,0,1,0,3,15,1,0,0,0,0,0,1
19,1,0,0,0,0,0,11,1,0,0,0,0,0,0
14,1,0,0,0,0,0,6,1,0,0,0,0,0,0
42,2,0,0,0,0,0,33,1,0,0,0,0,0,1
26,1,0,0,0,0,0,18,1,0,0,0,0,0,0
38,2,2,0,0,0,0,29,1,0,0,0,0,0,1
15,1,0,0,0,0,0,7,1,0,0,0,0,0,0
17,1,0,0,0,0,0,9,1,0,0,0,0,0,0
19,1,0,0,0,0,0,11,1,0,0,0,0,0,0
22,1,0,0,0,0,0,6,1,0,0,0,0,0,1
42,2,0,0,0,0,0,33,1,0,0,0,0,0,1
16,1,0,0,0,0,0,8,1,0,0,0,0,0,0
69,1,0,0,0,0,1,15,1,0,0,0,0,0,1
29,2,1,0,0,0,0,20,1,0,0,0,0,0,1
28,1,0,0,0,0,0,20,1,0,0,0,0,0,0
18,1,0,0,0,0,0,10,1,0,0,0,0,0,0
17,1,0,0,0,0,0,9,1,0,0,0,0,0,0
23,1,0,0,0,0,0,15,1,0,0,0,0,0,0
18,1,0,0,0,0,0,10,1,0,0,0,0,0,0
21,1,1,0,0,0,0,6,1,0,0,0,0,0,1
40,1,1,0,1,0,0,13,1,0,0,0,0,0,1
175,2,4,0,1,0,3,15,1,0,0,0,0,0,1
67,3,2,0,0,0,0,43,1,0,0,0,0,0,1
23,2,0,0,0,0,0,8,1,0,0,0,0,0,1
16,1,0,0,0,0,0,8,1,0,0,0,0,0,0
22,1,0,0,0,0,0,7,1,0,0,0,0,0,1
21,1,0,0,0,0,0,13,1,0,0,0,0,0,0
22,1,0,0,0,0,0,14,1,0,0,0,0,0,0
20,1,0,0,0,0,0,12,1,0,0,0,0,0,0
18,1,0,0,0,0,0,10,1,0,0,0,0,0,0
17,1,0,0,0,0,0,9,1,0,0,0,0,0,0
21,1,1,0,0,0,0,6,1,0,0,0,0,0,1
27,2,2,0,0,0,0,20,0,0,0,0,0,0,1
21,1,0,0,0,0,0,13,1,0,0,0,0,0,0
17,1,0,0,0,0,0,9,1,0,0,0,0,0,0
46,3,1,0,1,0,1,7,1,0,0,0,0,0,1
30,1,0,0,0,0,0,21,1,0,0,0,0,0,1
22,1,0,0,0,0,0,6,1,0,0,0,0,0,1
21,1,1,0,0,0,0,13,1,0,0,0,0,0,0
22,1,0,0,0,0,0,6,1,0,0,0,0,0,1
43,2,0,0,0,0,0,34,1,0,0,0,0,0,1
43,2,0,0,0,0,0,16,1,0,0,0,0,0,1
27,1,0,0,0,0,0,19,1,0,0,0,0,0,0
39,2,0,0,0,0,0,30,1,0,0,0,0,0,1
14,1,0,0,0,0,0,6,1,0,0,0,0,0,0
29,1,1,0,0,0,0,13,1,0,0,0,0,0,1
24,2,1,0,0,0,0,15,1,0,0,0,0,0,1
25,2,1,0,0,0,0,16,1,0,0,0,0,0,1
87,2,6,0,0,0,0,27,0,0,0,0,0,0,1
23,1,0,0,0,0,0,14,1,0,0,0,0,0,1
84,2,0,0,0,0,0,15,1,0,0,0,0,0,1
17,1,0,0,0,0,0,9,1,0,0,0,0,0,0
21,1,0,0,0,0,0,13,1,0,0,0,0,0,0
64,3,0,1,0,0,0,45,1,0,0,0,0,0,1
51,2,3,0,0,0,0,42,1,0,0,0,0,0,1
92,5,1,0,1,3,1,25,1,0,0,0,0,0,1
20,1,0,0,0,0,0,12,1,0,0,0,0,0,0
19,1,0,0,0,0,0,11,1,0,0,0,0,0,0
21,1,1,0,0,0,0,6,1,0,0,0,0,0,1
23,2,1,0,0,0,0,14,1,0,0,0,0,0,1
21,1,0,0,0,0,0,13,1,0,0,0,0,0,0
190,3,3,0,1,0,4,15,1,0,0,0,0,0,1
21,1,1,0,0,0,0,13,1,0,0,0,0,0,0
19,1,0,0,0,0,0,11,1,0,0,0,0,0,0
31,1,0,0,0,0,0,6,1,0,0,0,0,0,1
22,1,0,0,0,0,0,14,1,0,0,0,0,0,0
190,3,2,0,1,0,4,15,1,0,0,0,0,0,1
16,1,0,0,0,0,0,8,1,0,0,0,0,0,0
22,1,0,0,0,0,0,7,1,0,0,0,0,0,1
40,3,1,0,0,0,0,26,1,0,1,0,0,0,1
18,1,0,0,0,0,0,10,1,0,0,0,0,0,0
23,2,0,0,0,0,0,8,1,0,0,0,0,0,1
173,2,3,0,1,0,3,15,1,0,0,0,0,0,1
20,1,0,0,0,0,0,12,1,0,0,0,0,0,0
21,1,0,0,0,0,0,13,1,0,0,0,0,0,0
178,3,2,0,1,0,4,15,1,0,0,0,0,0,1
184,2,0,0,1,0,0,9,1,0,0,0,0,0,1
21,1,1,0,0,0,0,6,1,0,0,0,0,0,1
17,1,0,0,0,0,0,9,1,0,0,0,0,0,0
26,1,0,0,0,0,0,18,1,0,0,0,0,0,0
32,2,0,0,0,0,0,23,1,0,0,0,0,0,1
28,1,1,0,0,0,0,8,1,0,0,0,0,0,1
51,3,0,0,0,0,0,21,1,0,0,0,0,0,1
17,1,0,0,0,0,0,9,1,0,0,0,0,0,0
34,2,1,0,0,0,0,15,1,0,0,0,0,0,1
17,1,0,0,0,0,0,9,1,0,0,0,0,0,0
74,3,6,0,0,0,0,27,1,0,0,0,0,0,1
25,1,0,0,0,0,0,17,1,0,0,0,0,0,0
27,2,0,0,0,0,0,18,1,0,0,0,0,0,1
21,1,0,0,0,0,0,13,1,0,0,0,0,0,0
175,2,2,0,1,0,3,15,1,0,0,0,0,0,1
46,1,1,0,0,0,0,13,1,0,0,0,0,0,1
36,2,1,0,0,0,0,19,0,0,0,0,0,0,1
62,3,1,0,0,0,0,43,1,0,0,0,0,0,1
20,1,0,0,0,0,0,12,1,0,0,0,0,0,0
16,1,0,0,0,0,0,8,1,0,0,0,0,0,0
19,1,0,0,0,0,0,11,1,0,0,0,0,0,0
63,4,0,1,0,0,0,21,1,0,0,0,0,0,1
50,1,2,0,0,0,0,11,1,0,0,0,0,0,1
21,1,0,0,0,0,0,13,1,0,0,0,0,0,0
15,1,0,0,0,0,0,7,1,0,0,0,0,0,0
41,2,1,0,0,0,0,32,1,0,0,0,0,0,1
38,2,0,0,0,0,0,30,1,0,0,0,0,0,1
22,1,0,0,0,0,0,6,1,0,0,0,0,0,1
26,2,0,0,0,0,0,17,1,0,0,0,0,0,1
22,1,0,0,0,0,0,7,1,0,0,0,0,0,1
20,1,0,0,0,0,0,12,1,0,0,0,0,0,0
22,1,0,0,0,0,0,7,1,0,0,0,0,0,1
21,1,1,0,0,0,0,6,1,0,0,0,0,0,1
39,2,0,0,0,0,0,30,1,0,0,0,0,0,1
17,1,0,0,0,0,0,9,1,0,0,0,0,0,0
19,2,0,0,0,0,0,11,1,0,0,0,0,0,0
20,1,1,0,0,0,0,12,1,0,0,0,0,0,0
14,1,0,0,0,0,0,6,1,0,0,0,0,0,0
19,1,0,0,0,0,0,11,1,0,0,0,0,0,0
19,1,0,0,0,0,0,11,1,0,0,0,0,0,0
22,1,0,0,0,0,0,14,1,0,0,0,0,0,0
20,1,0,0,0,0,0,12,1,0,0,0,0,0,0
21,1,0,0,0,0,0,8,0,0,0,0,0,0,1
20,1,0,0,0,0,0,12,1,0,0,0,0,0,0
26,1,0,0,0,0,0,18,1,0,0,0,0,0,0
24,1,0,0,0,0,0,16,1,0,0,0,0,0,0
21,1,0,0,0,0,0,13,1,0,0,0,0,0,0
18,1,1,0,0,0,0,10,1,0,0,0,0,0,0
21,1,0,0,0,0,0,13,1,0,0,0,0,0,0
62,3,1,0,0,0,0,43,1,0,0,0,0,0,1
19,1,0,0,0,0,0,11,1,0,0,0,0,0,0
83,3,0,0,0,0,0,74,1,0,0,0,0,0,1
23,1,0,0,0,0,0,4,1,0,0,0,0,0,1
175,2,1,0,1,0,3,15,1,0,0,0,0,0,1
58,2,1,0,0,2,0,16,1,0,0,0,0,0,1
41,1,0,0,0,0,0,23,1,0,0,0,0,0,1
21,1,1,0,0,0,0,6,1,0,0,0,0,0,1
21,1,1,0,0,0,0,6,1,0,0,0,0,0,1
28,1,0,0,0,0,0,20,1,0,0,0,0,0,0
21,1,0,0,0,0,0,13,1,0,0,0,0,0,0
61,3,0,0,1,0,1,12,1,0,0,0,0,0,1
35,2,0,0,0,0,0,27,1,0,0,0,0,0,1
23,1,0,0,0,0,0,15,1,0,0,0,0,0,0
175,2,2,0,1,0,3,15,1,0,0,0,0,0,1
20,1,0,0,0,0,0,12,1,0,0,0,0,0,0
167,2,3,0,1,0,3,15,1,0,0,0,0,0,1
15,1,0,0,0,0,0,7,1,0,0,0,0,0,0
20,1,0,0,0,0,0,12,1,0,0,0,0,0,0
33,2,1,0,0,0,0,19,1,0,0,0,0,0,1
29,2,0,0,0,0,0,20,1,0,0,0,0,0,1
175,2,2,0,1,0,3,15,1,0,0,0,0,0,1
20,1,0,0,0,0,0,12,1,0,0,0,0,0,0
23,1,1,0,0,0,0,15,1,0,0,0,0,0,0
45,2,2,0,0,0,0,36,1,0,0,0,0,0,1
22,1,0,0,0,0,0,7,1,0,0,0,0,0,1
18,1,0,0,0,0,0,10,1,0,0,0,0,0,0
16,1,0,0,0,0,0,8,1,0,0,0,0,0,0
18,1,0,0,0,0,0,10,1,0,0,0,0,0,0
19,1,0,0,0,0,0,11,1,0,0,0,0,0,0
190,3,1,0,1,0,4,15,1,0,0,0,0,0,1
16,1,0,0,0,0,0,8,1,0,0,0,0,0,0
22,1,0,0,0,0,0,14,1,0,0,0,0,0,0
22,2,0,0,0,0,0,14,1,0,0,0,0,0,0
22,1,0,0,0,0,0,14,1,0,0,0,0,0,0
22,1,0,0,0,0,0,7,1,0,0,0,0,0,1
19,1,0,0,0,0,0,11,1,0,0,0,0,0,0
18,1,0,0,0,0,0,10,1,0,0,0,0,0,0
40,2,0,0,0,0,0,31,1,0,0,0,0,0,1
84,2,0,0,0,0,0,15,1,0,0,0,0,0,1
175,2,3,0,1,0,3,15,1,0,0,0,0,0,1
175,2,1,0,1,0,3,15,1,0,0,0,0,0,1
22,1,0,0,0,0,0,7,1,0,0,0,0,0,1
23,2,0,0,0,0,0,8,1,0,0,0,0,0,1
30,2,2,0,0,0,0,21,1,0,0,0,0,0,1
43,2,0,0,0,0,0,34,1,0,0,0,0,0,1
16,1,0,0,0,0,0,8,1,0,0,0,0,0,0
15,1,0,0,0,0,0,7,1,0,0,0,0,0,0
28,1,0,0,0,0,0,11,1,0,0,0,0,0,1
21,1,0,0,0,0,0,13,1,0,0,0,0,0,0
23,2,0,0,0,0,0,8,1,0,0,0,0,0,1
23,1,0,0,0,0,0,15,1,0,0,0,0,0,0
23,1,0,0,0,0,0,15,1,0,0,0,0,0,0
38,2,3,0,0,0,0,28,1,0,0,0,0,0,1
21,1,0,0,0,0,0,13,1,0,0,0,0,0,0
25,2,0,0,0,0,0,16,1,0,0,0,0,0,1
37,2,1,0,0,0,0,28,1,0,0,0,0,0,1
19,1,0,0,0,0,0,11,1,0,0,0,0,0,0
21,1,1,0,0,0,0,6,1,0,0,0,0,0,1
16,1,0,0,0,0,0,8,1,0,0,0,0,0,0
51,3,0,0,0,0,0,21,1,0,0,0,0,0,1
19,1,0,0,0,0,0,11,1,0,0,0,0,0,0
58,2,1,0,0,0,0,49,1,0,0,0,0,0,1
175,2,3,0,1,0,3,15,1,0,0,0,0,0,1
27,1,1,0,0,0,0,19,1,0,0,0,0,0,0
175,2,3,0,1,0,3,15,1,0,0,0,0,0,1
18,1,0,0,0,0,0,10,1,0,0,0,0,0,0
23,2,0,0,0,0,0,8,1,0,0,0,0,0,1
21,1,0,0,0,0,0,13,1,0,0,0,0,0,0
130,4,1,0,1,0,3,15,1,0,0,0,0,0,1
59,2,0,0,0,0,0,50,1,0,0,0,0,0,1
23,2,0,0,0,0,0,8,1,0,0,0,0,0,1
16,2,0,0,0,0,0,8,1,0,0,0,0,0,0
23,1,0,0,0,0,0,15,1,0,0,0,0,0,0
18,1,0,0,0,0,0,10,1,0,0,0,0,0,0
23,1,0,0,0,0,0,15,1,0,0,0,0,0,0
16,1,0,0,0,0,0,8,1,0,0,0,0,0,0
19,1,0,0,0,0,0,11,1,0,0,0,0,0,0
41,2,0,0,0,0,0,32,1,0,0,0,0,0,1
17,1,0,0,0,0,0,9,1,0,0,0,0,0,0
17,1,0,0,0,0,0,9,1,0,0,0,0,0,0
17,1,0,0,0,0,0,9,1,0,0,0,0,0,0
21,1,0,0,0,0,0,13,1,0,0,0,0,0,0
21,1,0,0,0,0,0,13,1,0,0,0,0,0,0
22,1,0,0,0,0,0,14,1,0,0,0,0,0,0
139,2,0,0,1,0,10,15,0,0,0,0,0,0,1
30,2,1,0,0,0,0,23,0,0,0,0,0,0,1
28,2,0,0,0,0,0,19,1,0,0,0,0,0,1
93,3,1,0,0,0,0,43,1,0,0,0,0,0,1
20,1,0,0,0,0,0,12,1,0,0,0,0,0,0
75,2,1,0,1,0,2,24,1,0,0,0,0,0,1
76,2,1,0,1,0,2,25,1,0,0,0,0,0,1
18,1,0,0,0,0,0,10,1,0,0,0,0,0,0
22,1,0,0,0,0,0,7,1,0,0,0,0,0,1
23,1,0,0,0,0,0,15,1,0,0,0,0,0,0
43,2,2,0,0,0,0,35,1,0,0,0,0,0,1
21,1,1,0,0,0,0,6,1,0,0,0,0,0,1
17,1,0,0,0,0,0,9,1,0,0,0,0,0,0
18,1,0,0,0,0,0,10,1,0,0,0,0,0,0
23,1,0,0,0,0,0,4,1,0,0,0,0,0,1
20,1,0,0,0,0,0,12,1,0,0,0,0,0,0
28,1,0,0,0,0,0,11,1,0,0,0,0,0,1
67,2,4,0,0,0,0,22,1,0,0,0,0,0,1
28,1,0,0,0,0,0,20,1,0,0,0,0,0,0
132,2,0,0,1,0,10,16,1,0,0,0,0,0,1
21,1,0,0,0,0,0,13,1,0,0,0,0,0,0
41,2,1,0,0,0,0,25,1,0,0,0,0,0,1
59,3,0,0,1,0,1,7,1,0,0,0,0,0,1
22,1,0,0,0,0,0,7,1,0,0,0,0,0,1
17,1,0,0,0,0,0,9,1,0,0,0,0,0,0
21,1,0,0,0,0,0,13,1,0,0,0,0,0,0
21,1,1,0,0,0,0,6,1,0,0,0,0,0,1
22,1,0,0,0,0,0,6,1,0,0,0,0,0,1
19,1,0,0,0,0,0,11,1,0,0,0,0,0,0
175,2,3,0,1,0,3,15,1,0,0,0,0,0,1
175,2,1,0,1,0,3,15,1,0,0,0,0,0,1
20,1,0,0,0,0,0,12,1,0,0,0,0,0,0
46,2,0,0,0,0,0,30,1,0,0,0,0,0,1
20,1,0,0,0,0,0,12,1,0,0,0,0,0,0
41,2,2,0,0,0,0,20,1,0,0,0,0,0,1
21,1,1,0,0,0,0,6,1,0,0,0,0,0,1
175,2,3,0,1,0,3,15,1,0,0,0,0,0,1
16,1,0,0,0,0,0,8,1,0,0,0,0,0,0
21,1,0,0,0,0,0,13,1,0,0,1,0,0,0
175,2,2,0,1,0,3,15,1,0,0,0,0,0,1
17,1,0,0,0,0,0,9,1,0,0,0,0,0,0
113,2,2,0,1,0,1,13,1,0,0,0,0,0,1
42,2,1,0,0,0,0,26,1,0,0,0,0,0,1
17,1,0,0,0,0,0,9,1,0,0,0,0,0,0
45,2,0,0,0,0,0,36,1,0,0,0,0,0,1
28,1,0,0,1,0,1,12,1,0,0,0,0,0,1
18,1,0,0,0,0,0,10,1,0,0,0,0,0,0
15,1,0,0,0,0,0,7,1,0,0,0,0,0,0
41,2,2,0,0,0,0,32,1,0,0,0,0,0,1
15,1,0,0,0,0,0,7,1,0,0,0,0,0,0
18,1,0,0,0,0,0,10,1,0,0,0,0,0,0
22,1,0,0,0,0,0,14,1,0,0,0,0,0,0
22,1,0,0,0,0,0,7,1,0,0,0,0,0,1
18,1,0,0,0,0,0,10,1,0,0,0,0,0,0
18,1,0,0,0,0,0,10,1,0,0,0,0,0,0
20,1,0,0,0,0,0,12,1,0,0,0,0,0,0
25,1,0,0,0,0,0,17,1,0,0,0,0,0,0
19,1,0,0,0,0,0,11,1,0,0,0,0,0,0
83,3,0,0,0,0,0,74,1,0,0,0,0,0,1
21,1,1,0,0,0,0,6,1,0,0,0,0,0,1
51,5,0,0,0,0,0,42,1,0,0,0,0,0,1
50,2,0,0,0,0,0,16,1,0,0,0,0,0,1
17,1,0,0,0,0,0,9,1,0,0,0,0,0,0
37,2,0,0,0,0,0,16,1,0,0,0,0,0,1
22,1,0,0,0,0,0,7,1,0,0,0,0,0,1
36,2,0,0,0,0,0,27,1,0,0,0,0,0,1
17,1,0,0,0,0,0,9,1,0,0,0,0,0,0
19,1,0,0,0,0,0,11,1,0,0,0,0,0,0
29,1,0,0,0,0,0,21,1,0,0,0,0,0,0
23,1,0,0,0,0,0,10,1,0,0,0,0,0,1
67,1,0,0,0,0,0,7,1,0,0,0,0,0,1
33,2,0,0,0,0,0,24,1,0,0,0,0,0,1
66,3,1,0,0,0,0,24,0,0,0,0,0,0,1
18,1,0,0,0,0,0,10,1,0,0,0,0,0,0
21,1,1,0,0,0,0,6,1,0,0,0,0,0,1
21,2,0,0,0,0,0,13,1,0,0,0,0,0,0
22,1,0,0,0,0,0,6,1,0,0,0,0,0,1
15,1,0,0,0,0,0,7,1,0,0,0,0,0,0
175,2,2,0,1,0,3,15,1,0,0,0,0,0,1
37,2,1,0,0,0,0,25,1,0,1,0,0,0,1
31,2,0,0,0,0,0,22,1,0,0,0,0,0,1
132,3,0,0,1,7,0,12,1,0,0,0,0,0,1
17,1,0,0,0,0,0,9,1,0,0,0,0,0,0
29,2,0,0,0,0,0,20,1,0,0,0,0,0,1
62,2,0,0,1,0,1,16,1,0,0,0,0,0,1
40,2,0,0,0,0,0,16,1,0,0,0,0,0,1
17,1,0,0,0,0,0,9,1,0,0,0,0,0,0
13,1,0,0,0,0,0,5,1,0,0,0,0,0,0
25,1,0,0,0,0,0,17,1,0,0,0,0,0,0
21,1,1,0,0,0,0,13,1,0,0,0,0,0,0
103,4,0,1,0,0,0,7,1,0,0,0,0,0,1
38,2,0,0,0,0,0,29,1,0,0,0,0,0,1
15,1,0,0,0,0,0,7,1,0,0,0,0,0,0
23,2,0,0,0,0,0,15,1,0,0,0,0,0,1
15,1,0,0,0,0,0,7,1,0,0,0,0,0,0
21,1,0,0,0,0,0,13,1,0,0,0,0,0,0
43,2,2,0,0,0,0,34,1,0,0,0,0,0,1
21,1,1,0,0,0,0,6,1,0,0,0,0,0,1
51,3,0,0,0,0,0,21,1,0,0,0,0,0,1
47,2,1,0,0,0,0,25,1,0,0,0,0,0,1
19,1,0,0,0,0,0,11,1,0,0,0,0,0,0
20,1,0,0,0,0,0,12,1,0,0,0,0,0,0
15,1,0,0,0,0,0,7,1,0,0,0,0,0,0
67,2,1,0,0,0,0,58,1,0,0,0,0,0,1
19,1,0,0,0,0,0,11,1,0,0,0,0,0,0
20,1,0,0,0,0,0,12,1,0,0,0,0,0,0
46,2,1,0,0,0,0,37,1,0,0,0,0,0,1
15,1,0,0,0,0,0,7,1,0,0,0,0,0,0
42,2,0,0,0,0,0,16,1,0,0,0,0,0,1
175,2,2,0,1,0,3,15,1,0,0,0,0,0,1
21,1,0,0,0,0,0,13,1,0,0,0,0,0,0
84,2,0,0,0,0,0,15,1,0,0,0,0,0,1
40,2,1,0,0,0,0,31,1,0,0,0,0,0,1
18,1,0,0,0,0,0,10,1,0,0,0,0,0,0
35,2,0,0,0,0,0,26,1,0,0,0,0,0,1
18,1,0,0,0,0,0,10,1,0,0,0,0,0,0
34,2,1,0,0,0,0,25,1,0,0,0,0,0,1
46,2,5,0,0,0,0,37,1,0,0,0,0,0,1
15,1,0,0,0,0,0,7,1,0,0,0,0,0,0
42,2,0,0,0,0,0,19,1,0,0,0,0,0,1
32,2,0,0,0,0,0,23,1,0,0,0,0,0,1
18,1,0,0,0,0,0,10,1,0,0,0,0,0,0
79,3,6,0,0,0,0,70,1,0,0,0,0,0,1
21,1,1,0,0,0,0,6,1,0,0,0,0,0,1
22,1,0,0,0,0,0,6,1,0,0,0,0,0,1
37,2,1,0,0,0,0,22,1,0,0,0,0,0,1
200,3,3,0,1,0,5,15,1,0,0,0,0,0,1
17,1,0,0,0,0,0,9,1,0,0,0,0,0,0
183,4,1,0,1,0,1,27,1,0,0,0,0,0,1
175,2,3,0,1,0,3,15,1,0,0,0,0,0,1
22,1,0,0,0,0,0,6,1,0,0,0,0,0,1
190,3,3,0,1,0,4,15,1,0,0,0,0,0,1
78,3,1,0,0,0,0,43,1,0,0,0,0,0,1
22,1,0,0,0,0,0,14,1,0,0,0,0,0,0
22,1,0,0,0,0,0,14,1,0,0,0,0,0,0
22,1,0,0,0,0,0,7,1,0,0,0,0,0,1
17,1,0,0,0,0,0,9,1,0,0,0,0,0,0
21,1,1,0,0,0,0,6,1,0,0,0,0,0,1
20,1,0,0,0,0,0,12,1,0,0,0,0,0,0
35,1,0,0,0,0,0,16,1,0,0,0,0,0,1
53,2,3,0,0,0,0,44,1,0,0,0,0,0,1
22,1,0,0,0,0,0,14,1,0,0,0,0,0,0
175,2,2,0,1,0,3,15,1,0,0,0,0,0,1
59,2,4,0,0,0,0,50,1,0,0,0,0,0,1
21,1,1,0,0,0,0,6,1,0,0,0,0,0,1
18,1,0,0,0,0,0,10,1,0,0,0,0,0,0
22,1,0,0,0,0,0,6,1,0,0,0,0,0,1
19,1,0,0,0,0,0,11,1,0,0,0,0,0,0
19,2,0,0,0,0,0,11,1,0,0,0,0,0,0
23,2,0,0,0,0,0,8,1,0,0,0,0,0,1
47,2,2,0,0,0,0,38,1,0,0,0,0,0,1
18,1,0,0,0,0,0,10,1,0,0,0,0,0,0
75,2,1,0,1,0,2,24,1,0,0,0,0,0,1
30,2,0,0,0,0,0,21,1,0,0,0,0,0,1
22,1,1,0,0,0,0,14,1,0,0,0,0,0,0
20,1,0,0,0,0,0,12,1,0,0,0,0,0,0
19,1,0,0,0,0,0,11,1,0,0,0,0,0,0
22,1,0,0,0,0,0,7,1,0,0,0,0,0,1
48,1,0,0,0,0,0,17,1,0,0,0,0,0,1
76,2,1,0,1,0,2,25,1,0,0,0,0,0,1
20,1,0,0,0,0,0,12,1,0,0,0,0,0,0
28,1,0,0,0,0,0,11,1,0,0,0,0,0,1
23,2,0,0,0,0,0,8,1,0,0,0,0,0,1
13,1,0,0,0,0,0,5,1,0,0,0,0,0,0
17,1,0,0,0,0,0,9,1,0,0,0,0,0,0
21,1,0,0,0,0,0,13,1,0,0,0,0,0,0
46,3,1,0,1,0,1,7,1,0,0,0,0,0,1
16,1,0,0,0,0,0,8,1,0,0,0,0,0,0
18,1,0,0,0,0,0,10,1,0,0,0,0,0,0
50,3,0,0,0,0,0,23,1,0,0,0,0,0,1
19,1,0,0,0,0,0,11,1,0,0,0,0,0,0
36,2,0,0,0,0,0,8,1,0,0,0,0,0,1
31,2,0,0,0,0,0,22,1,0,0,0,0,0,1
19,1,0,0,0,0,0,11,1,0,0,0,0,0,0
15,1,0,0,0,0,0,7,1,0,0,0,0,0,0
27,1,0,0,0,0,0,19,1,0,0,0,0,0,0
30,1,2,0,0,0,0,21,1,0,0,0,0,0,1
30,2,0,0,0,0,0,13,1,0,0,0,0,0,1
43,2,0,0,0,0,0,34,1,0,0,0,0,0,1
17,1,0,0,0,0,0,9,1,0,0,0,0,0,0
36,1,0,0,1,0,1,8,0,0,0,0,0,0,1
29,2,0,0,0,0,0,21,0,0,0,0,0,0,1
33,2,1,0,0,0,0,24,1,0,0,0,0,0,1
23,1,0,0,0,0,0,15,1,0,0,0,0,0,0
15,1,0,0,0,0,0,7,1,0,0,0,0,0,0
175,2,2,0,1,0,3,15,1,0,0,0,0,0,1
35,2,0,0,0,0,0,26,1,0,0,0,0,0,1
40,2,2,0,0,0,0,33,0,0,0,0,0,0,1
17,1,0,0,0,0,0,9,1,0,0,0,0,0,0
20,1,0,0,0,0,0,12,1,0,0,0,0,0,0
15,1,0,0,0,0,0,7,1,0,0,0,0,0,0
16,1,0,0,0,0,0,8,1,0,0,0,0,0,0
34,2,2,0,0,0,0,25,1,0,0,0,0,0,1
19,1,1,0,0,0,0,11,1,0,0,0,0,0,0
22,1,0,0,0,0,0,14,1,0,0,0,0,0,0
73,2,0,0,0,0,0,15,1,0,0,0,0,0,1
23,1,0,0,0,0,0,15,1,0,0,0,0,0,0
33,2,1,0,0,0,0,26,0,0,0,0,0,0,1
19,1,0,0,0,0,0,11,1,0,0,0,0,0,0
21,1,0,0,0,0,0,13,1,0,0,0,0,0,0
175,2,1,0,1,0,3,15,1,0,0,0,0,0,1
31,2,0,0,0,0,0,15,1,0,0,0,0,0,1
22,1,0,0,0,0,0,6,1,0,0,0,0,0,1
17,1,0,0,0,0,0,9,1,0,0,0,0,0,0
21,1,1,0,0,0,0,13,1,0,0,0,0,0,0
67,1,0,0,0,0,0,7,1,0,0,0,0,0,1
18,1,0,0,0,0,0,10,1,0,0,0,0,0,0
40,2,1,0,0,0,0,31,1,0,0,0,0,0,1
20,1,0,0,0,0,0,12,1,0,0,0,0,0,0
134,3,0,0,1,0,4,15,1,0,0,0,0,0,1
15,1,0,0,0,0,0,7,1,0,0,0,0,0,0
51,3,0,0,0,0,0,21,1,0,0,0,0,0,1
22,1,0,0,0,0,0,6,1,0,0,0,0,0,1
20,1,0,0,0,0,0,12,1,0,0,0,0,0,0
35,2,0,0,0,0,0,26,1,0,0,0,0,0,1
35,2,0,0,0,0,0,26,1,0,0,0,0,0,1
76,2,1,0,1,0,2,25,1,0,0,0,0,0,1
20,1,0,0,0,0,0,12,1,0,0,0,0,0,0
35,1,1,0,0,0,0,19,1,0,0,0,0,0,1
45,2,2,0,0,0,0,36,1,0,0,0,0,0,1
23,2,0,0,0,0,0,8,1,0,0,0,0,0,1
22,1,0,0,0,0,0,14,1,0,0,0,0,0,0
24,1,0,0,0,0,0,16,1,0,0,0,0,0,0
99,3,4,0,0,0,0,43,1,0,0,0,0,0,1
19,1,0,0,0,0,0,11,1,0,0,0,0,0,0
22,1,0,0,0,0,0,7,1,0,0,0,0,0,1
42,2,2,0,0,0,0,25,1,0,0,0,0,0,1
24,1,0,0,0,0,0,16,1,0,0,0,0,0,0
23,1,0,0,0,0,0,15,1,0,0,0,0,0,0
18,1,0,0,0,0,0,10,1,0,0,0,0,0,0
17,1,0,0,0,0,0,9,1,0,0,0,0,0,0
22,1,0,0,0,0,0,7,1,0,0,0,0,0,1
187,6,2,1,1,0,8,18,1,0,0,0,0,0,1
14,1,0,0,0,0,0,6,1,0,0,0,0,0,0
16,1,0,0,0,0,0,8,1,0,0,0,0,0,0
19,1,0,0,0,0,0,11,1,0,0,0,0,0,0
21,1,1,0,0,0,0,6,1,0,0,0,0,0,1
547,2,8,0,1,0,0,24,1,0,0,0,0,0,1
25,1,1,0,0,0,0,17,1,0,0,0,0,0,0
13,1,0,0,0,0,0,5,1,0,0,0,0,0,0
17,1,0,0,0,0,0,9,1,0,0,0,0,0,0
131,2,3,0,0,0,0,15,1,0,0,0,0,0,1
129,3,4,0,1,0,2,15,1,0,0,0,0,0,1
131,2,1,0,1,0,3,15,1,0,0,0,0,0,1
17,1,0,0,0,0,0,9,1,0,0,0,0,0,0
18,1,0,0,0,0,0,10,1,0,0,0,0,0,0
174,2,4,0,1,0,3,15,1,0,0,0,0,0,1
20,1,0,0,0,0,0,12,1,0,0,0,0,0,0
17,1,0,0,0,0,0,9,1,0,0,0,0,0,0
17,1,0,0,0,0,0,9,1,0,0,0,0,0,0
19,1,0,0,0,0,0,11,1,0,0,0,0,0,0
22,1,0,0,0,0,0,6,1,0,0,0,0,0,1
191,3,2,0,1,0,4,15,1,0,0,0,0,0,1
17,1,0,0,0,0,0,9,1,0,0,0,0,0,0
22,1,0,0,0,0,0,7,1,0,0,0,0,0,1
32,2,0,0,0,0,0,23,1,0,0,0,0,0,1
41,2,0,0,0,0,0,33,0,0,0,0,0,0,1
15,1,0,0,0,0,0,7,1,0,0,0,0,0,0
116,3,2,0,1,0,2,15,1,0,0,0,0,0,1
23,2,0,0,0,0,0,8,1,0,0,0,0,0,1
17,1,0,0,0,0,0,9,1,0,0,0,0,0,0
18,1,0,0,0,0,0,10,1,0,0,0,0,0,0
167,2,2,0,1,0,3,15,1,0,0,0,0,0,1
22,1,0,0,0,0,0,6,1,0,0,0,0,0,1
37,2,0,0,0,0,0,28,1,0,0,0,0,0,1
21,1,0,0,0,0,0,8,1,0,0,0,0,0,1
21,1,1,0,0,0,0,6,1,0,0,0,0,0,1
175,2,2,0,1,0,3,15,1,0,0,0,0,0,1
28,1,0,0,0,0,0,19,1,0,0,0,0,0,1
19,1,0,0,0,0,0,11,1,0,0,0,0,0,0
23,1,0,0,0,0,0,16,0,0,0,0,0,0,1
175,2,3,0,1,0,3,15,1,0,0,0,0,0,1
18,1,0,0,0,0,0,10,1,0,0,0,0,0,0
27,2,1,0,0,0,0,19,1,0,0,0,0,0,1
35,2,3,0,0,0,0,27,1,0,0,0,0,0,1
22,1,0,0,0,0,0,6,1,0,0,0,0,0,1
117,4,1,0,1,3,4,14,1,0,0,0,0,0,1
23,2,0,0,0,0,0,8,1,0,0,0,0,0,1
148,4,6,0,1,0,3,15,1,0,0,0,0,0,1
167,2,3,0,1,0,3,15,1,0,0,0,0,0,1
37,2,0,0,0,0,0,16,1,0,0,0,0,0,1
18,1,0,0,0,0,0,10,1,0,0,0,0,0,0
30,1,2,0,0,0,0,18,1,0,0,0,0,0,1
19,1,0,0,0,0,0,11,1,0,0,0,0,0,0
24,1,0,0,0,0,0,16,0,0,0,0,0,0,1
14,1,0,0,0,0,0,6,1,0,0,0,0,0,0
25,1,0,0,0,0,0,17,1,0,0,0,0,0,0
181,3,1,0,1,1,4,15,1,0,0,0,0,0,1
44,2,1,0,0,0,0,35,1,0,0,0,0,0,1
40,2,0,0,0,0,0,16,1,0,0,0,0,0,1
57,4,0,0,1,0,1,7,1,0,0,0,0,0,1
20,1,0,0,0,0,0,12,1,0,0,0,0,0,0
35,1,0,0,0,0,0,9,1,0,0,0,0,0,1
21,1,1,0,0,0,0,6,1,0,0,0,0,0,1
23,2,0,0,0,0,0,8,1,0,0,0,0,0,1
18,1,0,0,0,0,0,10,1,0,0,0,0,0,0
175,2,2,0,1,0,3,15,1,0,0,0,0,0,1
21,1,0,0,0,0,0,13,1,0,0,0,0,0,0
37,1,0,0,1,0,1,7,1,0,0,0,0,0,1
18,1,0,0,0,0,0,10,1,0,0,0,0,0,0
40,2,1,0,0,0,0,31,1,0,0,0,0,0,1
22,1,0,0,0,0,0,7,1,0,0,0,0,0,1
19,1,0,0,0,0,0,11,1,0,0,0,0,0,0
69,2,1,0,0,0,0,17,1,0,0,0,0,0,1
18,1,0,0,0,0,0,10,1,0,0,0,0,0,0
23,1,0,0,0,0,0,15,1,0,0,0,0,0,0
23,2,0,0,0,0,0,8,1,0,0,0,0,0,1
19,1,0,0,0,0,0,11,1,0,0,0,0,0,0
23,1,0,0,0,0,0,15,1,0,0,0,0,0,0
18,1,0,0,0,0,0,10,1,0,0,0,0,0,0
19,1,1,0,0,0,0,11,1,0,0,0,0,0,0
27,2,0,0,0,0,0,18,1,0,0,0,0,0,1
21,1,1,0,0,0,0,6,1,0,0,0,0,0,1
23,1,0,0,0,0,0,15,1,0,0,0,0,0,0
17,1,0,0,0,0,0,9,1,0,0,0,0,0,0
21,1,0,0,0,0,0,13,1,0,0,0,0,0,0
26,1,0,0,0,0,0,6,1,0,0,0,0,0,1
21,1,1,0,0,0,0,6,1,0,0,0,0,0,1
20,1,0,0,0,0,0,12,1,0,0,0,0,0,0
35,1,0,0,0,0,0,9,1,0,0,0,0,0,1
20,1,0,0,0,0,0,12,1,0,0,0,0,0,0
16,1,0,0,0,0,0,8,1,0,0,0,0,0,0
76,2,0,0,1,0,1,34,0,0,0,0,0,0,1
175,2,1,0,1,0,3,15,1,0,0,0,0,0,1
21,1,0,0,0,0,0,13,1,0,0,0,0,0,0
20,1,0,0,0,0,0,12,1,0,0,0,0,0,0
39,2,0,0,0,0,0,31,1,0,0,0,0,0,1
175,2,1,0,1,0,3,15,1,0,0,0,0,0,1
14,1,0,0,0,0,0,6,1,0,0,0,0,0,0
18,1,0,0,0,0,0,10,1,0,0,0,0,0,0
25,1,0,0,0,0,0,17,1,0,0,0,0,0,0
21,1,1,0,0,0,0,6,1,0,0,0,0,0,1
22,1,0,0,0,0,0,7,1,0,0,0,0,0,1
20,1,0,0,0,0,0,12,1,0,0,0,0,0,0
95,4,6,0,0,1,0,24,1,0,0,0,0,0,1
23,1,0,0,0,0,0,15,1,0,0,0,0,0,0
22,1,0,0,0,0,0,7,1,0,0,0,0,0,1
17,1,0,0,0,0,0,9,1,0,0,0,0,0,0
19,1,0,0,0,0,0,11,1,0,0,0,0,0,0
18,1,0,0,0,0,0,10,1,0,0,0,0,0,0
44,3,2,0,0,0,0,35,1,0,0,0,0,0,1
43,1,0,0,0,0,0,12,1,0,0,0,0,0,1
40,2,2,0,0,0,0,31,1,0,0,0,0,0,1
23,2,0,0,0,0,0,8,1,0,0,0,0,0,1
18,2,0,0,0,0,0,10,1,0,0,0,0,0,0
27,1,1,0,0,0,0,12,1,0,0,0,0,0,1
16,1,0,0,0,0,0,8,1,0,0,0,0,0,0
41,2,2,0,0,0,0,32,1,0,0,0,0,0,1
20,1,0,0,0,0,0,12,1,0,0,0,0,0,0
14,1,0,0,0,0,0,6,1,0,0,0,0,0,0
40,1,1,0,0,0,0,22,1,0,0,0,0,0,1
21,1,1,0,0,0,0,6,1,0,0,0,0,0,1
30,2,0,0,0,0,0,16,0,0,0,1,0,0,1
20,1,0,0,0,0,0,12,1,0,0,0,0,0,0
21,2,0,0,0,0,0,13,1,0,0,0,0,0,0
21,1,0,0,0,0,0,13,1,0,0,0,0,0,0
19,1,0,0,0,0,0,11,1,0,0,0,0,0,0
20,1,0,0,0,0,0,12,1,0,0,0,0,0,0
39,2,0,0,0,0,0,30,1,0,0,0,0,0,1
16,1,0,0,0,0,0,8,1,0,0,0,0,0,0
22,2,0,0,0,0,0,14,1,0,0,0,0,0,0
16,1,0,0,0,0,0,8,1,0,0,0,0,0,0
21,1,1,0,0,0,0,6,1,0,0,0,0,0,1
174,2,1,0,1,0,2,13,1,0,0,0,0,0,1
17,1,0,0,0,0,0,9,1,0,0,0,0,0,0
44,2,2,0,0,0,0,35,1,0,0,0,0,0,1
173,2,4,0,1,0,3,15,1,0,0,0,0,0,1
38,2,1,0,0,0,0,29,1,0,0,0,0,0,1
17,1,0,0,0,0,0,9,1,0,0,0,0,0,0
45,3,0,0,0,0,0,22,1,0,0,0,0,0,1
24,1,0,0,0,0,0,16,1,0,0,0,0,0,0
19,1,0,0,0,0,0,11,1,0,0,0,0,0,0
25,1,1,0,0,0,0,17,1,0,0,0,0,0,0
21,1,0,0,0,0,0,13,1,0,0,1,0,0,0
25,2,0,0,0,0,0,16,1,0,0,0,0,0,1
15,1,0,0,0,0,0,7,1,0,0,0,0,0,0
48,1,0,0,0,0,0,17,1,0,0,0,0,0,1
25,1,0,0,0,0,0,17,1,0,0,0,0,0,0
18,1,0,0,0,0,0,10,1,0,0,0,0,0,0
175,2,1,0,1,0,3,15,1,0,0,0,0,0,1
22,1,0,0,0,0,0,14,1,0,0,0,0,0,0
17,1,0,0,0,0,0,9,1,0,0,0,0,0,0
61,3,1,0,0,0,0,43,1,0,0,0,0,0,1
51,3,0,0,0,0,0,21,1,0,0,0,0,0,1
22,1,0,0,0,0,0,7,1,0,0,0,0,0,1
21,1,0,0,0,0,0,13,1,0,0,0,0,0,0
31,1,0,0,0,0,0,22,1,0,0,0,0,0,1
23,2,0,0,0,0,0,8,1,0,0,0,0,0,1
29,2,0,0,0,0,0,20,1,0,0,0,0,0,1
16,1,0,0,0,0,0,8,1,0,0,0,0,0,0
21,1,0,0,0,0,0,13,1,0,0,0,0,0,0
23,2,0,0,0,0,0,8,1,0,0,0,0,0,1
15,1,0,0,0,0,0,7,1,0,0,0,0,0,0
16,1,0,0,0,0,0,8,1,0,0,0,0,0,0
28,1,0,0,0,0,0,11,1,0,0,0,0,0,1
18,1,0,0,0,0,0,10,1,0,0,0,0,0,0
21,1,1,0,0,0,0,6,1,0,0,0,0,0,1
34,2,1,0,0,0,0,18,1,0,0,0,0,0,1
65,2,0,0,0,0,0,50,1,0,0,0,0,0,1
94,2,1,0,0,0,0,21,1,0,0,0,0,0,1
26,1,1,0,0,0,0,18,1,0,0,0,0,0,0
23,2,0,0,0,0,0,14,1,0,0,0,0,0,1
29,2,0,0,0,0,0,15,1,0,0,0,0,0,1
24,1,0,0,0,0,0,16,1,0,0,0,0,0,0
21,1,1,0,0,0,0,6,1,0,0,0,0,0,1
28,2,0,0,0,0,0,19,1,0,0,0,0,0,1
18,1,0,0,0,0,0,10,1,0,0,0,0,0,0
22,1,0,0,0,0,0,14,1,0,0,0,0,0,0
19,1,0,0,0,0,0,11,1,0,0,0,0,0,0
15,1,0,0,0,0,0,7,1,0,0,0,0,0,0
17,1,0,0,0,0,0,9,1,0,0,0,0,0,0
15,1,0,0,0,0,0,7,1,0,0,0,0,0,0
19,1,0,0,0,0,0,11,1,0,0,0,0,0,0
46,3,1,0,1,0,1,7,1,0,0,0,0,0,1
29,2,0,0,0,0,0,20,1,0,0,0,0,0,1
22,1,0,0,0,0,0,6,1,0,0,0,0,0,1
18,1,0,0,0,0,0,10,1,0,0,0,0,0,0
30,1,0,0,0,0,0,8,1,0,0,0,0,0,1
21,1,0,0,0,0,0,13,1,0,0,0,0,0,0
178,3,4,0,1,0,4,15,1,0,0,0,0,0,1
23,2,0,0,0,0,0,8,1,0,0,0,0,0,1
18,1,0,0,0,0,0,10,1,0,0,0,0,0,0
16,1,0,0,0,0,0,8,1,0,0,0,0,0,0
32,1,0,0,0,0,0,24,1,0,0,0,0,0,0
22,1,0,0,0,0,0,7,1,0,0,0,0,0,1
27,1,1,0,0,0,0,13,1,0,0,0,0,0,1
22,1,0,0,0,0,0,14,1,0,0,0,0,0,0
18,1,0,0,0,0,0,10,1,0,0,0,0,0,0
175,2,1,0,1,0,3,15,1,0,0,0,0,0,1
18,1,0,0,0,0,0,10,1,0,0,0,0,0,0
65,2,0,0,1,0,1,24,1,0,1,0,0,1,1
23,2,0,0,0,0,0,8,1,0,0,0,0,0,1
109,3,2,0,1,0,2,15,1,0,0,0,0,0,1
44,2,1,0,0,0,0,28,1,0,0,0,0,0,1
16,1,0,0,0,0,0,8,1,0,0,0,0,0,0
19,1,0,0,0,0,0,11,1,0,0,0,0,0,0
167,2,1,0,1,0,3,15,1,0,0,0,0,0,1
181,3,3,0,1,1,4,15,1,0,0,0,0,0,1
30,1,0,0,0,0,0,11,1,0,0,0,0,0,1
41,2,2,0,0,0,0,23,1,0,1,0,0,0,1
48,2,0,0,0,0,0,31,1,0,0,0,0,0,1
173,2,2,0,1,0,3,15,1,0,0,0,0,0,1
22,1,0,0,0,0,0,7,1,0,0,0,0,0,1
79,3,1,0,0,0,0,43,1,0,0,0,0,0,1
175,2,1,0,1,0,3,15,1,0,0,0,0,0,1
49,3,0,1,0,0,0,26,1,0,0,0,0,0,1
22,1,0,0,0,0,0,14,1,0,0,0,0,0,0
22,1,0,0,0,0,0,7,1,0,0,0,0,0,1
175,2,3,0,1,0,3,15,1,0,0,0,0,0,1
217,2,2,0,1,0,1,25,1,0,0,0,0,0,1
24,2,0,0,0,0,0,16,1,0,0,0,0,0,0
22,1,1,0,0,0,0,14,1,0,0,0,0,0,0
21,1,1,0,0,0,0,6,1,0,0,0,0,0,1
18,1,0,0,0,0,0,10,1,0,0,0,0,0,0
62,3,1,0,0,0,0,43,1,0,0,0,0,0,1
29,1,0,0,0,0,0,12,1,0,0,0,0,0,1
145,1,0,0,1,0,5,7,1,0,0,0,0,0,1
40,2,2,0,0,0,0,31,1,0,0,0,0,0,1
30,1,0,0,0,0,0,22,1,0,0,0,0,0,0
16,1,0,0,0,0,0,8,1,0,0,0,0,0,0
37,2,2,0,0,0,0,29,1,0,0,0,0,0,1
37,2,1,0,0,0,0,21,1,0,0,0,0,0,1
22,1,0,0,0,0,0,6,1,0,0,0,0,0,1
20,1,0,0,0,0,0,12,1,0,0,0,0,0,0
17,1,0,0,0,0,0,9,1,0,0,0,0,0,0
17,1,0,0,0,0,0,9,1,0,0,0,0,0,0
17,1,0,0,0,0,0,9,1,0,0,0,0,0,0
75,2,1,0,1,0,2,24,1,0,0,0,0,0,1
15,1,0,0,0,0,0,7,1,0,0,0,0,0,0
28,1,1,0,0,0,0,20,1,0,0,0,0,0,0
22,1,0,0,0,0,0,7,1,0,0,0,0,0,1
22,1,0,0,0,0,0,14,1,0,0,0,0,0,0
23,2,0,0,0,0,0,8,1,0,0,0,0,0,1
22,1,0,0,0,0,0,14,1,0,0,0,0,0,0
28,1,0,0,0,0,0,11,1,0,0,0,0,0,1
37,2,2,0,0,0,0,23,1,0,0,0,0,0,1
165,2,0,0,1,0,1,31,1,0,0,0,0,0,1
21,1,0,0,0,0,0,13,1,0,0,0,0,0,0
29,2,1,0,0,0,0,21,1,0,0,0,0,0,1
84,2,2,0,0,0,0,15,1,0,0,0,0,0,1
36,2,0,0,0,0,0,27,1,0,0,0,0,0,1
23,1,1,0,0,0,0,15,1,0,0,0,0,0,0
19,1,0,0,0,0,0,11,1,0,0,0,0,0,0
16,1,0,0,0,0,0,8,1,0,0,0,0,0,0
15,1,0,0,0,0,0,7,1,0,0,0,0,0,0
88,5,9,0,0,0,0,56,1,0,0,0,0,0,1
26,1,0,0,0,0,0,18,1,0,0,0,0,0,0
43,3,0,0,0,0,0,21,1,0,0,0,0,0,1
61,2,5,0,0,0,0,32,1,0,0,0,0,0,1
51,3,0,0,0,0,0,21,1,0,0,0,0,0,1
15,1,0,0,0,0,0,7,1,0,0,0,0,0,0
28,1,0,0,0,0,0,11,1,0,0,0,0,0,1
73,2,0,0,0,0,0,64,1,0,1,0,0,0,1
16,1,0,0,0,0,0,8,1,0,0,0,0,0,0
24,1,0,0,0,0,0,16,1,0,0,0,0,0,0
17,1,0,0,0,0,0,9,1,0,0,0,0,0,0
18,1,0,0,0,0,0,10,1,0,0,0,0,0,0
21,1,0,0,0,0,0,13,1,0,0,0,0,0,0
25,1,1,0,0,0,0,17,1,0,0,1,0,0,0
20,1,0,0,0,0,0,8,1,0,0,0,0,0,1
22,1,0,0,0,0,0,6,1,0,0,0,0,0,1
19,1,0,0,0,0,0,11,1,0,0,0,0,0,0
84,2,3,0,0,0,0,15,1,0,0,0,0,0,1
21,2,0,0,0,0,0,13,1,0,0,0,0,0,0
21,1,0,0,0,0,0,13,1,0,0,0,0,0,0
22,1,0,0,0,0,0,14,1,0,0,0,0,0,0
24,1,0,0,0,0,0,16,1,0,0,0,0,0,0
20,1,0,0,0,0,0,12,1,0,0,0,0,0,0
19,1,0,0,0,0,0,11,1,0,0,0,0,0,0
21,1,0,0,0,0,0,13,1,0,0,0,0,0,0
21,1,1,0,0,0,0,6,1,0,0,0,0,0,1
76,2,1,0,1,0,2,25,1,0,0,0,0,0,1
17,1,0,0,0,0,0,9,1,0,0,0,0,0,0
17,1,0,0,0,0,0,9,1,0,0,0,0,0,0
29,2,2,0,0,0,0,20,1,0,0,0,0,0,1
190,3,4,0,1,0,4,15,1,0,0,0,0,0,1
16,1,0,0,0,0,0,8,1,0,0,0,0,0,0
21,1,0,0,0,0,0,13,1,0,0,0,0,0,0
18,1,0,0,0,0,0,10,1,0,0,0,0,0,0
21,1,0,0,0,0,0,13,1,0,0,0,0,0,0
32,2,0,0,0,0,0,23,1,0,0,0,0,0,1
18,2,0,0,0,0,0,10,1,0,0,0,0,0,0
17,1,1,0,0,0,0,9,1,0,0,0,0,0,0
52,2,3,0,0,0,0,43,1,0,0,0,0,0,1
23,2,0,0,0,0,0,8,1,0,0,0,0,0,1
22,1,0,0,0,0,0,7,1,0,0,0,0,0,1
33,2,0,0,0,0,0,24,1,0,0,0,0,0,1
26,2,0,0,0,0,0,17,1,0,0,0,0,0,1
35,2,1,0,0,0,0,26,1,0,0,0,0,0,1
54,2,1,0,0,0,0,16,1,0,0,0,0,0,1
24,1,0,0,0,0,0,16,1,0,0,0,0,0,0
19,1,0,0,0,0,0,11,1,0,0,0,0,0,0
40,2,0,0,0,0,0,16,1,0,0,0,0,0,1
167,2,3,0,1,0,3,15,1,0,0,0,0,0,1
43,1,0,0,0,0,0,12,1,0,0,0,0,0,1
42,2,0,0,0,0,0,18,1,0,0,0,0,0,1
28,2,0,0,0,0,0,19,1,0,0,0,0,0,1
17,1,0,0,0,0,0,9,1,0,0,0,0,0,0
23,1,0,0,0,0,0,15,1,0,0,0,0,0,0
19,1,0,0,0,0,0,11,1,0,0,0,0,0,0
39,2,0,0,0,0,0,30,1,0,0,1,0,1,1
36,2,0,0,0,0,0,27,1,0,0,0,0,0,1
21,1,0,0,0,0,0,13,1,0,0,0,0,0,0
21,1,0,0,0,0,0,13,1,0,0,0,0,0,0
16,1,0,0,0,0,0,8,1,0,0,0,0,0,0
27,2,0,0,0,0,0,18,1,0,0,0,0,0,1
22,1,0,0,0,0,0,6,1,0,0,0,0,0,1
18,1,0,0,0,0,0,10,1,0,0,0,0,0,0
17,1,0,0,0,0,0,9,1,0,0,0,0,0,0
27,2,0,0,0,0,0,18,1,0,0,0,0,0,1
110,2,1,0,1,0,1,15,1,0,0,0,0,0,1
20,1,0,0,0,0,0,12,1,0,0,0,0,0,0
28,2,0,0,0,0,0,19,1,0,0,0,0,0,1
14,1,0,0,0,0,0,6,1,0,0,0,0,0,0
20,1,0,0,0,0,0,12,1,0,0,0,0,0,0
15,1,0,0,0,0,0,7,1,0,0,0,0,0,0
22,1,0,0,0,0,0,7,1,0,0,0,0,0,1
23,1,0,0,0,0,0,15,1,0,0,0,0,0,0
19,1,0,0,0,0,0,11,1,0,0,0,0,0,0
67,2,5,0,0,0,0,18,0,0,0,0,0,0,1
175,2,1,0,1,0,3,15,1,0,0,0,0,0,1
22,1,0,0,0,0,0,7,1,0,0,0,0,0,1
27,1,0,0,0,0,0,18,1,0,0,0,0,0,1
21,1,1,0,0,0,0,6,1,0,0,0,0,0,1
24,1,0,0,0,0,0,16,1,0,0,0,0,0,0
25,1,0,0,0,0,0,17,1,0,0,0,0,0,0
22,1,0,0,0,0,0,14,1,0,0,0,0,0,0
20,2,0,0,0,0,0,12,1,0,0,0,0,0,0
15,1,0,0,0,0,0,7,1,0,0,0,0,0,0
44,2,1,0,0,0,0,26,1,0,0,0,0,0,1
80,3,6,0,0,0,0,71,1,0,0,0,0,0,1
18,1,0,0,0,0,0,10,1,0,0,0,0,0,0
33,2,2,0,0,0,0,25,1,0,0,0,0,0,1
14,1,0,0,0,0,0,6,1,0,0,0,0,0,0
22,1,0,0,0,0,0,13,1,0,0,0,0,0,1
17,1,0,0,0,0,0,9,1,0,0,0,0,0,0
34,2,0,0,0,0,0,25,1,0,0,0,0,0,1
17,1,0,0,0,0,0,9,1,0,0,0,0,0,0
83,3,0,0,0,0,0,74,1,0,0,0,0,0,1
23,2,0,0,0,0,0,8,1,0,0,0,0,0,1
18,1,0,0,0,0,0,10,1,0,0,0,0,0,0
23,1,0,0,0,0,0,15,1,0,0,0,0,0,0
17,1,0,0,0,0,0,9,1,0,0,0,0,0,0
21,1,0,0,0,0,0,13,1,0,0,0,0,0,0
71,3,2,0,0,0,0,43,1,0,0,0,0,0,1
20,1,0,0,0,0,0,12,1,0,0,0,0,0,0
27,1,0,0,0,0,0,7,1,0,0,0,0,0,1
32,2,0,0,0,0,0,23,1,0,0,0,0,0,1
15,1,0,0,0,0,0,7,1,0,0,0,0,0,0
25,1,1,0,0,0,0,17,1,0,0,0,0,0,0
22,1,0,0,0,0,0,6,1,0,0,0,0,0,1
16,1,0,0,0,0,0,8,1,0,0,0,0,0,0
18,1,0,0,0,0,0,10,1,0,0,0,0,0,0
46,2,0,0,0,0,0,16,1,0,0,0,0,0,1
79,5,0,0,1,4,1,20,0,0,0,0,0,0,1
39,2,1,0,0,0,0,31,0,0,0,0,0,0,1
22,1,0,0,0,0,0,14,1,0,0,0,0,0,0
22,1,0,0,0,0,0,7,1,0,0,0,0,0,1
54,2,0,0,0,0,0,16,0,0,0,0,0,0,1
35,2,1,0,0,0,0,28,0,0,0,0,0,0,1
17,1,0,0,0,0,0,9,1,0,0,0,0,0,0
21,2,1,0,0,0,0,13,1,0,0,0,0,0,0
21,1,0,0,0,0,0,13,1,0,0,0,0,0,0
21,1,1,0,0,0,0,6,1,0,0,0,0,0,1
84,2,1,0,0,0,0,15,1,0,0,0,0,0,1
76,2,1,0,1,0,2,25,1,0,0,0,0,0,1
21,1,1,0,0,0,0,6,1,0,0,0,0,0,1
15,1,0,0,0,0,0,7,1,0,0,0,0,0,0
21,1,1,0,0,0,0,6,1,0,0,0,0,0,1
21,1,0,0,0,0,0,13,1,0,0,0,0,0,0
13,1,0,0,0,0,0,5,1,0,0,0,0,0,0
51,2,0,0,0,0,0,16,1,0,0,0,0,0,1
22,1,0,0,0,0,0,7,1,0,0,0,0,0,1
43,2,0,0,0,0,0,15,1,0,0,0,0,0,1
30,2,0,0,0,0,0,21,1,0,0,0,0,0,1
75,2,1,0,1,0,2,24,1,0,0,0,0,0,1
20,2,0,0,0,0,0,12,1,0,0,0,0,0,0
23,2,0,0,0,0,0,8,1,0,0,0,0,0,1
79,2,0,0,0,0,0,15,1,0,0,0,0,0,1
32,1,0,0,0,0,0,19,1,0,0,0,0,0,1
22,1,0,0,0,0,0,7,1,0,0,0,0,0,1
51,3,0,0,0,0,0,21,1,0,0,0,0,0,1
44,2,2,0,0,0,0,35,1,0,0,0,0,0,1
37,1,0,0,0,0,0,12,1,0,0,0,0,0,1
19,1,0,0,0,0,0,11,1,0,0,0,0,0,0
19,1,0,0,0,0,0,11,1,0,0,0,0,0,0
23,1,0,0,0,0,0,15,1,0,0,0,0,0,0
41,2,2,0,0,0,0,32,1,0,0,0,0,0,1
63,5,4,0,1,0,1,32,1,0,0,0,0,0,1
30,2,1,0,0,0,0,21,1,0,0,0,0,0,1
131,2,1,0,1,0,3,15,1,0,0,0,0,0,1
41,2,0,0,0,0,0,32,1,0,0,0,0,0,1
16,1,0,0,0,0,0,8,1,0,0,0,0,0,0
29,1,0,0,0,0,0,12,1,0,0,0,0,0,1
23,2,0,0,0,0,0,8,1,0,0,0,0,0,1
18,1,0,0,0,0,0,10,1,0,0,0,0,0,0
26,1,1,0,0,0,0,18,1,0,0,0,0,0,0
22,1,0,0,0,0,0,14,1,0,0,0,0,0,0
21,1,0,0,0,0,0,13,1,0,0,0,0,0,0
21,1,1,0,0,0,0,6,1,0,0,0,0,0,1
22,1,0,0,0,0,0,7,1,0,0,0,0,0,1
50,2,2,0,0,0,0,41,1,0,1,0,0,0,1
92,3,1,0,1,0,1,15,1,0,0,0,0,0,1
38,2,0,0,0,0,0,20,1,0,0,0,0,0,1
19,1,0,0,0,0,0,11,1,0,0,0,0,0,0
21,1,0,0,0,0,0,13,1,0,0,0,0,0,0
19,1,0,0,0,0,0,11,1,0,0,0,0,0,0
45,2,0,0,0,0,0,36,1,0,0,0,0,0,1
66,4,0,1,0,0,0,20,1,0,0,0,0,0,1
26,1,2,0,0,0,0,18,1,0,0,0,0,0,0
147,3,0,0,1,0,2,16,1,0,0,0,0,0,1
21,1,1,0,0,0,0,6,1,0,0,0,0,0,1
33,2,1,0,0,0,0,24,1,0,0,0,0,0,1
39,2,1,0,0,0,0,30,1,0,0,0,0,0,1
22,1,0,0,0,0,0,14,1,0,0,0,0,0,0
21,1,1,0,0,0,0,6,1,0,0,0,0,0,1
29,1,1,0,0,0,0,10,1,0,0,0,0,0,1
42,2,0,0,0,0,0,33,1,0,0,0,0,0,1
16,1,0,0,0,0,0,8,1,0,0,0,0,0,0
19,1,0,0,0,0,0,11,1,0,0,0,0,0,0
21,1,1,0,0,0,0,6,1,0,0,0,0,0,1
16,1,0,0,0,0,0,8,1,0,0,0,0,0,0
18,1,0,0,0,0,0,10,1,0,0,0,0,0,0
20,1,0,0,0,0,0,12,1,0,0,0,0,0,0
31,1,0,0,0,0,0,11,1,0,0,0,0,0,1
32,2,0,0,0,0,0,23,1,0,0,0,0,0,1
20,1,0,0,0,0,0,12,1,0,0,0,0,0,0
82,2,1,0,0,0,0,21,1,0,0,0,0,0,1
17,1,0,0,0,0,0,9,1,0,0,0,0,0,0
18,1,0,0,0,0,0,10,1,0,0,0,0,0,0
144,3,0,0,1,0,4,15,1,0,0,0,0,0,1
16,1,0,0,0,0,0,8,1,0,0,0,0,0,0
42,3,2,0,0,0,0,33,1,0,0,0,0,0,1
40,2,0,0,0,0,0,31,1,0,0,0,0,0,1
16,1,0,0,0,0,0,8,1,0,0,0,0,0,0
131,2,2,0,0,0,0,15,1,0,0,0,0,0,1
21,1,0,0,0,0,0,13,1,0,0,0,0,0,0
18,1,0,0,0,0,0,10,1,0,0,0,0,0,0
22,1,0,0,0,0,0,14,1,0,0,0,0,0,0
22,1,0,0,0,0,0,7,1,0,0,0,0,0,1
22,1,0,0,0,0,0,7,1,0,0,0,0,0,1
84,2,1,0,0,0,0,15,1,0,0,0,0,0,1
83,3,0,0,0,0,0,23,1,0,0,0,0,0,1
51,3,0,0,0,0,0,21,1,0,0,0,0,0,1
22,1,0,0,0,0,0,14,1,0,0,0,0,0,0
25,1,0,0,0,0,0,17,1,0,0,0,0,0,0
38,2,0,0,0,0,0,27,1,0,0,0,0,0,1
22,1,0,0,0,0,0,7,1,0,0,0,0,0,1
22,1,0,0,0,0,0,7,1,0,0,0,0,0,1
33,2,0,0,0,0,0,24,1,0,0,0,0,0,1
19,1,1,0,0,0,0,11,1,0,0,0,0,0,0
36,2,0,0,0,0,0,25,0,0,0,0,0,0,1
22,1,0,0,0,0,0,14,1,0,0,0,0,0,0
26,2,0,0,0,0,0,18,1,0,0,0,0,0,0
18,1,0,0,0,0,0,10,1,0,0,0,0,0,0
20,1,0,0,0,0,0,12,1,0,0,0,0,0,0
175,2,1,0,1,0,3,15,1,0,0,0,0,0,1
20,1,0,0,0,0,0,12,1,0,0,0,0,0,0
28,1,0,0,0,0,0,20,1,0,0,0,0,0,0
36,2,0,0,0,0,0,27,1,0,0,0,0,0,1
24,1,0,0,0,0,0,16,1,0,0,0,0,0,0
46,2,0,0,0,0,0,21,1,0,0,0,0,0,1
19,1,0,0,0,0,0,11,1,0,0,0,0,0,0
19,1,0,0,0,0,0,11,1,0,0,0,0,0,0
19,1,0,0,0,0,0,11,1,0,0,0,0,0,0
131,2,4,0,0,0,0,15,1,0,0,0,0,0,1
25,1,0,0,0,0,0,17,1,0,0,0,0,0,0
42,3,2,1,0,0,0,25,1,0,0,0,0,0,1
108,3,1,0,0,0,0,21,1,0,0,0,0,0,1
17,1,0,0,0,0,0,9,1,0,0,0,0,0,0
19,1,1,0,0,0,0,11,1,0,0,0,0,0,0
19,1,0,0,0,0,0,11,1,0,0,0,0,0,0
20,1,0,0,0,0,0,12,1,0,0,0,0,0,0
19,1,0,0,0,0,0,11,1,0,0,0,0,0,0
24,1,0,0,0,0,0,16,1,0,0,0,0,0,0
23,1,0,0,0,0,0,15,1,0,0,0,0,0,0
190,3,1,0,1,0,4,15,1,0,0,0,0,0,1
23,2,0,0,0,0,0,8,1,0,0,0,0,0,1
16,1,0,0,0,0,0,8,1,0,0,0,0,0,0
21,1,0,0,0,0,0,6,1,0,0,0,0,0,1
41,2,1,0,0,0,0,32,1,0,0,0,0,0,1
23,2,0,0,0,0,0,8,1,0,0,0,0,0,1
34,2,0,0,0,0,0,26,1,0,0,0,0,0,0
24,1,1,0,0,0,0,16,1,0,0,0,0,0,0
23,1,0,0,0,0,0,6,1,0,0,0,0,0,1
17,1,0,0,0,0,0,9,1,0,0,0,0,0,0
36,2,0,0,0,0,0,29,0,0,0,0,0,0,1
17,1,0,0,0,0,0,9,1,0,0,0,0,0,0
25,1,0,0,0,0,0,17,1,0,0,0,0,0,0
80,1,0,0,0,0,0,7,1,0,0,0,0,0,1
34,1,1,0,0,0,0,26,1,0,0,0,0,0,0
29,1,0,0,0,0,0,12,1,0,0,0,0,0,1
22,1,0,0,0,0,0,14,1,0,0,0,0,0,0
22,1,0,0,0,0,0,6,1,0,0,0,0,0,1
22,1,1,0,0,0,0,14,1,0,0,0,0,0,0
31,1,0,0,0,0,0,14,1,0,0,0,0,0,1
19,1,0,0,0,0,0,11,1,0,0,0,0,0,0
16,1,0,0,0,0,0,8,1,0,0,0,0,0,0
23,1,0,0,0,0,0,4,1,0,0,0,0,0,1
24,2,0,0,0,0,0,15,1,0,0,0,0,0,1
17,1,0,0,0,0,0,9,1,0,0,0,0,0,0
23,2,0,0,0,0,0,8,1,0,0,0,0,0,1
21,1,1,0,0,0,0,13,1,0,0,0,0,0,0
38,1,0,0,0,0,0,25,0,0,0,0,1,0,1
17,1,0,0,0,0,0,9,1,0,0,0,0,0,0
30,2,2,0,0,0,0,23,0,0,0,0,0,0,1
24,2,0,0,0,0,0,16,1,0,0,0,0,0,0
17,1,0,0,0,0,0,9,1,0,0,0,0,0,0
23,2,0,0,0,0,0,8,1,0,0,0,0,0,1
51,3,0,0,0,0,0,21,1,0,0,0,0,0,1
21,1,1,0,0,0,0,6,1,0,0,0,0,0,1
23,1,0,0,0,0,0,15,1,0,0,0,0,0,0
17,1,0,0,0,0,0,9,1,0,0,0,0,0,0
19,1,0,0,0,0,0,11,1,0,0,0,0,0,0
31,2,0,0,0,0,0,22,1,0,0,0,0,0,1
178,3,2,0,1,0,4,15,1,0,0,0,0,0,1
26,2,0,0,0,0,0,17,1,0,0,0,0,0,1
40,1,1,0,0,0,0,7,1,0,0,0,0,0,1
75,2,1,0,1,0,2,24,1,0,0,0,0,0,1
14,1,0,0,0,0,0,6,1,0,0,0,0,0,0
40,2,0,0,0,0,0,31,1,0,0,0,0,0,1
18,1,0,0,0,0,0,10,1,0,0,0,0,0,0
23,2,0,0,0,0,0,8,1,0,0,0,0,0,1
27,1,1,0,0,0,0,19,1,0,0,0,0,0,0
22,1,0,0,0,0,0,7,1,0,0,0,0,0,1
19,1,0,0,0,0,0,11,1,0,0,0,0,0,0
21,1,2,0,0,0,0,13,1,0,0,1,0,0,0
17,1,0,0,0,0,0,9,1,0,0,0,0,0,0
22,1,0,0,0,0,0,14,1,0,0,0,0,0,0
21,1,0,0,0,0,0,13,1,0,0,0,0,0,0
21,1,0,0,0,0,0,13,1,0,0,0,0,0,0
16,1,0,0,0,0,0,8,1,0,0,0,0,0,0
23,2,0,0,0,0,0,8,1,0,0,0,0,0,1
234,2,0,0,1,1,2,24,1,0,0,0,0,0,1
25,1,0,0,0,0,0,17,1,0,0,0,0,0,0
138,5,5,0,1,0,2,30,1,0,0,0,0,0,1
17,1,0,0,0,0,0,9,1,0,0,0,0,0,0
18,1,0,0,0,0,0,10,1,0,0,0,0,0,0
22,1,0,0,0,0,0,6,1,0,0,0,0,0,1
19,1,0,0,0,0,0,11,1,0,0,0,0,0,0
18,1,0,0,0,0,0,10,1,0,0,0,0,0,0
18,1,0,0,0,0,0,10,1,0,0,0,0,0,0
34,2,0,0,0,0,0,25,1,0,0,0,0,0,1
15,1,0,0,0,0,0,7,1,0,0,0,0,0,0
33,2,2,0,0,0,0,24,1,0,0,0,0,0,1
44,2,0,0,0,0,0,16,1,0,0,0,0,0,1
16,1,0,0,0,0,0,8,1,0,0,0,0,0,0
18,1,0,0,0,0,0,10,1,0,0,0,0,0,0
190,3,1,0,1,0,4,15,1,0,0,0,0,0,1
173,2,2,0,1,0,3,15,1,0,0,0,0,0,1
32,2,0,0,0,0,0,23,1,0,0,0,0,0,1
22,1,0,0,0,0,0,6,1,0,0,0,0,0,1
44,2,2,0,0,0,0,29,1,0,0,0,0,0,1
21,1,1,0,0,0,0,13,1,0,0,0,0,0,0
43,3,0,0,1,0,1,15,1,0,0,0,0,0,1
22,1,0,0,0,0,0,7,1,0,0,0,0,0,1
43,2,1,0,0,0,0,36,0,0,0,0,0,0,1
62,3,1,0,0,0,0,43,1,0,0,0,0,0,1
25,1,0,0,0,0,0,17,1,0,0,0,0,0,0
124,3,2,0,1,0,3,15,1,0,0,0,0,0,1
19,1,0,0,0,0,0,11,1,0,0,0,0,0,0
14,1,0,0,0,0,0,6,1,0,0,0,0,0,0
185,13,0,0,3,0,5,11,0,1,1,0,0,0,1
17,2,0,0,0,0,0,9,1,0,0,0,0,0,0
24,1,0,0,0,0,0,16,1,0,0,0,0,0,0
38,2,0,0,0,0,0,16,1,0,0,0,0,0,1
16,1,0,0,0,0,0,8,1,0,0,0,0,0,0
126,3,5,0,1,0,2,15,1,0,0,0,0,0,1
34,2,1,0,0,0,0,25,1,0,0,0,0,0,1
19,1,0,0,0,0,0,11,1,0,0,0,0,0,0
19,1,0,0,0,0,0,11,1,0,0,0,0,0,1
20,1,0,0,0,0,0,12,1,0,0,0,0,0,0
19,1,0,0,0,0,0,11,1,0,0,0,0,0,0
46,2,2,0,0,0,0,37,1,0,0,0,0,0,1
63,3,1,0,0,0,0,43,1,0,0,0,0,0,1
22,1,0,0,0,0,0,14,1,0,0,0,0,0,0
18,1,0,0,0,0,0,10,1,0,0,0,0,0,0
52,4,0,0,0,0,0,21,1,0,0,0,0,0,1
18,1,1,0,0,0,0,10,1,0,0,0,0,0,0
20,2,0,0,0,0,0,12,1,0,0,0,0,0,0
15,1,0,0,0,0,0,7,1,0,0,0,0,0,0
30,1,0,0,0,0,0,16,0,0,0,0,0,0,1
22,1,0,0,0,0,0,6,1,0,0,0,0,0,1
17,1,0,0,0,0,0,9,1,0,0,0,0,0,0
19,1,1,0,0,0,0,12,0,0,0,0,0,0,1
22,1,0,0,0,0,0,7,1,0,0,0,0,0,1
23,1,0,0,0,0,0,11,1,0,0,0,0,0,1
34,2,1,0,0,0,0,25,1,0,0,0,0,0,1
21,1,1,0,0,0,0,13,1,0,0,0,0,0,0
22,1,0,0,0,0,0,14,1,0,0,0,0,0,0
36,2,1,0,0,0,0,20,1,0,0,0,0,0,1
56,1,1,0,0,0,0,10,1,0,0,0,0,0,1
51,3,0,0,0,0,0,21,1,0,0,0,0,0,1
63,4,0,0,1,0,1,7,1,0,0,0,0,0,1
21,1,0,0,0,0,0,13,1,0,0,0,0,0,0
45,2,1,0,0,0,0,37,1,0,0,0,0,0,1
25,2,0,0,0,0,0,17,1,0,0,0,0,0,0
15,1,0,0,0,0,0,7,1,0,0,0,0,0,0
34,2,0,0,0,0,0,18,1,0,0,0,0,0,1
20,1,0,0,0,0,0,12,1,0,0,0,0,0,0
18,1,0,0,0,0,0,10,1,0,0,0,0,0,0
21,1,1,0,0,0,0,6,1,0,0,0,0,0,1
31,2,0,0,0,0,0,22,1,0,0,0,0,0,1
19,1,0,0,0,0,0,11,1,0,0,0,0,0,0
17,1,0,0,0,0,0,9,1,0,0,0,0,0,0
22,1,0,0,0,0,0,7,1,0,0,0,0,0,1
54,2,0,0,0,0,0,17,1,0,0,0,0,0,1
175,2,1,0,1,0,3,15,1,0,0,0,0,0,1
31,2,1,0,0,0,0,22,1,0,0,0,0,0,1
51,3,0,0,0,0,0,30,1,0,0,0,0,0,1
18,1,0,0,0,0,0,10,1,0,0,0,0,0,0
17,1,0,0,0,0,0,9,1,0,0,0,0,0,0
26,1,0,0,0,0,0,7,1,0,0,0,0,0,1
205,3,1,0,1,0,2,16,1,0,0,0,0,0,1
22,1,0,0,0,0,0,14,1,0,0,0,0,0,0
25,1,0,0,0,0,0,17,1,0,0,0,0,0,0
28,1,0,0,0,0,0,20,1,0,0,0,0,0,0
14,1,0,0,0,0,0,6,1,0,0,0,0,0,0
32,2,0,0,0,0,0,23,1,0,0,0,0,0,1
42,3,0,0,0,0,0,33,1,0,0,0,0,0,1
23,2,0,0,0,0,0,15,1,0,0,0,0,0,0
66,2,0,0,1,0,1,21,1,0,0,0,0,0,1
19,1,0,0,0,0,0,11,1,0,0,0,0,0,0
18,2,0,0,0,0,0,10,1,0,0,0,0,0,0
18,1,0,0,0,0,0,10,1,0,0,0,0,0,0
75,2,1,0,1,0,2,24,1,0,0,0,0,0,1
18,1,0,0,0,0,0,10,1,0,0,0,0,0,0
17,1,0,0,0,0,0,9,1,0,0,0,0,0,0
81,3,6,0,0,0,0,72,1,0,0,0,0,0,1
21,1,0,0,0,0,0,13,1,0,0,0,0,0,0
18,1,0,0,0,0,0,10,1,0,0,0,0,0,0
27,1,0,0,0,0,0,19,1,0,0,0,0,0,0
175,2,4,0,1,0,3,15,1,0,0,0,0,0,1
19,1,0,0,0,0,0,11,1,0,0,0,0,0,0
174,2,4,0,1,0,3,15,1,0,0,0,0,0,1
22,1,0,0,0,0,0,14,1,0,0,0,0,0,0
69,3,3,0,1,0,0,25,1,0,0,0,0,0,1
41,2,0,0,0,0,0,32,1,0,0,0,0,0,1
62,3,1,0,0,0,0,43,1,0,0,0,0,0,1
43,2,1,0,0,0,0,36,0,0,0,0,0,0,1
22,1,0,0,0,0,0,7,1,0,0,0,0,0,1
20,1,0,0,0,0,0,12,1,0,0,0,0,0,0
15,1,0,0,0,0,0,7,1,0,0,0,0,0,0
88,4,0,0,1,0,1,28,1,0,1,0,0,0,1
20,1,1,0,0,0,0,12,1,0,0,0,0,0,0
20,1,0,0,0,0,0,12,1,0,0,0,0,0,0
18,1,0,0,0,0,0,10,1,0,0,0,0,0,0
49,2,0,0,0,0,0,40,1,0,0,0,0,0,1
19,1,0,0,0,0,0,11,1,0,0,0,0,0,0
14,1,0,0,0,0,0,6,1,0,0,0,0,0,0
83,3,0,0,0,0,0,74,1,0,0,0,0,0,1
175,2,2,0,1,0,3,15,1,0,0,0,0,0,1
21,1,1,0,0,0,0,6,1,0,0,0,0,0,1
175,2,1,0,1,0,3,15,1,0,0,0,0,0,1
27,2,1,0,0,0,0,18,1,0,0,0,0,0,1
82,2,2,0,0,2,0,16,1,0,0,0,0,0,1
31,1,2,0,0,0,0,23,1,0,0,0,0,0,0
21,1,0,0,0,0,0,13,1,0,0,0,0,0,0
22,1,0,0,0,0,0,14,1,0,0,0,0,0,0
19,1,0,0,0,0,0,11,1,0,0,0,0,0,0
18,1,0,0,0,0,0,10,1,0,0,0,0,0,0
23,2,0,0,0,0,0,15,1,0,0,0,0,0,0
15,1,0,0,0,0,0,7,1,0,0,0,0,0,0
38,2,0,0,0,0,0,16,1,0,0,0,0,0,1
16,1,0,0,0,0,0,8,1,0,0,0,0,0,0
22,1,0,0,0,0,0,7,1,0,0,0,0,0,1
19,1,0,0,0,0,0,11,1,0,0,0,0,0,0
15,1,0,0,0,0,0,7,1,0,0,0,0,0,0
175,2,2,0,1,0,3,15,1,0,0,0,0,0,1
40,2,1,0,0,0,0,31,1,0,0,0,0,0,1
22,1,0,0,0,0,0,7,1,0,0,0,0,0,1
42,3,5,0,0,0,0,30,1,0,0,0,0,0,1
16,1,0,0,0,0,0,8,1,0,0,0,0,0,0
76,2,4,0,0,0,0,18,1,0,0,0,0,0,1
64,3,0,0,0,0,0,49,1,0,0,0,0,0,1
41,1,0,0,1,3,0,12,1,0,0,0,0,0,1
17,1,0,0,0,0,0,9,1,0,0,0,0,0,0
17,1,0,0,0,0,0,9,1,0,0,0,0,0,0
33,2,0,0,0,0,0,24,1,0,0,0,0,0,1
22,1,0,0,0,0,0,14,1,0,0,0,0,0,0
29,1,2,0,0,0,0,21,1,0,0,0,0,0,0
26,1,1,0,0,0,0,18,1,0,0,0,0,0,0
22,1,0,0,0,0,0,14,1,0,0,0,0,0,0
17,1,0,0,0,0,0,9,1,0,0,0,0,0,0
24,2,0,0,0,0,0,15,1,0,0,0,0,0,1
17,1,0,0,0,0,0,9,1,0,0,0,0,0,0
17,1,0,0,0,0,0,9,1,0,0,0,0,0,0
19,1,0,0,0,0,0,11,1,0,0,0,0,0,0
19,1,0,0,0,0,0,11,1,0,0,0,0,0,0
22,2,0,0,0,0,0,14,1,0,0,0,0,0,0
20,1,0,0,0,0,0,12,1,0,0,0,0,0,0
16,1,0,0,0,0,0,8,1,0,0,0,0,0,0
19,1,0,0,0,0,0,11,1,0,0,0,0,0,0
19,1,0,0,0,0,0,11,1,0,0,0,0,0,0
20,1,0,0,0,0,0,12,1,0,0,0,0,0,0
29,1,1,0,0,0,0,21,1,0,0,0,0,0,0
44,2,3,0,0,0,0,23,1,0,0,0,0,0,1
36,2,0,0,0,0,0,27,1,0,0,0,0,0,1
23,1,0,0,0,0,0,15,1,0,0,0,0,0,0
21,1,0,0,0,0,0,13,1,0,0,0,0,0,0
57,2,1,0,0,0,0,16,1,0,0,0,0,0,1
19,1,0,0,0,0,0,11,1,0,0,0,0,0,0
83,3,0,0,0,0,0,74,1,0,0,0,0,0,1
21,1,0,0,0,0,0,13,1,0,0,0,0,0,0
18,1,1,0,0,0,0,10,1,0,0,0,0,0,0
62,3,1,0,0,0,0,43,1,0,0,0,0,0,1
24,1,0,0,0,0,0,15,1,0,0,0,0,0,1
21,1,0,0,0,0,0,13,1,0,0,0,0,0,0
18,1,0,0,0,0,0,10,1,0,0,0,0,0,0
18,1,0,0,0,0,0,10,1,0,0,0,0,0,0
22,1,0,0,0,0,0,7,1,0,0,0,0,0,1
23,2,0,0,0,0,0,8,1,0,0,0,0,0,1
18,1,0,0,0,0,0,10,1,0,0,0,0,0,0
21,1,0,0,0,0,0,13,1,0,0,0,0,0,0
38,2,1,0,0,0,0,20,1,0,0,0,0,0,1
25,2,1,0,0,0,0,17,1,0,0,0,0,0,0
19,1,0,0,0,0,0,11,1,0,0,0,0,0,0
14,1,0,0,0,0,0,6,1,0,0,0,0,0,0
15,1,0,0,0,0,0,7,1,0,0,0,0,0,0
21,1,1,0,0,0,0,6,1,0,0,0,0,0,1
21,1,1,0,0,0,0,6,1,0,0,0,0,0,1
61,3,1,0,0,0,0,43,1,0,0,0,0,0,1
41,3,0,0,0,0,0,21,1,0,0,0,0,0,1
37,2,0,0,0,0,0,29,0,0,0,0,0,0,1
19,1,0,0,0,0,0,11,1,0,0,0,0,0,0
26,1,0,0,0,0,0,15,1,0,0,0,0,0,1
17,1,0,0,0,0,0,9,1,0,0,0,0,0,0
51,3,0,0,0,0,0,21,1,0,0,0,0,0,1
63,2,1,0,0,0,0,43,1,0,0,0,0,0,1
20,1,0,0,0,0,0,12,1,0,0,0,0,0,0
33,2,0,0,0,0,0,24,1,0,0,0,0,0,1
26,1,0,0,0,0,0,18,1,0,0,0,0,0,0
15,1,0,0,0,0,0,7,1,0,0,0,0,0,0
28,1,0,0,0,0,0,9,1,0,0,0,0,0,1
14,1,0,0,0,0,0,6,1,0,0,0,0,0,0
35,2,1,0,0,0,0,26,1,0,0,0,0,0,1
18,1,0,0,0,0,0,10,1,0,0,0,0,0,0
17,1,0,0,0,0,0,9,1,0,0,0,0,0,0
15,1,0,0,0,0,0,7,1,0,0,0,0,0,0
14,1,0,0,0,0,0,6,1,0,0,0,0,0,0
21,1,1,0,0,0,0,13,1,0,0,0,0,0,0
27,2,0,0,0,0,0,18,1,0,0,0,0,0,1
31,2,1,0,0,0,0,22,1,0,0,0,0,0,1
47,1,0,0,0,0,0,17,1,0,0,0,0,0,1
23,1,0,0,0,0,0,4,1,0,0,0,0,0,1
30,2,1,0,0,0,0,21,1,0,0,0,0,0,1
20,1,0,0,0,0,0,5,1,0,0,0,0,0,1
22,1,0,0,0,0,0,14,1,0,0,0,0,0,0
23,1,0,0,0,0,0,11,1,0,0,0,0,0,1
21,1,1,0,0,0,0,6,1,0,0,0,0,0,1
19,1,0,0,0,0,0,11,1,0,0,0,0,0,0
122,3,2,0,1,0,2,15,1,0,0,0,0,0,1
45,2,3,0,0,0,0,36,1,0,0,0,0,0,1
22,1,0,0,0,0,0,6,1,0,0,0,0,0,1
23,1,0,0,0,0,0,15,1,0,0,0,0,0,0
121,3,1,0,1,0,3,15,1,0,0,0,0,0,1
37,2,1,0,0,0,0,22,1,0,0,0,0,0,1
22,1,0,0,0,0,0,14,1,0,0,0,0,0,0
62,2,1,0,1,0,3,25,1,0,0,0,0,0,1
34,2,1,0,0,0,0,25,1,0,0,0,0,0,1
175,2,3,0,1,0,3,15,1,0,0,0,0,0,1
19,1,0,0,0,0,0,11,1,0,0,0,0,0,0
18,1,0,0,0,0,0,10,1,0,0,0,0,0,0
22,1,0,0,0,0,0,14,1,0,0,0,0,0,0
18,1,0,0,0,0,0,10,1,0,0,0,0,0,0
18,1,0,0,0,0,0,10,1,0,0,0,0,0,0
17,1,0,0,0,0,0,9,1,0,0,0,0,0,0
35,2,0,0,0,0,0,23,1,0,0,0,0,0,1
14,1,0,0,0,0,0,6,1,0,0,0,0,0,0
24,1,0,0,0,0,0,16,1,0,0,0,0,0,0
23,1,0,0,0,0,0,15,1,0,0,0,0,0,0
20,1,0,0,0,0,0,12,1,0,0,0,0,0,0
29,2,0,0,0,0,0,20,1,0,0,0,0,0,1
17,1,0,0,0,0,0,9,1,0,0,0,0,0,0
53,2,0,0,0,0,0,21,1,0,0,0,0,0,1
22,1,1,0,0,0,0,14,1,0,0,0,0,0,0
19,1,0,0,0,0,0,11,1,0,0,0,0,0,0
35,2,0,0,0,0,0,26,1,0,0,0,0,0,1
23,2,0,0,0,0,0,8,1,0,0,0,0,0,1
59,2,2,0,0,0,0,21,1,0,0,0,0,0,1
40,2,0,0,0,0,0,31,1,0,0,0,0,0,1
19,1,0,0,0,0,0,11,1,0,0,0,0,0,0
44,2,2,0,0,0,0,35,1,0,0,0,0,0,1
42,2,2,0,0,0,0,33,1,0,0,0,0,0,1
19,1,0,0,0,0,0,11,1,0,0,0,0,0,0
23,2,0,0,0,0,0,8,1,0,0,0,0,0,1
19,1,0,0,0,0,0,11,1,0,0,0,0,0,0
15,1,0,0,0,0,0,7,1,0,0,0,0,0,0
175,2,2,0,1,0,3,15,1,0,0,0,0,0,1
17,1,0,0,0,0,0,9,1,0,0,0,0,0,0
19,1,0,0,0,0,0,11,1,0,0,0,0,0,0
17,1,0,0,0,0,0,9,1,0,0,0,0,0,0
26,1,0,0,0,0,0,18,1,0,0,0,0,0,0
31,2,1,0,0,0,1,15,1,0,0,0,0,0,1
42,2,2,0,0,0,0,33,1,0,0,0,0,0,1
19,1,0,0,0,0,0,11,1,0,0,0,0,0,0
190,3,2,0,1,0,4,15,1,0,0,0,0,0,1
30,1,0,0,0,0,0,11,1,0,0,0,0,0,1
16,1,0,0,0,0,0,8,1,0,0,0,0,0,0
21,1,1,0,0,0,0,13,1,0,0,0,0,0,0
18,1,0,0,0,0,0,10,1,0,0,0,0,0,0
19,1,0,0,0,0,0,11,1,0,0,0,0,0,0
13,1,0,0,0,0,0,5,1,0,0,0,0,0,0
18,1,0,0,0,0,0,10,1,0,0,0,0,0,0
19,1,0,0,0,0,0,11,1,0,0,0,0,0,0
47,2,0,0,0,0,0,16,1,0,0,0,0,0,1
17,2,0,0,0,0,0,9,1,0,0,0,0,0,0
16,1,0,0,0,0,0,8,1,0,0,0,0,0,0
20,1,0,0,0,0,0,12,1,0,0,0,0,0,0
90,2,0,0,0,0,0,16,1,0,0,0,0,0,1
23,2,0,0,0,0,0,8,1,0,0,0,0,0,1
17,1,0,0,0,0,0,9,1,0,0,0,0,0,0
21,1,1,0,0,0,0,6,1,0,0,0,0,0,1
21,1,0,0,0,0,0,13,1,0,0,0,0,0,0
83,2,1,0,0,0,0,15,1,0,0,0,0,0,1
18,1,1,0,0,0,0,10,1,0,0,0,0,0,0
20,1,0,0,0,0,0,12,1,0,0,0,0,0,0
16,1,0,0,0,0,0,8,1,0,0,0,0,0,0
15,1,0,0,0,0,0,7,1,0,0,0,0,0,0
36,2,0,0,0,0,0,27,1,0,0,0,0,0,1
35,1,0,0,0,0,0,9,1,0,0,0,0,0,1
20,1,0,0,0,0,0,12,1,0,0,0,0,0,0
17,1,0,0,0,0,0,9,1,0,0,0,0,0,0
18,1,0,0,0,0,0,10,1,0,0,0,0,0,0
39,2,0,0,0,0,0,30,1,0,0,0,0,0,1
29,2,0,0,0,0,0,21,1,0,0,0,0,0,1
19,1,0,0,0,0,0,11,1,0,0,0,0,0,0
29,2,1,0,0,0,0,20,1,0,0,0,0,0,1
27,1,0,0,0,0,0,12,1,0,0,0,0,0,1
84,2,1,0,0,0,0,15,1,0,0,0,0,0,1
76,2,1,0,1,0,2,25,1,0,0,0,0,0,1
18,1,0,0,0,0,0,10,1,0,0,0,0,0,0
18,1,0,0,0,0,0,10,1,0,0,0,0,0,0
27,1,1,0,0,0,0,19,1,0,0,0,0,0,0
15,1,0,0,0,0,0,7,1,0,0,0,0,0,0
241,2,0,0,1,2,2,28,1,0,0,0,0,0,1
26,1,1,0,0,0,0,18,1,0,0,0,0,0,0
34,2,0,0,0,0,0,25,1,0,0,0,0,0,1
22,1,0,0,0,0,0,14,1,0,0,0,0,0,0
20,2,0,0,0,0,0,12,1,0,0,0,0,0,0
22,1,0,0,0,0,0,7,1,0,0,0,0,0,1
33,2,0,0,0,0,0,24,1,0,0,0,0,0,1
22,1,0,0,0,0,0,14,1,0,0,0,0,0,0
14,1,0,0,0,0,0,6,1,0,0,0,0,0,0
23,1,0,0,0,0,0,15,1,0,0,0,0,0,0
41,2,1,0,0,0,0,25,1,0,0,0,0,0,1
167,2,2,0,1,0,3,15,1,0,0,0,0,0,1
18,2,0,0,0,0,0,10,1,0,0,0,0,0,0
24,1,0,0,0,0,0,16,1,0,0,0,0,0,0
19,1,0,0,0,0,0,11,1,0,0,0,0,0,0
17,1,0,0,0,0,0,9,1,0,0,0,0,0,0
24,1,0,0,0,0,0,16,1,0,0,0,0,0,0
117,3,1,0,1,0,2,15,1,0,0,0,0,0,1
252,10,0,0,3,0,5,11,0,1,1,0,0,0,1
14,1,0,0,0,0,0,6,1,0,0,0,0,0,0
22,1,0,0,0,0,0,14,1,0,0,0,0,0,0
15,1,0,0,0,0,0,7,1,0,0,0,0,0,0
22,1,0,0,0,0,0,6,1,0,0,0,0,0,1
36,2,0,0,0,0,0,27,1,0,0,0,0,0,1
15,1,0,0,0,0,0,7,1,0,0,0,0,0,0
23,2,0,0,0,0,0,8,1,0,0,0,0,0,1
43,3,0,0,0,0,0,34,1,0,0,0,0,0,1
49,2,0,0,0,0,0,10,1,0,0,0,0,0,1
20,1,1,0,0,0,0,12,1,0,0,0,0,0,0
23,2,0,0,0,0,0,8,1,0,0,0,0,0,1
175,2,1,0,1,0,3,15,1,0,0,0,0,0,1
22,1,0,0,0,0,0,7,1,0,0,0,0,0,1
23,2,0,0,0,0,0,8,1,0,0,0,0,0,1
18,1,0,0,0,0,0,10,1,0,0,0,0,0,0
21,1,0,0,0,0,0,13,1,0,0,0,0,0,0
21,1,1,0,0,0,0,13,1,0,0,0,0,0,0
23,1,0,0,0,0,0,15,1,0,0,0,0,0,0
76,2,1,0,1,0,2,25,1,0,0,0,0,0,1
23,1,0,0,0,0,0,15,1,0,0,0,0,0,0
22,1,0,0,0,0,0,7,1,0,0,0,0,0,1
22,1,0,0,0,0,0,6,1,0,0,0,0,0,1
22,1,0,0,0,0,0,6,1,0,0,0,0,0,1
51,2,1,0,0,0,0,42,1,0,0,0,0,0,1
23,1,0,0,0,0,0,4,1,0,0,0,0,0,1
23,2,0,0,0,0,0,8,1,0,0,0,0,0,1
175,2,2,0,1,0,3,15,1,0,0,0,0,0,1
21,1,0,0,0,0,0,13,1,0,0,0,0,0,0
22,1,0,0,0,0,0,7,1,0,0,0,0,0,1
15,1,0,0,0,0,0,7,1,0,0,0,0,0,0
19,1,0,0,0,0,0,11,1,0,0,0,0,0,0
18,1,0,0,0,0,0,10,1,0,0,0,0,0,0
51,3,0,0,0,0,0,21,1,0,0,0,0,0,1
19,1,0,0,0,0,0,11,1,0,0,0,0,0,0
18,1,0,0,0,0,0,10,1,0,0,0,0,0,0
21,1,1,0,0,0,0,6,1,0,0,0,0,0,1
69,2,1,0,0,0,0,22,0,0,0,0,1,0,1
99,2,1,0,0,0,0,15,1,0,0,0,0,0,1
40,3,1,0,0,0,0,33,0,0,0,0,0,0,1
42,2,0,0,0,0,0,34,0,0,0,0,0,0,1
27,1,1,0,0,0,0,19,1,0,0,0,0,0,0
35,2,0,0,0,0,0,26,1,0,0,0,0,0,1
37,2,1,0,0,0,0,21,1,0,0,0,0,0,1
175,2,2,0,1,0,3,15,1,0,0,0,0,0,1
42,2,0,0,0,0,0,20,1,0,0,0,0,0,1
51,3,0,0,0,0,0,21,1,0,0,0,0,0,1
76,2,1,0,1,0,2,25,1,0,0,0,0,0,1
21,1,0,0,0,0,0,13,1,0,0,0,0,0,0
19,1,0,0,0,0,0,11,1,0,0,0,0,0,0
32,1,0,0,0,0,0,13,1,0,0,0,0,0,1
17,1,0,0,0,0,0,9,1,0,0,0,0,0,0
17,1,0,0,0,0,0,9,1,0,0,0,0,0,0
22,1,1,0,0,0,0,14,1,0,0,0,0,0,0
21,1,1,0,0,0,0,6,1,0,0,0,0,0,1
19,1,0,0,0,0,0,11,1,0,0,0,0,0,0
190,3,4,0,1,0,4,15,1,0,0,0,0,0,1
46,2,0,0,0,0,0,26,0,0,0,0,0,0,1
41,3,0,0,0,0,0,20,1,0,0,0,0,0,1
173,2,3,0,1,0,3,15,1,0,0,0,0,0,1
46,2,2,0,0,0,0,37,1,0,0,0,0,0,1
15,1,0,0,0,0,0,7,1,0,0,0,0,0,0
34,2,0,0,0,0,0,20,1,0,0,0,0,1,1
19,1,0,0,0,0,0,11,1,0,0,0,0,0,0
21,1,1,0,0,0,0,6,1,0,0,0,0,0,1
40,2,1,0,0,0,0,31,1,0,0,0,0,0,1
24,1,0,0,0,0,0,5,1,0,0,0,0,0,1
15,1,0,0,0,0,0,7,1,0,0,0,0,0,0
23,1,1,0,0,0,0,15,1,0,0,0,0,0,0
20,1,0,0,0,0,0,12,1,0,0,0,0,0,0
46,3,1,0,1,0,1,7,1,0,0,0,0,0,1
19,1,0,0,0,0,0,11,1,0,0,0,0,0,0
194,2,2,0,0,0,0,12,1,0,0,0,0,0,1
21,1,1,0,0,0,0,13,1,0,0,0,0,0,0
22,1,0,0,0,0,0,7,1,0,0,0,0,0,1
175,2,2,0,1,0,3,15,1,0,0,0,0,0,1
51,3,0,0,0,0,0,21,1,0,0,0,0,0,1
20,1,0,0,0,0,0,12,1,0,0,0,0,0,0
23,1,0,0,0,0,0,15,1,0,0,0,0,0,0
19,1,0,0,0,0,0,11,1,0,0,0,0,0,0
36,2,0,0,0,0,0,27,1,0,0,0,0,0,1
18,1,0,0,0,0,0,10,1,0,0,0,0,0,0
14,1,0,0,0,0,0,6,1,0,0,0,0,0,0
24,1,1,0,0,0,0,16,1,0,0,0,0,0,0
39,2,2,0,0,0,0,21,1,0,0,0,0,0,1
21,2,0,0,0,0,0,14,0,0,0,0,0,0,1
23,2,0,0,0,0,0,8,1,0,0,0,0,0,1
23,2,0,0,0,0,0,8,1,0,0,0,0,0,1
316,4,0,0,1,0,2,26,0,0,0,0,0,0,1
34,2,0,0,0,0,0,25,1,0,0,0,0,0,1
22,2,0,0,0,0,0,14,1,0,0,0,0,0,0
22,1,0,0,0,0,0,14,1,0,0,0,0,0,0
34,2,1,0,0,0,0,25,1,0,0,0,0,0,1
30,2,0,0,0,0,0,21,1,0,0,0,0,0,1
36,2,0,0,0,0,0,27,1,0,0,0,0,0,1
17,1,0,0,0,0,0,9,1,0,0,0,0,0,0
19,1,0,0,0,0,0,11,1,0,0,0,0,0,0
39,2,0,0,0,0,0,30,1,0,0,0,0,0,1
28,1,0,0,0,0,0,11,1,0,0,0,0,0,1
35,2,0,0,0,0,0,26,1,0,0,0,0,0,1
21,1,0,0,0,0,0,13,1,0,0,0,0,0,0
24,1,0,0,0,0,0,16,1,0,0,0,0,0,0
33,2,0,0,0,0,0,24,1,0,0,0,0,0,1
34,2,1,0,0,0,0,25,1,0,0,0,0,0,1
25,1,0,0,0,0,0,10,1,0,0,0,0,0,1
21,1,0,0,0,0,0,13,1,0,0,0,0,0,0
115,1,0,0,0,0,0,12,1,0,0,0,0,0,1
13,1,0,0,0,0,0,5,1,0,0,0,0,0,0
34,1,0,0,1,0,1,8,1,0,0,0,0,0,1
22,1,0,0,0,0,0,7,1,0,0,0,0,0,1
34,2,1,0,0,0,0,25,1,0,0,0,0,0,1
62,3,1,0,0,0,0,43,1,0,0,0,0,0,1
18,1,0,0,0,0,0,10,1,0,0,0,0,0,0
15,1,0,0,0,0,0,7,1,0,0,0,0,0,0
61,3,1,0,0,0,0,43,1,0,0,0,0,0,1
18,1,0,0,0,0,0,10,1,0,0,0,0,0,0
21,1,1,0,0,0,0,6,1,0,0,0,0,0,1
19,1,0,0,0,0,0,11,1,0,0,0,0,0,0
41,2,1,0,0,0,0,33,1,0,0,0,0,0,1
15,1,0,0,0,0,0,7,1,0,0,0,0,0,0
23,2,0,0,0,0,0,8,1,0,0,0,0,0,1
22,1,0,0,0,0,0,7,1,0,0,0,0,0,1
175,2,1,0,1,0,3,15,1,0,0,0,0,0,1
39,3,1,0,0,0,0,25,0,0,0,0,0,0,1
20,1,0,0,0,0,0,12,1,0,0,0,0,0,0
16,1,0,0,0,0,0,8,1,0,0,0,0,0,0
39,3,1,0,0,0,0,24,1,0,0,0,0,0,1
22,1,0,0,0,0,0,6,1,0,0,0,0,0,1
58,2,1,0,0,0,0,49,1,0,0,0,0,0,1
25,1,0,0,0,0,0,17,1,0,0,0,0,0,0
49,2,0,0,0,0,0,10,1,0,0,0,0,0,1
94,2,7,0,0,0,0,29,1,0,0,0,0,0,1
42,2,2,0,0,0,0,34,1,0,0,0,0,0,1
20,1,0,0,0,0,0,12,1,0,0,0,0,0,0
21,1,1,0,0,0,0,13,1,0,0,0,0,0,0
40,2,1,0,0,0,0,32,1,0,0,0,0,0,1
24,1,0,0,0,0,0,16,0,0,0,0,0,0,1
20,2,0,0,0,0,0,12,1,0,0,0,0,0,0
18,1,0,0,0,0,0,10,1,0,0,0,0,0,0
24,2,0,0,0,0,0,15,1,0,0,0,0,0,1
19,1,0,0,0,0,0,11,1,0,0,0,0,0,0
25,2,0,0,0,0,0,16,1,0,0,0,0,0,1
23,1,0,0,0,0,0,4,1,0,0,0,0,0,1
17,1,0,0,0,0,0,9,1,0,0,0,0,0,0
21,1,1,0,0,0,0,6,1,0,0,0,0,0,1
15,1,0,0,0,0,0,7,1,0,0,0,0,0,0
21,1,0,0,0,0,0,13,1,0,0,0,0,0,0
83,2,3,0,0,1,0,56,1,0,0,0,0,0,1
21,1,0,0,0,0,0,13,1,0,0,0,0,0,0
22,1,0,0,0,0,0,7,1,0,0,0,0,0,1
15,1,0,0,0,0,0,7,1,0,0,0,0,0,0
21,1,0,0,0,0,0,13,1,0,0,0,0,0,0
15,1,0,0,0,0,0,7,1,0,0,0,0,0,0
29,2,1,0,0,0,0,21,1,0,0,0,0,0,1
23,2,0,0,0,0,0,8,1,0,0,0,0,0,1
18,1,0,0,0,0,0,10,1,0,0,0,0,0,0
21,1,1,0,0,0,0,6,1,0,0,0,0,0,1
175,2,3,0,1,0,3,15,1,0,0,0,0,0,1
21,1,1,0,0,0,0,13,1,0,0,0,0,0,0
14,1,0,0,0,0,0,6,1,0,0,0,0,0,0
52,3,0,0,0,0,0,21,1,0,0,0,0,0,1
175,2,2,0,1,0,3,15,1,0,0,0,0,0,1
36,2,1,0,0,0,0,27,1,0,0,0,0,0,1
16,1,1,0,0,0,0,8,1,0,0,0,0,0,0
22,1,0,0,0,0,0,14,1,0,0,0,0,0,0
21,1,0,0,0,0,0,13,1,0,0,0,0,0,0
181,3,4,0,1,1,4,15,1,0,0,0,0,0,1
175,2,2,0,1,0,3,15,1,0,0,0,0,0,1
42,2,2,0,0,0,0,33,1,0,0,0,0,0,1
20,1,0,0,0,0,0,12,1,0,0,0,0,0,0
33,2,0,0,0,0,0,24,1,0,0,0,0,0,1
22,1,0,0,0,0,0,6,1,0,0,0,0,0,1
19,1,0,0,0,0,0,11,1,0,0,0,0,0,0
59,2,4,0,0,0,0,16,1,0,0,0,0,0,1
20,1,0,0,0,0,0,12,1,0,0,0,0,0,0
175,2,2,0,1,0,3,15,1,0,0,0,0,0,1
19,1,0,0,0,0,0,11,1,0,0,0,0,0,0
22,1,0,0,0,0,0,14,1,0,1,0,0,0,0
23,2,0,0,0,0,0,8,1,0,0,0,0,0,1
18,1,0,0,0,0,0,10,1,0,0,0,0,0,0
16,1,0,0,0,0,0,8,1,0,0,0,0,0,0
21,1,0,0,0,0,0,13,1,0,0,0,0,0,0
18,1,0,0,0,0,0,10,1,0,0,0,0,0,0
42,1,0,0,0,0,0,11,1,0,0,0,0,0,1
83,2,0,0,0,0,0,15,1,0,0,0,0,0,1
16,1,0,0,0,0,0,8,1,0,0,0,0,0,0
18,1,0,0,0,0,0,10,1,0,0,0,0,0,0
21,1,0,0,0,0,0,13,1,0,0,0,0,0,0
18,2,0,0,0,0,0,10,1,0,0,0,0,0,0
27,2,0,0,0,0,0,20,0,0,0,0,0,0,1
17,1,0,0,0,0,0,9,1,0,0,0,0,0,0
19,1,0,0,0,0,0,11,1,0,0,0,0,0,0
144,3,5,0,1,0,3,15,1,0,0,0,0,0,1
43,1,0,0,0,0,0,12,1,0,0,0,0,0,1
38,2,2,0,0,0,0,16,1,0,0,0,0,0,1
99,2,0,0,0,0,0,15,1,0,0,0,0,0,1
29,2,0,0,0,0,0,20,1,0,0,0,0,0,1
23,1,0,0,0,0,0,15,1,0,0,0,0,0,0
37,2,0,0,0,0,0,10,1,0,0,0,0,0,1
20,1,0,0,0,0,0,12,1,0,0,0,0,0,0
21,1,0,0,0,0,0,13,1,0,0,0,0,0,0
37,2,2,0,0,0,0,19,1,0,0,0,0,0,1
21,1,1,0,0,0,0,6,1,0,0,0,0,0,1
21,1,1,0,0,0,0,6,1,0,0,0,0,0,1
16,1,0,0,0,0,0,8,1,0,0,0,0,0,0
22,1,1,0,0,0,0,13,1,0,0,0,0,0,1
20,1,1,0,0,0,0,12,1,0,0,0,0,0,0
23,1,0,0,0,0,0,15,1,0,0,0,0,0,0
17,1,0,0,0,0,0,9,1,0,0,0,0,0,0
23,1,0,0,0,0,0,15,1,0,0,0,0,0,0
15,1,0,0,0,0,0,7,1,0,0,0,0,0,0
22,1,0,0,0,0,0,14,1,0,0,0,0,0,0
19,1,0,0,0,0,0,11,1,0,0,0,0,0,0
22,1,0,0,0,0,0,7,1,0,0,0,0,0,1
16,1,0,0,0,0,0,8,1,0,0,0,0,0,0
27,2,0,0,0,0,0,18,1,0,0,0,0,0,1
18,1,0,0,0,0,0,10,1,0,0,0,0,0,0
40,2,1,0,0,0,0,31,1,0,0,0,0,0,1
21,1,1,0,0,0,0,6,1,0,0,0,0,0,1
16,1,0,0,0,0,0,8,1,0,0,0,0,0,0
47,1,3,0,0,0,0,11,1,0,0,0,0,0,1
24,1,0,0,0,0,0,16,1,0,0,0,0,0,0
18,1,0,0,0,0,0,10,1,0,0,0,0,0,0
19,1,0,0,0,0,0,11,1,0,0,0,0,0,0
17,1,0,0,0,0,0,9,1,0,0,0,0,0,0
17,1,0,0,0,0,0,9,1,0,0,0,0,0,0
62,3,1,0,0,0,0,43,1,0,0,0,0,0,1
54,2,1,0,0,0,0,45,1,0,0,0,0,0,1
175,2,2,0,1,0,3,15,1,0,0,0,0,0,1
48,2,0,0,0,0,0,39,1,0,0,0,0,0,1
23,1,0,0,0,0,0,8,1,0,0,0,0,0,1
25,2,0,0,0,0,0,10,1,0,0,0,0,0,1
28,2,1,0,0,0,0,19,1,0,0,0,0,0,1
20,1,0,0,0,0,0,12,1,0,0,0,0,0,0
23,1,0,0,0,0,0,15,1,0,0,0,0,0,0
27,2,0,0,0,0,0,19,1,0,0,0,0,0,0
16,1,0,0,0,0,0,8,1,0,0,0,0,0,0
24,1,0,0,0,0,0,16,1,0,0,0,0,0,0
25,1,0,0,0,0,0,17,1,0,0,0,0,0,0
76,2,1,0,1,0,2,25,1,0,0,0,0,0,1
22,1,0,0,0,0,0,7,1,0,0,0,0,0,1
21,1,1,0,0,0,0,6,1,0,0,0,0,0,1
35,1,0,0,0,0,0,13,1,0,0,0,0,0,1
27,2,0,0,0,0,0,19,1,0,0,0,0,0,0
175,2,4,0,1,0,3,15,1,0,0,0,0,0,1
30,1,0,0,0,0,0,22,1,0,0,0,0,0,0
17,1,0,0,0,0,0,9,1,0,0,0,0,0,0
22,1,0,0,0,0,0,6,1,0,0,0,0,0,1
17,1,0,0,0,0,0,9,1,0,0,0,0,0,0
17,1,0,0,0,0,0,9,1,0,0,0,0,0,0
23,2,0,0,0,0,0,8,1,0,0,0,0,0,1
17,1,0,0,0,0,0,9,1,0,0,0,0,0,0
23,2,0,0,0,0,0,8,1,0,0,0,0,0,1
22,1,0,0,0,0,0,7,1,0,0,0,0,0,1
62,3,1,0,0,0,0,43,1,0,0,0,0,0,1
36,2,1,0,0,0,0,21,1,0,0,0,0,0,1
15,1,0,0,0,0,0,7,1,0,0,0,0,0,0
18,1,0,0,0,0,0,10,1,0,0,0,0,0,0
49,3,0,0,0,0,0,25,1,0,0,0,0,0,1
17,1,0,0,0,0,0,9,1,0,0,0,0,0,0
33,2,0,0,0,0,0,26,0,0,0,0,0,0,1
22,1,0,0,0,0,0,14,1,0,0,0,0,0,0
23,2,0,0,0,0,0,8,1,0,0,0,0,0,1
20,1,0,0,0,0,0,12,1,0,0,0,0,0,0
116,6,2,0,1,0,3,38,1,0,0,0,0,0,1
20,2,0,0,0,0,0,12,1,0,0,0,0,0,0
51,3,0,0,0,0,0,21,1,0,0,0,0,0,1
20,1,0,0,0,0,0,12,1,0,0,0,0,0,0
62,3,1,0,0,0,0,43,1,0,0,0,0,0,1
76,2,1,0,1,0,2,25,1,0,0,0,0,0,1
32,1,0,0,0,0,0,11,1,0,0,0,0,0,1
36,2,0,0,0,0,0,28,1,0,0,0,0,0,1
31,2,1,0,0,0,0,22,1,0,0,0,0,0,1
13,1,0,0,0,0,0,5,1,0,0,0,0,0,0
23,2,0,0,0,0,0,8,1,0,0,0,0,0,1
17,1,0,0,0,0,0,9,1,0,0,0,0,0,0
22,1,0,0,0,0,0,7,1,0,0,0,0,0,1
38,3,1,0,0,0,0,23,1,0,0,0,0,0,1
59,3,0,1,0,0,0,17,1,0,0,0,0,0,1
19,1,0,0,0,0,0,11,1,0,0,0,0,0,0
37,2,1,0,0,0,0,28,1,0,0,0,0,0,1
14,1,0,0,0,0,0,6,1,0,0,0,0,0,0
51,2,1,0,0,0,0,20,1,0,0,0,0,0,1
51,3,0,0,0,0,0,21,1,0,0,0,0,0,1
175,2,2,0,1,0,3,15,1,0,0,0,0,0,1
20,1,0,0,0,0,0,12,1,0,0,0,0,0,0
38,2,1,0,0,0,0,31,0,0,0,0,0,0,1
109,4,0,0,1,0,3,15,1,0,0,0,0,0,1
175,2,3,0,1,0,3,15,1,0,0,0,0,0,1
32,2,1,0,0,0,0,23,1,0,0,0,0,0,1
22,1,0,0,0,0,0,7,1,0,0,0,0,0,1
14,1,0,0,0,0,0,6,1,0,0,0,0,0,0
40,2,0,0,0,0,0,31,1,0,0,0,0,0,1
23,2,0,0,0,0,0,8,1,0,0,0,0,0,1
47,2,0,0,0,0,0,12,1,0,0,0,0,0,1
22,1,0,0,0,0,0,7,1,0,0,0,0,0,1
19,1,0,0,0,0,0,11,1,0,0,0,0,0,0
29,1,0,0,0,0,0,21,1,0,0,0,0,0,0
22,1,0,0,0,0,0,7,1,0,0,0,0,0,1
175,2,3,0,1,0,3,15,1,0,0,0,0,0,1
38,2,0,0,0,0,0,20,1,0,0,0,0,0,1
22,1,0,0,0,0,0,7,1,0,0,0,0,0,1
116,3,2,0,1,0,2,15,1,0,0,0,0,0,1
65,2,2,0,0,0,0,24,1,0,0,0,0,0,1
19,1,0,0,0,0,0,11,1,0,0,0,0,0,0
16,2,0,0,0,0,0,8,1,0,0,0,0,0,0
20,1,0,0,0,0,0,12,1,0,0,0,0,0,0
31,2,0,0,0,0,0,22,1,0,0,0,0,0,1
175,2,2,0,1,0,3,15,1,0,0,0,0,0,1
19,1,0,0,0,0,0,11,1,0,0,0,0,0,0
175,2,3,0,1,0,3,15,1,0,0,0,0,0,1
37,2,2,0,0,0,0,28,1,0,0,0,0,0,1
22,1,0,0,0,0,0,14,1,0,0,0,0,0,0
17,1,0,0,0,0,0,9,1,0,0,0,0,0,0
48,2,0,0,0,0,0,16,1,0,0,0,0,0,1
22,1,0,0,0,0,0,7,1,0,0,0,0,0,1
33,2,1,0,0,0,0,24,1,0,0,0,0,0,1
36,2,3,0,0,0,0,29,0,0,0,0,0,0,1
22,1,0,0,0,0,0,14,1,0,0,0,0,0,0
18,1,0,0,0,0,0,10,1,0,0,0,0,0,0
75,2,1,0,1,0,2,24,1,0,0,0,0,0,1
131,2,1,0,1,0,3,15,1,0,0,0,0,0,1
282,3,6,0,1,0,5,28,1,0,0,0,0,0,1
27,2,0,0,0,0,0,18,1,0,0,0,0,0,1
23,2,0,0,0,0,0,8,1,0,0,0,0,0,1
17,1,0,0,0,0,0,9,1,0,0,0,0,0,0
21,1,0,0,0,0,0,13,1,0,0,0,0,0,0
22,1,0,0,0,0,0,7,1,0,0,0,0,0,1
30,2,0,0,0,0,0,21,1,0,0,0,0,0,1
23,2,0,0,0,0,0,8,1,0,0,0,0,0,1
24,2,1,0,0,0,0,17,0,0,0,0,0,0,1
131,2,0,0,1,0,3,15,1,0,0,0,0,0,1
21,1,0,0,0,0,0,13,1,0,0,0,0,0,0
20,1,0,0,0,0,0,12,1,0,0,0,0,0,0
51,3,0,0,0,0,0,21,1,0,0,0,0,0,1
42,2,2,0,0,0,0,33,1,0,0,0,0,0,1
113,2,1,0,1,0,1,15,1,0,0,0,0,0,1
60,1,1,0,0,0,0,6,1,0,0,0,0,0,1
23,1,0,0,0,0,0,15,1,0,0,0,0,0,0
34,1,2,0,0,0,0,26,1,0,0,0,0,0,0
175,2,4,0,1,0,3,15,1,0,0,0,0,0,1
20,1,0,0,0,0,0,5,1,0,0,0,0,0,1
25,1,0,0,0,0,0,17,1,0,0,0,0,0,0
52,2,3,0,0,0,0,43,1,0,0,0,0,0,1
32,2,0,0,0,0,0,23,1,0,0,0,0,0,1
16,1,0,0,0,0,0,8,1,0,0,0,0,0,0
22,1,0,0,0,0,0,7,1,0,0,0,0,0,1
52,2,3,0,0,0,0,43,1,0,0,0,0,0,1
175,2,4,0,1,0,3,15,1,0,0,0,0,0,1
31,2,0,0,0,0,0,22,1,0,0,0,0,0,1
20,1,0,0,0,0,0,12,1,0,0,0,0,0,0
38,2,1,0,0,0,0,29,1,0,0,0,0,0,1
31,2,0,0,0,0,0,22,1,0,0,0,0,0,1
83,3,0,0,0,0,0,74,1,0,0,0,0,0,1
20,1,0,0,0,0,0,12,1,0,0,0,0,0,0
49,3,2,0,0,0,0,41,1,0,0,0,0,0,1
27,1,0,0,0,0,0,18,1,0,0,0,0,0,1
43,3,1,0,0,0,0,18,1,0,0,0,0,0,1
18,1,0,0,0,0,0,10,1,0,0,0,0,0,0
15,1,0,0,0,0,0,7,1,0,0,0,0,0,0
32,2,0,0,0,0,0,23,1,0,0,0,0,0,1
19,1,1,0,0,0,0,11,1,0,0,0,0,0,0
39,2,2,0,0,0,0,21,1,0,0,0,0,0,1
26,2,0,0,0,0,0,17,1,0,0,0,0,0,1
16,1,0,0,0,0,0,8,1,0,0,0,0,0,0
59,2,1,0,0,0,0,21,1,0,0,0,0,0,1
49,2,0,0,0,0,0,40,1,0,0,0,0,0,1
18,1,0,0,0,0,0,10,1,0,0,0,0,0,0
75,2,1,0,1,0,2,24,1,0,0,0,0,0,1
34,1,0,0,1,0,0,7,1,0,0,0,0,0,1
21,1,1,0,0,0,0,6,1,0,0,0,0,0,1
23,2,0,0,0,0,0,8,1,0,0,0,0,0,1
45,2,0,0,0,0,0,16,1,0,0,0,0,0,1
19,1,0,0,0,0,0,11,1,0,0,0,0,0,0
46,1,0,0,0,0,0,11,1,0,0,0,0,0,1
19,1,0,0,0,0,0,11,1,0,0,0,0,0,0
22,1,0,0,0,0,0,7,1,0,0,0,0,0,1
36,2,1,0,0,0,0,20,1,0,0,0,0,0,1
18,1,0,0,0,0,0,10,1,0,0,0,0,0,0
21,1,1,0,0,0,0,13,1,0,0,0,0,0,0
18,1,0,0,0,0,0,10,1,0,0,0,0,0,0
17,1,0,0,0,0,0,9,1,0,0,0,0,0,0
23,2,0,0,0,0,0,8,1,0,0,0,0,0,1
31,2,0,0,0,0,0,22,1,0,0,0,0,0,1
40,2,1,0,0,0,0,32,1,0,0,0,0,0,1
22,1,0,0,0,0,0,7,1,0,0,0,0,0,1
20,1,0,0,0,0,0,12,1,0,0,0,0,0,0
20,1,0,0,0,0,0,7,1,0,0,0,0,0,1
18,1,0,0,0,0,0,10,1,0,0,0,0,0,0
28,1,1,0,0,0,0,20,1,0,0,0,0,0,0
34,2,0,0,0,0,0,26,0,0,0,0,0,0,1
15,1,0,0,0,0,0,7,1,0,0,0,0,0,0
187,2,1,0,0,0,0,20,1,0,0,0,0,0,1
21,1,0,0,0,0,0,13,1,0,0,0,0,0,0
41,2,0,0,0,0,0,23,1,0,0,0,0,0,1
23,1,0,0,0,0,0,15,1,0,0,0,0,0,0
21,1,1,0,0,0,0,13,1,0,0,0,0,0,0
21,1,0,0,0,0,0,13,1,0,0,0,0,0,0
20,1,0,0,0,0,0,12,1,0,0,0,0,0,0
22,1,0,0,0,0,0,14,1,0,0,0,0,0,0
16,1,0,0,0,0,0,8,1,0,0,0,0,0,0
24,1,0,0,0,0,0,16,1,0,0,0,0,0,0
29,2,1,0,0,0,0,22,0,0,0,0,0,0,1
15,1,0,0,0,0,0,7,1,0,0,0,0,0,0
36,2,2,0,0,0,0,27,1,0,0,0,0,0,1
40,3,0,0,0,0,0,20,1,0,0,0,0,0,1
15,1,0,0,0,0,0,7,1,0,0,0,0,0,0
27,1,0,0,0,0,0,10,1,0,0,0,0,0,1
22,1,0,0,0,0,0,14,1,0,0,0,0,0,0
21,1,0,0,0,0,0,13,1,0,0,0,0,0,0
39,2,0,0,0,0,0,15,1,0,0,0,0,0,1
20,1,0,0,0,0,0,12,1,0,0,0,0,0,0
450,5,13,0,1,6,17,14,1,0,0,0,0,0,1
332,9,0,0,1,37,1,21,1,0,0,0,0,0,1
38,2,0,0,0,0,0,26,1,0,0,0,0,0,1
24,1,0,0,0,0,0,16,1,0,0,0,0,0,0
33,2,1,0,0,0,0,24,1,0,0,0,0,1,1
71,2,0,0,0,0,0,62,1,0,0,0,0,0,1
33,2,0,0,0,0,0,24,1,0,0,0,0,0,1
43,2,3,0,0,0,0,34,1,0,0,0,0,0,1
16,1,0,0,0,0,0,8,1,0,0,0,0,0,0
29,2,0,0,0,0,0,20,1,0,0,0,0,0,1
355,4,3,0,1,0,9,34,1,0,0,0,0,0,1
17,1,0,0,0,0,0,9,1,0,0,0,0,0,0
31,1,0,0,0,0,0,23,1,0,0,0,0,0,0
18,1,0,0,0,0,0,10,1,0,0,0,0,0,0
40,2,0,0,0,0,0,28,1,0,0,0,0,0,1
20,2,0,0,0,0,0,12,1,0,0,0,0,0,0
15,1,0,0,0,0,0,7,1,0,0,0,0,0,0
19,1,0,0,0,0,0,11,1,0,0,0,0,0,0
21,1,0,0,0,0,0,13,1,0,0,0,0,0,0
175,2,2,0,1,0,3,15,1,0,0,0,0,0,1
33,2,0,0,0,0,0,24,1,0,0,0,0,0,1
163,5,0,0,2,1,5,14,1,0,0,0,0,0,1
50,2,2,0,0,0,0,27,1,0,0,0,0,1,1
18,1,0,0,0,0,0,10,1,0,0,0,0,0,0
17,1,0,0,0,0,0,9,1,0,0,0,0,0,0
58,3,3,0,0,0,0,40,1,0,0,0,0,0,1
49,2,0,0,0,0,0,10,1,0,0,0,0,0,1
62,3,1,0,0,0,0,43,1,0,0,0,0,0,1
26,1,0,0,0,0,0,10,1,0,0,0,0,0,1
21,1,1,0,0,0,0,6,1,0,0,0,0,0,1
27,1,0,0,0,0,0,19,1,0,0,0,0,0,0
24,1,1,0,0,0,0,16,1,0,0,0,0,0,0
25,1,0,0,0,0,0,17,1,0,0,0,0,0,0
24,1,1,0,0,0,0,16,1,0,0,0,0,0,0
24,1,0,0,0,0,0,16,1,0,0,0,0,0,0
23,1,0,0,0,0,0,15,1,0,0,0,0,0,0
30,2,0,0,0,0,0,21,1,0,0,0,0,0,1
21,1,1,0,0,0,0,13,1,0,0,0,0,0,0
33,2,1,0,0,0,0,24,1,0,0,0,0,0,1
23,1,1,0,0,0,0,15,1,0,0,0,0,0,1
16,1,0,0,0,0,0,8,1,0,0,0,0,0,0
17,1,0,0,0,0,0,9,1,0,0,0,0,0,0
23,2,0,0,0,0,0,8,1,0,0,0,0,0,1
53,2,0,0,0,0,0,21,1,0,0,0,0,0,1
29,1,0,0,2,0,0,5,0,0,0,0,0,0,1
22,1,0,0,0,0,0,6,1,0,0,0,0,0,1
30,1,1,0,0,0,0,21,1,0,0,0,0,0,1
18,1,0,0,0,0,0,10,1,0,0,0,0,0,0
15,1,0,0,0,0,0,7,1,0,0,0,0,0,0
23,2,0,0,0,0,0,8,1,0,0,0,0,0,1
14,1,0,0,0,0,0,6,1,0,0,0,0,0,0
93,3,1,0,1,0,0,43,1,0,0,0,0,0,1
33,2,1,0,0,0,0,24,1,0,0,0,0,0,1
22,1,0,0,0,0,0,7,1,0,0,0,0,0,1
26,1,0,0,0,0,0,18,1,0,0,0,0,0,0
22,1,0,0,0,0,0,14,1,0,0,0,0,0,0
178,3,5,0,1,0,4,15,1,0,0,0,0,0,1
15,1,0,0,0,0,0,7,1,0,0,0,0,0,0
20,1,1,0,0,0,0,12,1,0,0,0,0,0,0
175,2,3,0,1,0,3,15,1,0,0,0,0,0,1
18,1,0,0,0,0,0,10,1,0,0,0,0,0,0
21,1,0,0,0,0,0,13,1,0,0,0,0,0,0
21,1,0,0,0,0,0,13,1,0,0,0,0,0,0
22,1,0,0,0,0,0,14,1,0,0,0,0,0,0
21,1,0,0,0,0,0,13,1,0,0,0,0,0,0
22,1,0,0,0,0,0,7,1,0,0,0,0,0,1
16,1,0,0,0,0,0,8,1,0,0,0,0,0,0
22,1,0,0,0,0,0,14,1,0,0,0,0,0,0
18,1,0,0,0,0,0,10,1,0,0,0,0,0,0
45,2,3,0,0,0,0,36,1,0,0,0,0,0,1
22,1,0,0,0,0,0,7,1,0,0,0,0,0,1
22,1,0,0,0,0,0,14,1,0,0,0,0,0,0
20,1,0,0,0,0,0,12,1,0,0,0,0,0,0
23,2,0,0,0,0,0,8,1,0,0,0,0,0,1
15,1,0,0,0,0,0,7,1,0,0,0,0,0,0
24,2,0,0,0,0,0,15,1,0,0,0,0,0,1
14,1,0,0,0,0,0,6,1,0,0,0,0,0,0
25,2,0,0,0,0,0,16,1,0,0,0,0,0,1
23,2,0,0,0,0,0,8,1,0,0,0,0,0,1
21,1,1,0,0,0,0,6,1,0,0,0,0,0,1
18,1,0,0,0,0,0,10,1,0,0,0,0,0,0
19,1,0,0,0,0,0,11,1,0,0,0,0,0,0
24,1,0,0,0,0,0,16,1,0,0,0,0,0,0
23,2,0,0,0,0,0,8,1,0,0,0,0,0,1
22,1,0,0,0,0,0,7,1,0,0,0,0,0,1
23,2,0,0,0,0,0,8,1,0,0,0,0,0,1
90,2,0,0,0,0,0,16,1,0,0,0,0,0,1
21,1,1,0,0,0,0,6,1,0,0,0,0,0,1
24,2,0,0,0,0,0,16,1,0,0,0,0,0,0
51,3,0,0,0,0,0,21,1,0,0,0,0,0,1
30,2,0,0,0,0,0,21,1,0,0,0,0,0,1
83,3,0,0,0,0,0,74,1,0,0,0,0,0,1
22,1,0,0,0,0,0,6,1,0,0,0,0,0,1
23,1,0,0,0,0,0,4,1,0,0,0,0,0,1
62,3,1,0,0,0,0,43,1,0,0,0,0,0,1
25,1,0,0,0,0,0,17,1,0,0,0,0,0,0
41,2,0,0,0,0,0,32,1,0,0,0,0,0,1
21,1,0,0,0,0,0,13,1,0,0,0,0,0,0
15,1,0,0,0,0,0,7,1,0,0,0,0,0,0
21,1,0,0,0,0,0,12,1,0,0,0,0,0,1
37,2,0,0,0,0,0,16,1,0,0,0,0,0,1
22,1,0,0,0,0,0,6,1,0,0,0,0,0,1
42,2,0,0,0,0,0,14,1,0,0,0,0,0,1
22,1,0,0,0,0,0,7,1,0,0,0,0,0,1
17,1,0,0,0,0,0,9,1,0,0,0,0,0,0
22,1,0,0,0,0,0,7,1,0,0,0,0,0,1
17,1,0,0,0,0,0,9,1,0,0,0,0,0,0
22,1,0,0,0,0,0,14,1,0,0,0,0,0,0
17,1,0,0,0,0,0,9,1,0,0,0,0,0,0
16,1,0,0,0,0,0,8,1,0,0,0,0,0,0
175,2,2,0,1,0,3,15,1,0,0,0,0,0,1
21,1,0,0,0,0,0,13,1,0,0,0,0,0,0
29,2,0,0,0,0,0,20,1,0,0,0,0,0,1
26,2,0,0,0,0,0,10,1,0,0,0,0,0,1
21,1,0,0,0,0,0,13,1,0,0,0,0,0,0
58,3,0,0,0,0,0,21,1,0,0,0,0,0,1
21,1,1,0,0,0,0,6,1,0,0,0,0,0,1
28,1,2,0,0,0,0,20,1,0,0,0,0,0,0
23,1,0,0,0,0,0,15,1,0,0,0,0,0,0
27,2,0,0,0,0,0,18,1,0,0,0,0,0,1
20,1,0,0,0,0,0,5,1,0,0,0,0,0,1
23,2,0,0,0,0,0,8,1,0,0,0,0,0,1
53,2,1,0,0,0,0,44,1,0,0,0,0,0,1
26,1,1,0,0,0,0,18,1,0,0,0,0,0,0
22,1,0,0,0,0,0,7,1,0,0,0,0,0,1
19,1,0,0,0,0,0,11,1,0,0,0,0,0,0
17,1,0,0,0,0,0,9,1,0,0,0,0,0,0
15,1,0,0,0,0,0,7,1,0,0,0,0,0,0
20,1,0,0,0,0,0,12,1,0,0,0,0,0,0
22,1,0,0,0,0,0,7,1,0,0,0,0,0,1
35,2,0,0,0,0,0,26,1,0,0,0,0,0,1
22,1,0,0,0,0,0,7,1,0,0,0,0,0,1
24,1,0,0,0,0,0,16,1,0,0,0,1,0,0
175,2,3,0,1,0,3,15,1,0,0,0,0,0,1
23,1,0,0,0,0,0,15,1,0,0,0,0,0,0
47,2,3,0,0,0,0,38,1,0,0,0,0,0,1
18,1,0,0,0,0,0,10,1,0,0,0,0,0,0
22,1,0,0,0,0,0,14,1,0,0,0,0,0,0
19,1,0,0,0,0,0,11,1,0,0,0,0,0,0
32,2,0,0,0,0,0,23,1,0,0,0,0,0,1
30,1,0,0,0,0,0,22,1,0,0,0,0,0,0
30,2,0,0,0,0,0,21,1,0,0,0,0,0,1
20,1,0,0,0,0,0,12,1,0,0,0,0,0,0
38,2,0,0,0,0,0,20,1,0,0,0,0,0,1
51,3,0,0,0,0,0,21,1,0,0,0,0,0,1
37,2,1,0,0,0,0,30,0,0,0,0,0,0,1
15,1,0,0,0,0,0,7,1,0,0,0,0,0,0
34,1,0,0,0,0,0,6,1,0,0,0,0,0,1
30,2,0,0,0,0,0,21,1,0,0,0,0,0,1
21,1,1,0,0,0,0,6,1,0,0,0,0,0,1
20,2,0,0,0,0,0,12,1,0,0,0,0,0,0
232,2,1,0,1,0,1,30,1,0,0,0,0,0,1
18,1,0,0,0,0,0,10,1,0,0,0,0,0,0
20,1,0,0,0,0,0,12,1,0,0,0,0,0,0
19,2,0,0,0,0,0,12,0,0,0,0,0,0,1
13,1,0,0,0,0,0,5,1,0,0,0,0,0,0
18,1,0,0,0,0,0,10,1,0,0,0,0,0,0
23,2,0,0,0,0,0,8,1,0,0,0,0,0,1
21,1,1,0,0,0,0,6,1,0,0,0,0,0,1
21,1,1,0,0,0,0,6,1,0,0,0,0,0,1
19,1,0,0,0,0,0,11,1,0,0,0,0,0,0
22,1,0,0,0,0,0,7,1,0,0,0,0,0,1
42,2,1,0,0,0,0,18,1,0,0,0,0,0,1
14,1,0,0,0,0,0,6,1,0,0,0,0,0,0
27,1,0,0,0,0,0,8,1,0,0,0,0,0,1
32,2,1,0,0,0,0,23,1,0,0,0,0,0,1
24,1,0,0,0,0,0,16,1,0,0,0,0,0,0
17,1,0,0,0,0,0,9,1,0,0,0,0,0,0
76,3,3,0,0,0,0,43,1,0,0,0,0,0,1
22,1,0,0,0,0,0,14,1,0,0,0,0,0,0
13,1,0,0,0,0,0,5,1,0,0,0,0,0,0
24,1,0,0,0,0,0,16,1,0,0,0,0,0,0
21,1,0,0,0,0,0,13,1,0,0,0,0,0,0
20,1,0,0,0,0,0,12,1,0,0,0,0,0,0
16,1,0,0,0,0,0,8,1,0,0,0,0,0,0
18,1,1,0,0,0,0,10,1,0,0,0,0,0,0
18,1,0,0,0,0,0,10,1,0,0,0,0,0,0
59,2,2,0,0,0,0,21,1,0,0,0,0,0,1
19,1,0,0,0,0,0,11,1,0,0,0,0,0,0
175,2,5,0,1,0,3,15,1,0,0,0,0,0,1
24,1,0,0,0,0,0,16,1,0,0,0,0,0,0
167,2,3,0,1,0,3,15,1,0,0,0,0,0,1
16,1,0,0,0,0,0,8,1,0,0,0,0,0,0
22,1,0,0,0,0,0,7,1,0,0,0,0,0,1
76,2,1,0,1,0,2,25,1,0,0,0,0,0,1
21,1,0,0,0,0,0,13,1,0,0,0,0,0,0
21,1,0,0,0,0,0,13,1,0,0,0,0,0,0
16,1,0,0,0,0,0,8,1,0,0,0,0,0,0
14,1,0,0,0,0,0,6,1,0,0,0,0,0,0
20,1,0,0,0,0,0,5,1,0,0,0,0,0,1
39,2,3,0,0,0,0,30,1,0,1,0,0,0,1
38,2,1,0,0,0,0,20,1,0,0,0,0,0,1
167,2,1,0,1,0,3,15,1,0,0,0,0,0,1
29,1,0,0,0,0,0,20,1,0,0,0,0,0,1
190,3,2,0,1,0,4,15,1,0,0,0,0,0,1
20,1,0,0,0,0,0,12,1,0,0,0,0,0,0
36,2,2,0,0,0,0,27,1,0,0,0,0,0,1
22,1,0,0,0,0,0,7,1,0,0,0,0,0,1
19,1,0,0,0,0,0,11,1,0,0,0,0,0,0
20,1,1,0,0,0,0,12,1,0,0,0,0,0,0
43,2,2,0,0,0,0,34,1,0,0,0,0,0,1
15,1,0,0,0,0,0,7,1,0,0,0,0,0,0
51,3,0,0,0,0,0,21,1,0,0,0,0,0,1
20,1,0,0,0,0,0,12,1,0,0,0,0,0,0
22,1,0,0,0,0,0,6,1,0,0,0,0,0,1
42,2,0,0,0,0,0,33,1,0,0,0,0,0,1
51,3,0,0,0,0,0,21,1,0,0,0,0,0,1
62,3,1,0,0,0,0,43,1,0,0,0,0,0,1
18,1,0,0,0,0,0,10,1,0,0,0,0,0,0
33,2,0,0,0,0,0,24,1,0,0,0,0,0,1
18,1,0,0,0,0,0,10,1,0,0,0,0,0,0
15,1,0,0,0,0,0,7,1,0,0,0,0,0,0
15,1,0,0,0,0,0,7,1,0,0,0,0,0,0
20,1,0,0,0,0,0,12,1,0,0,0,0,0,0
51,3,0,0,0,0,0,21,1,0,0,0,0,0,1
21,1,0,0,0,0,0,13,1,0,0,0,0,0,0
21,1,0,0,0,0,0,12,1,0,0,0,0,0,1
19,1,0,0,0,0,0,11,1,0,0,0,0,0,0
39,2,1,0,0,0,0,31,1,0,0,0,0,0,1
175,2,2,0,1,0,3,15,1,0,0,0,0,0,1
24,1,0,0,0,0,0,15,1,0,0,0,0,0,1
25,1,0,0,0,0,0,16,1,0,0,0,0,0,1
24,2,0,0,0,0,0,16,1,0,0,0,0,0,0
43,2,1,0,0,0,0,19,1,0,0,0,0,0,1
24,1,0,0,0,0,0,16,1,0,0,0,0,0,0
84,2,0,0,0,0,0,15,1,0,0,0,0,0,1
27,2,1,0,0,0,0,18,1,0,0,0,0,0,1
22,1,0,0,0,0,0,14,1,0,0,1,0,0,0
15,1,0,0,0,0,0,7,1,0,0,0,0,0,0
17,1,0,0,0,0,0,9,1,0,0,0,0,0,0
18,1,0,0,0,0,0,10,1,0,0,0,0,0,0
27,1,0,0,0,0,0,19,1,0,0,0,0,0,0
21,1,1,0,0,0,0,6,1,0,0,0,0,0,1
25,3,0,0,0,0,0,16,1,0,0,0,0,0,1
37,1,0,0,0,0,1,10,1,0,0,0,0,0,1
15,1,0,0,0,0,0,7,1,0,0,0,0,0,0
60,3,1,0,0,0,0,28,1,0,0,0,0,0,1
24,1,0,0,0,0,0,16,1,0,0,0,0,0,0
26,2,1,0,0,0,0,17,1,0,0,0,0,0,1
36,1,0,0,0,0,0,17,1,0,0,0,0,0,1
23,1,0,0,0,0,0,4,1,0,0,0,0,0,1
22,1,0,0,0,0,0,7,1,0,0,0,0,0,1
75,3,4,0,0,0,0,43,1,0,0,0,0,0,1
25,1,2,0,0,0,0,17,1,0,0,0,0,0,0
65,2,3,0,0,0,0,16,1,0,0,0,0,0,1
20,1,0,0,0,0,0,12,1,0,0,0,0,0,0
70,2,3,0,0,2,0,16,1,0,0,0,0,0,1
24,2,0,0,0,0,0,15,1,0,0,0,0,0,1
21,1,1,0,0,0,0,6,1,0,0,0,0,0,1
56,2,1,0,0,0,0,49,0,0,0,0,0,0,1
23,2,0,0,0,0,0,8,1,0,0,0,0,0,1
18,1,0,0,0,0,0,10,1,0,0,0,0,0,0
22,1,0,0,0,0,0,7,1,0,0,0,0,0,1
21,1,1,0,0,0,0,6,1,0,0,0,0,0,1
76,2,1,0,1,0,2,25,1,0,0,0,0,0,1
25,1,0,0,0,0,0,17,1,0,0,0,0,0,0
21,1,1,0,0,0,0,6,1,0,0,0,0,0,1
21,1,0,0,0,0,0,13,1,0,0,1,0,0,0
19,1,0,0,0,0,0,11,1,0,0,0,0,0,0
22,1,0,0,0,0,0,7,1,0,0,0,0,0,1
163,5,8,0,0,0,1,33,1,0,0,0,0,0,1
33,1,0,0,0,0,0,14,1,0,0,0,0,0,1
27,2,0,0,0,0,0,18,1,0,0,0,0,0,1
42,2,0,0,0,0,0,34,1,0,0,0,0,0,1
20,1,0,0,0,0,0,12,1,0,0,0,0,0,0
21,1,0,0,0,0,0,13,1,0,0,0,0,0,0
45,3,0,0,0,0,0,22,1,0,0,0,0,0,1
18,1,0,0,0,0,0,10,1,0,0,0,0,0,0
22,1,0,0,0,0,0,14,1,0,0,0,0,0,0
21,1,1,0,0,0,0,6,1,0,0,0,0,0,1
18,1,0,0,0,0,0,10,1,0,0,0,0,0,0
22,1,0,0,0,0,0,7,1,0,0,0,0,0,1
23,2,0,0,0,0,0,8,1,0,0,0,0,0,1
38,2,0,0,0,0,0,29,1,0,0,0,0,0,1
16,1,0,0,0,0,0,8,1,0,0,0,0,0,0
38,2,0,0,0,0,0,29,1,0,0,0,0,0,1
21,1,1,0,0,0,0,6,1,0,0,0,0,0,1
21,1,1,0,0,0,0,6,1,0,0,0,0,0,1
18,2,0,0,0,0,0,10,1,0,0,0,0,0,0
148,2,0,0,1,0,11,15,1,0,0,0,0,0,1
40,2,1,0,0,0,0,24,1,0,0,0,0,0,1
22,1,0,0,0,0,0,7,1,0,0,0,0,0,1
25,1,0,0,0,0,0,17,1,0,0,0,0,0,0
31,2,0,0,0,0,0,24,0,0,0,0,0,0,1
25,1,0,0,0,0,0,17,1,0,0,0,0,0,0
22,1,0,0,0,0,0,7,1,0,0,0,0,0,1
28,2,0,0,0,0,0,19,1,0,0,0,0,0,1
138,7,3,0,1,0,1,14,1,0,0,0,0,0,1
15,1,0,0,0,0,0,7,1,0,0,0,0,0,0
60,3,1,0,0,0,0,43,0,0,0,0,0,0,1
21,1,0,0,0,0,0,13,1,0,0,0,0,0,0
14,1,0,0,0,0,0,6,1,0,0,0,0,0,0
174,2,4,0,1,0,3,15,1,0,0,0,0,0,1
21,1,1,0,0,0,0,6,1,0,0,0,0,0,1
17,1,0,0,0,0,0,9,1,0,0,0,0,0,0
21,1,0,0,0,0,0,13,1,0,0,0,0,0,0
28,1,0,0,0,0,0,20,1,0,0,0,0,0,0
46,2,0,0,0,0,0,31,1,0,0,0,0,0,1
83,3,0,0,0,0,0,74,1,0,0,0,0,0,1
31,2,1,0,0,0,0,22,1,0,0,0,0,0,1
131,2,5,0,0,0,0,15,1,0,0,0,0,0,1
19,1,0,0,0,0,0,11,1,0,0,0,0,0,0
22,1,0,0,0,0,0,14,1,0,0,0,0,0,0
17,1,0,0,0,0,0,9,1,0,0,0,0,0,0
52,3,0,0,0,0,0,21,1,0,0,0,0,0,1
51,3,0,0,0,0,0,21,1,0,0,0,0,0,1
34,2,0,0,0,0,0,16,1,0,0,0,0,0,1
35,2,0,0,0,0,0,26,1,0,0,0,0,0,1
20,1,1,0,0,0,0,6,0,0,0,0,0,0,1
21,1,1,0,0,0,0,6,1,0,0,0,0,0,1
62,3,2,0,0,0,0,53,1,0,0,0,0,0,1
31,2,0,0,0,0,0,23,0,0,0,0,0,0,1
25,1,0,0,0,0,0,17,1,0,0,0,0,0,0
17,1,0,0,0,0,0,9,1,0,0,0,0,0,0
38,2,1,0,0,0,0,29,1,0,0,0,0,0,1
16,1,0,0,0,0,0,8,1,0,0,0,0,0,0
25,2,0,0,0,0,0,16,1,0,0,0,0,0,1
15,1,0,0,0,0,0,7,1,0,0,0,0,0,0
21,1,1,0,0,0,0,6,1,0,0,0,0,0,1
22,1,0,0,0,0,0,7,1,0,0,0,0,0,1
21,1,0,0,0,0,0,13,1,0,0,0,0,0,0
31,2,1,0,0,0,0,23,1,0,0,0,0,0,1
17,2,0,0,0,0,0,9,1,0,0,0,0,0,0
51,3,0,0,0,0,0,21,1,0,0,0,0,0,1
20,1,0,0,0,0,0,12,1,0,0,0,0,0,0
17,1,0,0,0,0,0,9,1,0,0,0,0,0,0
35,2,0,0,0,0,0,24,1,0,0,0,0,0,1
28,1,0,0,0,0,0,11,1,0,0,0,0,0,1
15,1,0,0,0,0,0,7,1,0,0,0,0,0,0
20,1,0,0,0,0,0,12,1,0,0,0,0,0,0
21,1,0,0,0,0,0,13,1,0,0,0,0,0,0
22,1,0,0,0,0,0,14,1,0,0,0,0,0,0
18,1,0,0,0,0,0,10,1,0,0,0,0,0,0
175,2,1,0,1,0,3,15,1,0,0,0,0,0,1
27,2,0,0,0,0,0,18,1,0,0,0,0,0,1
64,2,2,0,0,0,0,16,1,0,0,0,0,0,1
19,1,0,0,0,0,0,11,1,0,0,0,0,0,0
26,2,0,0,0,0,0,17,1,0,0,0,0,0,1
21,1,0,0,0,0,0,13,1,0,0,0,0,0,0
22,1,0,0,0,0,0,7,1,0,0,0,0,0,1
18,1,0,0,0,0,0,10,1,0,0,0,0,0,0
65,5,0,0,0,0,0,36,1,0,1,0,0,0,1
22,1,0,0,0,0,0,7,1,0,0,0,0,0,1
28,1,0,0,0,0,0,11,1,0,0,0,0,0,1
19,1,0,0,0,0,0,11,1,0,0,0,0,0,0
21,1,0,0,0,0,0,13,1,0,0,0,0,0,0
22,1,0,0,0,0,0,6,1,0,0,0,0,0,1
22,1,0,0,0,0,0,7,1,0,0,0,0,0,1
32,1,0,0,0,0,0,18,1,0,0,0,0,0,1
175,2,2,0,1,0,3,15,1,0,0,0,0,0,1
22,1,0,0,0,0,0,7,1,0,0,0,0,0,1
17,1,0,0,0,0,0,9,1,0,0,0,0,0,0
134,3,1,0,1,0,3,15,1,0,0,0,0,0,1
21,1,1,0,0,0,0,6,1,0,0,0,0,0,1
23,2,0,0,0,0,0,8,1,0,0,0,0,0,1
21,1,0,0,0,0,0,13,1,0,0,0,0,0,0
20,1,0,0,0,0,0,12,1,0,0,1,0,0,0
38,1,0,0,1,0,1,7,1,0,0,0,0,0,1
42,3,0,0,1,0,1,7,1,0,0,0,0,0,1
20,1,0,0,0,0,0,12,1,0,0,0,0,0,0
17,1,0,0,0,0,0,9,1,0,0,0,0,0,0
23,2,0,0,0,0,0,14,1,0,0,0,0,0,1
21,1,1,0,0,0,0,13,1,0,0,0,0,0,0
18,1,0,0,0,0,0,10,1,0,0,0,0,0,0
22,1,0,0,0,0,0,7,1,0,0,0,0,0,1
26,1,1,0,0,0,0,19,0,0,0,0,0,1,1
64,3,1,0,0,0,0,43,1,0,0,0,0,0,1
35,2,0,0,0,0,0,26,1,0,0,0,0,0,1
42,2,0,0,0,0,0,18,1,0,0,0,0,0,1
19,1,0,0,0,0,0,11,1,0,0,0,0,0,0
20,1,0,0,0,0,0,12,1,0,0,0,0,0,0
20,1,0,0,0,0,0,12,1,0,0,0,0,0,0
22,1,0,0,0,0,0,14,1,0,0,0,0,0,0
21,1,0,0,0,0,0,13,1,0,0,0,0,0,0
25,1,0,0,0,0,0,17,1,0,0,0,0,0,0
20,1,1,0,0,0,0,12,1,0,0,0,0,0,0
22,1,0,0,0,0,0,14,1,0,0,0,0,0,0
23,2,0,0,0,0,0,8,1,0,0,0,0,0,1
23,1,0,0,0,0,0,15,1,0,0,0,0,0,0
113,2,0,0,1,0,1,15,1,0,0,0,0,0,1
17,1,0,0,0,0,0,9,1,0,0,0,0,0,0
98,3,0,0,1,0,2,15,1,0,0,0,0,0,1
23,2,0,0,0,0,0,8,1,0,0,0,0,0,1
76,2,1,0,1,0,2,25,1,0,0,0,0,0,1
22,1,0,0,0,0,0,6,1,0,0,0,0,0,1
18,1,0,0,0,0,0,10,1,0,0,0,0,0,0
19,1,0,0,0,0,0,11,1,0,0,0,0,0,0
15,1,0,0,0,0,0,7,1,0,0,0,0,0,0
16,1,0,0,0,0,0,8,1,0,0,0,0,0,0
38,2,2,0,0,0,0,29,1,0,0,0,0,0,1
16,1,0,0,0,0,0,8,1,0,0,0,0,0,0
17,1,0,0,0,0,0,9,1,0,0,0,0,0,0
23,1,0,0,0,0,0,15,1,0,0,0,0,0,0
19,1,0,0,0,0,0,11,1,0,0,0,0,0,0
37,1,0,0,0,0,0,28,1,0,0,0,0,0,1
17,1,0,0,0,0,0,9,1,0,0,0,0,0,0
24,1,0,0,0,0,0,15,1,0,0,0,0,0,1
17,1,0,0,0,0,0,9,1,0,0,0,0,0,0
40,2,0,0,0,0,0,31,1,0,0,0,0,0,1
22,1,0,0,0,0,0,7,1,0,0,0,0,0,1
22,1,0,0,0,0,0,14,1,0,0,0,0,0,0
20,1,0,0,0,0,0,12,1,0,0,0,0,0,0
38,1,2,0,0,0,0,30,1,0,0,0,0,0,0
17,1,0,0,0,0,0,9,1,0,0,0,0,0,0
22,1,1,0,0,0,0,14,1,0,0,0,0,0,0
32,2,0,0,0,0,0,23,1,0,0,0,0,0,1
22,1,0,0,0,0,0,7,1,0,0,0,0,0,1
35,2,0,0,0,0,0,27,1,0,0,0,0,0,1
61,4,0,0,0,0,0,23,0,0,0,0,0,0,1
62,2,1,0,0,2,0,16,1,0,0,0,0,0,1
199,3,1,0,1,0,5,15,1,0,0,0,0,0,1
19,1,0,0,0,0,0,11,1,0,0,0,0,0,0
18,1,0,0,0,0,0,10,1,0,0,0,0,0,0
25,2,0,0,0,0,0,16,1,0,0,0,0,0,1
18,1,0,0,0,0,0,10,1,0,0,0,0,0,0
17,1,0,0,0,0,0,9,1,0,0,0,0,0,0
53,2,0,0,0,0,0,16,1,0,0,0,0,0,1
20,2,0,0,0,0,0,12,1,0,0,0,0,0,0
22,1,0,0,0,0,0,6,1,0,0,0,0,0,1
21,1,0,0,0,0,0,13,1,0,0,0,0,0,0
21,1,1,0,0,0,0,6,1,0,0,0,0,0,1
57,2,4,0,0,0,0,48,1,0,0,0,0,0,1
28,1,0,0,0,0,0,20,1,0,0,0,0,0,0
14,1,0,0,0,0,0,6,1,0,0,0,0,0,0
22,1,0,0,0,0,0,7,1,0,0,0,0,0,1
25,1,0,0,0,0,0,17,1,0,0,0,0,0,0
17,1,0,0,0,0,0,9,1,0,0,0,0,0,0
26,2,0,0,0,0,0,17,1,0,0,0,0,0,1
15,1,1,0,0,0,0,7,1,0,0,0,0,0,0
21,1,1,0,0,0,0,6,1,0,0,0,0,0,1
15,1,0,0,0,0,0,7,1,0,0,0,0,0,0
20,1,1,0,0,0,0,12,1,0,0,0,0,0,0
30,1,1,0,0,0,0,9,1,0,0,0,0,0,1
21,1,1,0,0,0,0,13,1,0,0,0,0,0,0
25,2,1,0,0,0,0,14,1,0,0,0,0,0,1
20,1,0,0,0,0,0,12,1,0,0,0,0,0,0
83,3,0,0,0,0,0,74,1,0,0,0,0,0,1
22,1,0,0,0,0,0,6,1,0,0,0,0,0,1
18,1,0,0,0,0,0,10,1,0,0,0,0,0,0
167,2,2,0,1,0,3,15,1,0,0,0,0,0,1
13,1,0,0,0,0,0,5,1,0,0,0,0,0,0
35,3,1,0,0,0,0,26,1,0,0,0,0,0,1
38,2,0,0,0,0,0,30,1,0,0,0,0,0,1
27,2,0,0,0,0,0,18,1,0,0,0,0,0,1
14,1,0,0,0,0,0,6,1,0,0,0,0,0,0
175,2,5,0,1,0,3,15,1,0,0,0,0,0,1
84,2,0,0,0,0,0,15,1,0,0,0,0,0,1
175,2,2,0,1,0,3,15,1,0,0,0,0,0,1
21,1,1,0,0,0,0,6,1,0,0,0,0,0,1
28,2,0,0,0,0,0,19,1,0,0,0,0,0,1
23,2,0,0,0,0,0,8,1,0,0,0,0,0,1
14,1,0,0,0,0,0,6,1,0,0,0,0,0,0
36,2,1,0,0,0,0,20,1,0,0,0,0,0,1
14,1,0,0,0,0,0,6,1,0,0,0,0,0,0
35,2,0,0,0,0,0,26,1,0,0,0,0,0,1
22,1,0,0,0,0,0,14,1,0,0,0,0,0,0
23,2,0,0,0,0,0,8,1,0,0,0,0,0,1
119,2,1,0,1,2,4,25,1,0,0,0,0,0,1
24,2,0,0,0,0,0,17,0,0,0,0,0,0,1
20,1,0,0,0,0,0,12,1,0,0,0,0,0,0
22,1,0,0,0,0,0,7,1,0,0,0,0,0,1
23,2,0,0,0,0,0,8,1,0,0,0,0,0,1
21,1,0,0,0,0,0,13,1,0,0,0,0,0,0
20,1,0,0,0,0,0,12,1,0,0,0,0,0,0
18,1,0,0,0,0,0,10,1,0,0,0,0,0,0
39,2,2,0,0,0,0,22,1,0,0,0,0,0,1
62,3,1,0,0,0,0,43,1,0,0,0,0,0,1
19,1,0,0,0,0,0,11,1,0,0,0,0,0,0
56,2,0,0,0,0,0,16,1,0,0,0,0,0,1
18,1,0,0,0,0,0,10,1,0,0,0,0,0,0
17,1,0,0,0,0,0,9,1,0,0,0,0,0,0
21,1,0,0,0,0,0,13,1,0,0,0,0,0,0
21,1,0,0,0,0,0,13,1,0,0,0,0,0,0
15,1,0,0,0,0,0,7,1,0,0,0,0,0,0
34,2,0,0,0,0,0,25,1,0,0,0,0,0,1
35,2,0,0,0,0,0,26,1,0,0,0,0,0,1
75,2,1,0,1,0,2,24,1,0,0,0,0,0,1
21,1,0,0,0,0,0,13,1,0,0,0,0,0,0
19,1,0,0,0,0,0,11,1,0,0,0,0,0,0
21,1,0,0,0,0,0,13,1,0,0,0,0,0,0
20,1,0,0,0,0,0,12,1,0,0,0,0,0,0
17,1,0,0,0,0,0,9,1,0,0,0,0,0,0
30,2,0,0,0,0,0,21,1,0,0,0,0,0,1
15,1,0,0,0,0,0,7,1,0,0,0,0,0,0
33,1,1,0,0,0,0,16,1,0,0,0,0,0,1
23,2,0,0,0,0,0,8,1,0,0,0,0,0,1
16,1,0,0,0,0,0,8,1,0,0,0,0,0,0
85,4,6,0,0,0,0,68,1,0,0,0,0,0,1
24,2,0,0,0,0,0,17,0,0,0,0,0,0,1
75,2,1,0,1,0,2,24,1,0,0,0,0,0,1
19,1,0,0,0,0,0,11,1,0,0,0,0,0,0
56,2,1,0,1,0,0,16,1,0,0,0,0,0,1
31,2,0,0,0,0,0,22,1,0,0,0,0,0,1
57,2,0,0,0,0,0,48,1,0,0,0,0,0,1
36,2,0,0,0,0,0,27,1,0,0,0,0,0,1
20,1,0,0,0,0,0,12,1,0,0,0,0,0,0
28,1,0,0,0,0,0,7,1,0,0,0,0,0,1
24,1,0,0,0,0,0,16,1,0,0,0,0,0,0
67,1,0,0,0,0,0,7,1,0,0,0,0,0,1
51,2,2,0,0,0,0,42,1,0,0,0,0,0,1
15,1,0,0,0,0,0,7,1,0,0,0,0,0,0
18,1,0,0,0,0,0,10,1,0,0,0,0,0,0
72,2,0,0,1,0,1,27,1,0,0,0,0,0,1
19,1,0,0,0,0,0,11,1,0,0,0,0,0,0
21,1,0,0,0,0,0,13,1,0,0,0,0,0,0
46,3,0,0,0,0,0,23,1,0,0,0,0,0,1
29,1,0,0,0,0,0,21,1,0,0,0,0,0,0
45,2,2,0,0,0,0,36,1,0,0,0,0,0,1
18,1,0,0,0,0,0,10,1,0,0,0,0,0,0
53,2,0,0,0,0,0,44,1,0,0,0,0,0,1
40,2,1,0,0,0,0,31,1,0,0,0,0,0,1
21,1,0,0,0,0,0,13,1,0,0,0,0,0,0
175,2,2,0,1,0,3,15,1,0,0,0,0,0,1
85,2,1,0,1,3,2,24,1,0,0,0,0,0,1
20,1,0,0,0,0,0,12,1,0,0,0,0,0,0
22,1,0,0,0,0,0,7,1,0,0,0,0,0,1
33,2,0,0,0,0,0,18,1,0,0,0,0,0,1
23,1,0,0,0,0,0,15,1,0,0,0,0,0,0
175,2,4,0,1,0,3,15,1,0,0,0,0,0,1
21,1,0,0,0,0,0,13,1,0,0,0,0,0,0
22,1,0,0,0,0,0,7,1,0,0,0,0,0,1
22,1,0,0,0,0,0,14,1,0,0,0,0,0,0
21,1,1,0,0,0,0,13,1,0,0,0,0,0,0
29,2,1,0,0,0,0,21,1,0,0,0,0,0,1
18,1,0,0,0,0,0,10,1,0,0,0,0,0,0
22,1,0,0,0,0,0,7,1,0,0,0,0,0,1
18,1,0,0,0,0,0,10,1,0,0,0,0,0,0
106,3,1,0,0,0,0,21,1,0,0,0,0,0,1
28,2,0,0,0,0,0,18,0,0,0,0,0,0,1
19,1,0,0,0,0,0,11,1,0,0,0,0,0,0
21,1,0,0,0,0,0,13,1,0,0,0,0,0,0
22,1,0,0,0,0,0,7,1,0,0,0,0,0,1
16,1,0,0,0,0,0,8,1,0,0,0,0,0,0
20,1,0,0,0,0,0,12,1,0,0,0,0,0,0
167,2,2,0,1,0,3,15,1,0,0,0,0,0,1
21,1,1,0,0,0,0,6,1,0,0,0,0,0,1
36,2,0,0,0,0,0,27,1,0,0,0,0,0,1
41,2,0,0,0,0,0,32,1,0,0,0,0,0,1
32,2,1,0,0,0,0,23,1,0,0,1,0,0,1
18,1,0,0,0,0,0,10,1,0,0,0,0,0,0
91,2,0,0,0,0,0,17,1,0,0,0,0,0,1
23,1,0,0,0,0,0,15,1,0,0,0,0,0,0
17,1,0,0,0,0,0,9,1,0,0,0,0,0,0
38,1,0,0,0,0,0,19,1,0,0,0,0,0,1
16,1,0,0,0,0,0,8,1,0,0,0,0,0,0
23,1,0,0,0,0,0,15,1,0,0,0,0,0,0
181,3,1,0,1,1,4,15,1,0,0,0,0,0,1
21,2,0,0,0,0,0,13,1,0,0,0,0,0,0
51,2,2,0,0,0,0,42,1,0,0,0,0,0,1
36,2,0,0,0,0,0,16,1,0,0,0,0,0,1
51,3,0,0,0,0,0,21,1,0,0,0,0,0,1
22,1,0,0,0,0,0,13,1,0,0,0,0,0,1
33,1,0,0,0,0,0,12,1,0,0,0,0,0,1
22,1,0,0,0,0,0,7,1,0,0,0,0,0,1
19,1,0,0,0,0,0,11,1,0,0,0,0,0,0
21,1,1,0,0,0,0,6,1,0,0,0,0,0,1
26,1,1,0,1,0,1,6,1,0,0,0,0,0,1
51,3,0,0,0,0,0,21,1,0,0,0,0,0,1
23,1,0,0,0,0,0,15,1,0,0,0,0,0,0
19,1,0,0,0,0,0,11,1,0,0,0,0,0,0
44,2,0,0,0,0,0,37,0,0,0,0,0,0,1
23,2,0,0,0,0,0,8,1,0,0,0,0,0,1
138,5,5,0,1,0,2,30,1,0,0,0,0,0,1
16,1,0,0,0,0,0,8,1,0,0,0,0,0,0
23,1,0,0,0,0,0,15,1,0,0,0,0,0,0
44,2,1,0,0,0,0,11,1,0,0,0,0,0,1
19,1,0,0,0,0,0,11,1,0,0,0,0,0,0
20,1,0,0,0,0,0,12,1,0,0,0,0,0,0
60,3,1,0,0,0,0,28,1,0,0,0,0,0,1
60,2,4,0,0,0,0,53,0,0,0,0,0,0,1
16,1,0,0,0,0,0,8,1,0,0,0,0,0,0
27,2,0,0,0,0,0,18,1,0,0,0,0,0,1
17,1,0,0,0,0,0,9,1,0,0,0,0,0,0
28,1,0,0,0,0,0,20,1,0,0,0,0,0,0
21,1,0,0,0,0,0,13,1,0,0,0,0,0,0
41,2,0,0,0,0,0,32,1,0,0,0,0,0,1
18,1,0,0,0,0,0,10,1,0,0,0,0,0,0
130,2,0,0,1,0,3,15,1,0,0,0,0,0,1
112,3,9,0,1,0,1,56,1,0,0,0,0,0,1
25,1,0,0,0,0,0,17,1,0,0,0,0,0,0
21,1,0,0,0,0,0,13,1,0,0,0,0,0,0
35,4,0,0,0,0,0,21,1,0,0,0,0,0,1
175,2,2,0,1,0,3,15,1,0,0,0,0,0,1
16,1,0,0,0,0,0,8,1,0,0,0,0,0,0
19,1,0,0,0,0,0,11,1,0,0,0,0,0,0
17,1,0,0,0,0,0,9,1,0,0,0,0,0,0
32,2,0,0,0,0,0,25,0,0,0,0,0,0,1
33,1,1,0,0,0,0,24,1,0,0,0,0,0,1
20,2,0,0,0,0,0,12,1,0,0,0,0,0,0
25,1,0,0,0,0,0,17,1,0,0,0,0,0,0
35,2,0,0,0,0,0,26,1,0,0,0,0,0,1
19,1,0,0,0,0,0,11,1,0,0,0,0,0,0
63,3,1,0,0,0,0,43,1,0,0,0,0,0,1
31,4,0,0,0,0,0,16,1,0,0,0,0,0,1
22,1,1,0,0,0,0,14,1,0,0,0,0,0,0
27,2,0,0,0,0,0,19,1,0,0,0,0,0,1
22,1,0,0,0,0,0,7,1,0,0,0,0,0,1
24,1,0,0,0,0,0,15,1,0,0,0,0,0,1
28,1,0,0,0,0,0,6,0,0,0,0,0,0,1
19,1,0,0,0,0,0,11,1,0,0,0,0,0,0
17,1,0,0,0,0,0,9,1,0,0,0,0,0,0
22,1,0,0,0,0,0,6,1,0,0,0,0,0,1
16,1,0,0,0,0,0,8,1,0,0,0,0,0,0
18,1,0,0,0,0,0,10,1,0,0,0,0,0,0
45,2,2,0,0,0,0,38,0,0,0,0,0,0,1
175,2,2,0,1,0,3,15,1,0,0,0,0,0,1
18,1,1,0,0,0,0,10,1,0,0,0,0,0,0
21,1,1,0,0,0,0,13,1,0,0,0,0,0,0
21,1,0,0,0,0,0,13,1,0,0,0,0,0,0
34,2,1,0,0,0,0,8,1,0,0,0,0,0,1
31,1,2,0,0,0,0,23,1,0,0,0,0,0,0
20,1,0,0,0,0,0,12,1,0,0,0,0,0,0
21,1,0,0,0,0,0,13,1,0,0,0,0,0,0
19,1,0,0,0,0,0,11,1,0,0,0,0,0,0
16,1,0,0,0,0,0,8,1,0,0,0,0,0,0
15,1,0,0,0,0,0,7,1,0,0,0,0,0,0
32,2,0,0,0,0,0,23,1,0,0,0,0,0,1
22,1,0,0,0,0,0,14,1,0,0,0,0,0,0
60,4,0,0,1,0,1,7,1,0,0,0,0,0,1
84,2,0,0,0,0,0,15,1,0,0,0,0,0,1
22,1,0,0,0,0,0,7,1,0,0,0,0,0,1
28,2,0,0,0,0,0,19,1,0,0,0,0,0,1
16,1,0,0,0,0,0,8,1,0,0,0,0,0,0
190,3,3,0,1,0,4,15,1,0,0,0,0,0,1
94,2,1,0,0,0,0,21,1,0,0,0,0,0,1
22,1,0,0,0,0,0,7,1,0,0,0,0,0,1
186,3,1,0,1,0,4,15,1,0,0,0,0,0,1
49,2,2,0,0,0,0,40,1,0,0,0,0,0,1
22,1,0,0,0,0,0,7,1,0,0,0,0,0,1
20,1,0,0,0,0,0,12,1,0,0,0,0,0,0
76,5,0,1,0,0,0,22,1,0,1,0,0,0,1
41,2,0,0,0,0,0,32,1,0,0,0,0,0,1
23,1,0,0,0,0,0,15,1,0,0,0,0,0,0
25,1,0,0,0,0,0,17,1,0,0,0,0,0,0
58,3,1,1,0,0,0,16,1,0,0,0,0,0,1
24,2,0,0,0,0,0,17,0,0,0,0,0,0,1
21,2,0,0,0,0,0,13,1,0,0,0,0,0,0
19,1,0,0,0,0,0,11,1,0,0,0,0,0,0
23,1,0,0,0,0,0,15,1,0,0,0,0,0,0
51,3,0,0,0,0,0,21,1,0,0,0,0,0,1
22,1,0,0,0,0,0,14,1,0,0,0,0,0,0
25,1,0,0,0,0,0,17,1,0,0,0,0,0,0
19,1,0,0,0,0,0,11,1,0,0,0,0,0,0
15,1,0,0,0,0,0,7,1,0,0,0,0,0,0
20,1,0,0,0,0,0,12,1,0,0,0,0,0,0
18,1,0,0,0,0,0,10,1,0,0,0,0,0,0
31,2,1,0,0,0,0,22,1,0,0,0,0,0,1
78,2,2,0,0,1,0,16,1,0,0,0,0,0,1
167,2,4,0,1,0,3,15,1,0,0,0,0,0,1
20,1,0,0,0,0,0,12,1,0,0,0,0,0,0
18,1,0,0,0,0,0,10,1,0,0,0,0,0,0
19,1,0,0,0,0,0,11,1,0,0,0,0,0,0
19,1,0,0,0,0,0,11,1,0,0,0,0,0,0
20,1,0,0,0,0,0,12,1,0,0,0,0,0,0
17,1,0,0,0,0,0,9,1,0,0,0,0,0,0
67,1,4,0,1,0,2,13,1,0,0,0,0,0,1
22,1,0,0,0,0,0,14,1,0,0,0,0,0,0
53,3,0,0,0,0,0,30,1,0,0,0,0,0,1
22,1,0,0,0,0,0,6,1,0,0,0,0,0,1
175,2,2,0,1,0,3,15,1,0,0,0,0,0,1
28,1,0,0,0,0,0,20,1,0,0,0,0,0,0
21,1,1,0,0,0,0,13,1,0,0,0,0,0,0
23,2,0,0,0,0,0,8,1,0,0,0,0,0,1
20,1,0,0,0,0,0,6,1,0,0,0,0,0,1
67,3,1,0,0,0,0,43,1,0,0,0,0,0,1
23,1,1,0,0,0,0,15,1,0,0,0,0,0,0
24,1,0,0,0,0,0,16,1,0,0,0,0,0,0
20,1,0,0,0,0,0,12,1,0,0,0,0,0,0
14,1,0,0,0,0,0,6,1,0,0,0,0,0,0
84,2,1,0,0,0,0,15,1,0,0,0,0,0,1
28,1,0,0,0,0,0,20,1,0,0,0,0,0,0
23,2,0,0,0,0,0,8,1,0,0,0,0,0,1
13,1,0,0,0,0,0,5,1,0,0,0,0,0,0
34,2,0,0,0,0,0,25,1,0,1,0,0,0,1
23,1,0,0,0,0,0,4,1,0,0,0,0,0,1
37,2,1,0,0,0,0,28,1,0,0,0,0,0,1
14,1,0,0,0,0,0,6,1,0,0,0,0,0,0
315,4,3,0,1,0,9,20,1,0,0,0,0,0,1
17,1,0,0,0,0,0,9,1,0,0,0,0,0,0
19,1,0,0,0,0,0,11,1,0,0,0,0,0,0
20,1,0,0,0,0,0,12,1,0,0,0,0,0,0
47,3,0,0,0,0,0,31,0,0,0,0,0,0,1
14,1,0,0,0,0,0,6,1,0,0,0,0,0,0
68,5,2,0,1,0,0,48,1,0,0,0,0,0,1
37,2,1,0,0,0,0,28,1,0,0,0,0,0,1
25,1,0,0,0,0,0,17,1,0,0,0,0,0,0
24,1,0,0,0,0,0,16,1,0,0,0,0,0,0
14,1,0,0,0,0,0,6,1,0,0,0,0,0,0
16,1,0,0,0,0,0,8,1,0,0,0,0,0,0
28,1,0,0,0,0,0,20,1,0,0,0,0,0,0
49,3,2,0,0,0,0,40,1,0,0,0,0,0,1
29,1,0,0,0,0,0,9,1,0,0,0,0,0,1
22,1,0,0,0,0,0,6,1,0,0,0,0,0,1
30,1,1,0,0,0,0,21,1,0,0,0,0,0,1
17,1,0,0,0,0,0,9,1,0,0,0,0,0,0
23,1,0,0,0,0,0,15,1,0,0,0,0,0,0
35,1,0,0,0,0,0,7,1,0,0,0,0,0,1
35,2,0,0,0,0,0,26,1,0,0,0,0,0,1
36,2,0,0,0,0,0,16,1,0,0,0,0,0,1
23,2,0,0,0,0,0,8,1,0,0,0,0,0,1
22,1,0,0,0,0,0,7,1,0,0,0,0,0,1
23,1,0,0,0,0,0,4,1,0,0,0,0,0,1
35,1,1,0,1,0,0,7,1,0,0,0,0,0,1
14,1,0,0,0,0,0,6,1,0,0,0,0,0,0
26,1,0,0,0,0,0,18,1,0,0,0,0,0,0
23,2,0,0,0,0,0,8,1,0,0,0,0,0,1
31,2,0,0,0,0,0,9,1,0,0,0,0,0,1
18,2,0,0,0,0,0,10,1,0,0,0,0,0,0
27,2,1,0,0,0,0,18,1,0,0,0,0,0,1
25,1,0,0,0,0,0,17,1,0,0,0,0,0,0
23,2,0,0,0,0,0,8,1,0,0,0,0,0,1
175,2,3,0,1,0,3,15,1,0,0,0,0,0,1
29,2,0,0,0,0,0,20,1,0,0,0,0,0,1
24,1,2,0,0,0,0,16,1,0,0,0,0,0,0
16,1,0,0,0,0,0,8,1,0,0,0,0,0,0
14,1,0,0,0,0,0,6,1,0,0,0,0,0,0
99,2,1,0,0,0,0,15,1,0,0,0,0,0,1
175,2,2,0,1,0,3,15,1,0,0,0,0,0,1
23,2,0,0,0,0,0,8,1,0,0,0,0,0,1
91,4,0,0,0,0,0,12,1,0,1,0,0,0,1
22,1,0,0,0,0,0,7,1,0,0,0,0,0,1
59,2,2,0,0,0,0,21,1,0,0,0,0,0,1
30,1,0,0,0,0,0,8,0,0,0,0,0,0,1
46,2,1,0,0,0,0,21,1,0,1,0,0,0,1
21,1,1,0,0,0,0,13,1,0,0,0,0,0,0
14,1,0,0,0,0,0,6,1,0,0,0,0,0,0
62,3,1,0,0,0,0,43,1,0,0,0,0,0,1
26,1,0,0,0,0,0,18,1,0,0,0,0,0,0
175,2,4,0,1,0,3,15,1,0,0,0,0,0,1
17,1,0,0,0,0,0,9,1,0,0,0,0,0,0
18,1,0,0,0,0,0,10,1,0,0,0,0,0,0
21,1,0,0,0,0,0,13,1,0,0,0,0,0,0
43,2,0,0,0,0,0,34,1,0,0,0,0,0,1
20,1,0,0,0,0,0,12,1,0,0,0,0,0,0
22,1,0,0,0,0,0,14,1,0,0,0,0,0,0
175,2,2,0,1,0,3,15,1,0,0,0,0,0,1
18,1,0,0,0,0,0,10,1,0,0,0,0,0,0
42,2,2,0,0,0,0,20,1,0,0,0,0,0,1
126,3,5,0,1,0,2,15,1,0,0,0,0,0,1
175,2,1,0,1,0,3,15,1,0,0,0,0,0,1
42,2,2,0,0,0,0,33,1,0,0,0,0,0,1
61,3,1,0,0,0,0,43,0,0,0,0,0,0,1
18,1,0,0,0,0,0,10,1,0,0,0,0,0,0
22,1,0,0,0,0,0,14,1,0,0,0,0,0,0
43,2,2,0,0,0,0,35,0,0,0,0,0,0,1
22,1,0,0,0,0,0,14,1,0,0,0,0,0,0
15,1,0,0,0,0,0,7,1,0,0,0,0,0,0
747,8,16,0,2,0,41,30,1,0,0,0,0,0,1
23,2,0,0,0,0,0,8,1,0,0,0,0,0,1
19,1,0,0,0,0,0,11,1,0,0,0,0,0,0
13,1,0,0,0,0,0,5,1,0,0,0,0,0,0
22,1,0,0,0,0,0,7,1,0,0,0,0,0,1
20,1,0,0,0,0,0,12,1,0,0,0,0,0,0
14,1,0,0,0,0,0,6,1,0,0,0,0,0,0
23,1,0,0,0,0,0,8,1,0,0,0,0,0,1
23,2,0,0,0,0,0,8,1,0,0,0,0,0,1
23,2,0,0,0,0,0,8,1,0,0,0,0,0,1
27,1,0,0,0,0,0,19,1,0,0,0,0,0,0
23,2,1,0,0,0,0,14,1,0,0,0,0,0,1
181,3,1,0,1,1,4,15,1,0,0,0,0,0,1
17,1,0,0,0,0,0,9,1,0,0,0,0,0,0
23,1,0,0,0,0,0,15,1,0,0,0,0,0,0
21,1,1,0,0,0,0,13,1,0,0,0,0,0,0
62,3,1,0,0,0,0,43,1,0,0,0,0,0,1
17,1,0,0,0,0,0,9,1,0,0,0,0,0,0
19,1,0,0,0,0,0,11,1,0,0,0,0,0,0
23,2,0,0,0,0,0,8,1,0,0,0,0,0,1
51,3,0,0,0,0,0,21,1,0,0,0,0,0,1
34,1,2,0,0,0,0,26,1,0,0,0,0,0,0
59,2,3,0,0,0,0,14,1,0,0,0,0,0,1
23,1,0,0,0,0,0,15,1,0,0,0,0,0,0
18,1,0,0,0,0,0,10,1,0,0,0,0,0,0
38,2,0,0,0,0,0,29,1,0,0,0,0,0,1
28,2,0,0,0,0,0,19,1,0,0,0,0,0,1
99,2,1,0,0,0,0,15,1,0,0,0,0,0,1
20,1,0,0,0,0,0,12,1,0,0,0,0,0,0
17,1,0,0,0,0,0,9,1,0,0,0,0,0,0
56,2,1,0,0,0,0,47,1,0,0,0,0,0,1
59,2,3,0,0,0,0,21,1,0,0,0,0,0,1
83,3,0,0,0,0,0,74,1,0,0,0,0,0,1
17,1,0,0,0,0,0,9,1,0,0,0,0,0,0
34,2,0,0,0,0,0,25,1,0,0,0,0,0,1
26,1,1,0,0,0,0,11,1,0,0,0,0,0,1
28,1,0,0,0,0,0,20,1,0,0,0,0,0,0
20,1,0,0,0,0,0,12,1,0,0,0,0,0,0
61,4,0,0,0,0,0,23,0,0,0,0,0,0,1
83,3,0,0,0,0,0,74,1,0,0,0,0,0,1
22,1,0,0,0,0,0,7,1,0,0,0,0,0,1
190,3,2,0,1,0,4,15,1,0,0,0,0,0,1
21,1,1,0,0,0,0,6,1,0,0,0,0,0,1
24,1,0,0,0,0,0,16,1,0,0,0,0,0,0
23,2,0,0,0,0,0,8,1,0,0,0,0,0,1
51,3,0,0,0,0,0,21,1,0,0,0,0,0,1
37,2,0,1,0,0,0,14,1,0,0,0,0,0,1
114,2,2,0,0,0,0,17,1,0,0,0,0,0,1
21,1,1,0,0,0,0,6,1,0,0,0,0,0,1
23,1,0,0,0,0,0,15,1,0,0,0,0,0,0
25,1,0,0,0,0,0,17,1,0,0,0,0,0,0
83,3,0,0,0,0,0,74,1,0,0,0,0,0,1
19,1,0,0,0,0,0,11,1,0,0,0,0,0,0
104,7,1,1,0,0,0,24,1,0,0,0,0,0,1
21,1,0,0,0,0,0,13,1,0,0,0,0,0,0
59,2,2,0,0,0,0,21,1,0,0,0,0,0,1
33,2,0,0,0,0,0,24,1,0,0,0,0,0,1
61,2,1,0,0,0,0,15,1,0,0,0,0,0,1
18,1,0,0,0,0,0,10,1,0,0,0,0,0,0
19,1,0,0,0,0,0,11,1,0,0,0,0,0,0
17,1,0,0,0,0,0,9,1,0,0,0,0,0,0
21,1,1,0,0,0,0,6,1,0,0,0,0,0,1
14,1,0,0,0,0,0,6,1,0,0,0,0,0,0
30,1,0,0,0,0,0,22,1,0,0,0,0,0,0
21,1,0,0,0,0,0,13,1,0,0,0,0,0,0
18,1,0,0,0,0,0,10,1,0,0,0,0,0,0
35,2,0,0,0,0,0,26,1,0,0,0,0,0,1
20,1,0,0,0,0,0,12,1,0,0,0,0,0,0
65,2,1,0,1,0,1,16,1,0,0,0,0,0,1
28,1,0,0,0,0,0,20,1,0,0,0,0,0,0
66,3,1,0,0,0,0,43,0,0,0,0,0,0,1
71,2,4,0,0,0,0,18,1,0,0,0,0,0,1
15,1,0,0,0,0,0,7,1,0,0,0,0,0,0
35,1,0,0,0,0,0,26,1,0,0,0,0,0,1
42,3,1,0,0,0,0,35,0,0,0,0,0,0,1
76,2,1,0,1,0,2,25,1,0,0,0,0,0,1
20,1,0,0,0,0,0,12,1,0,0,0,0,0,0
19,1,0,0,0,0,0,11,1,0,0,0,0,0,0
32,2,1,0,0,0,0,23,1,0,0,0,0,0,1
46,1,0,0,0,0,0,12,1,0,0,0,0,0,1
15,1,0,0,0,0,0,7,1,0,0,0,0,0,0
39,2,0,0,0,0,0,30,1,0,0,0,0,0,1
230,2,2,0,1,0,1,29,1,0,0,0,0,0,1
21,1,0,0,0,0,0,13,1,0,0,0,0,0,0
18,1,0,0,0,0,0,10,1,0,0,0,0,0,0
17,1,0,0,0,0,0,9,1,0,0,0,0,0,0
20,2,0,0,0,0,0,12,1,0,0,0,0,0,0
23,2,0,0,0,0,0,8,1,0,0,0,0,0,1
69,2,1,0,0,0,0,60,1,0,0,0,0,0,1
175,2,3,0,1,0,3,15,1,0,0,0,0,0,1
175,2,3,0,1,0,3,15,1,0,0,0,0,0,1
43,1,0,0,0,0,0,12,1,0,0,0,0,0,1
30,2,0,0,0,0,0,21,1,0,0,0,0,0,1
19,1,0,0,0,0,0,11,1,0,0,0,0,0,0
27,2,0,0,0,0,0,19,1,0,0,0,0,0,1
22,1,0,0,0,0,0,7,1,0,0,0,0,0,1
20,1,1,0,0,0,0,12,1,0,0,0,0,0,1
45,2,0,0,0,0,0,36,1,0,0,0,0,0,1
22,1,0,0,0,0,0,6,1,0,0,0,0,0,1
18,1,0,0,0,0,0,10,1,0,0,0,0,0,0
30,1,0,0,0,0,0,22,1,0,0,0,0,0,0
27,2,1,0,0,0,0,18,1,0,0,0,0,0,1
19,1,0,0,0,0,0,11,1,0,0,0,0,0,0
20,1,0,0,0,0,0,12,1,0,0,0,0,0,0
18,1,0,0,0,0,0,10,1,0,0,0,0,0,0
24,1,0,0,0,0,0,16,1,0,0,0,0,0,0
23,1,0,0,0,0,0,15,1,0,0,0,0,0,0
15,1,0,0,0,0,0,7,1,0,0,0,0,0,0
21,1,0,0,0,0,0,13,1,0,0,0,0,0,0
38,2,0,0,0,0,0,29,1,0,0,0,0,0,1
46,3,1,0,1,0,1,7,1,0,0,0,0,0,1
21,2,0,0,0,0,0,13,1,0,0,0,0,0,0
22,1,0,0,0,0,0,11,1,0,0,0,0,0,1
23,2,0,0,0,0,0,8,1,0,0,0,0,0,1
15,1,0,0,0,0,0,7,1,0,0,0,0,0,0
60,2,1,0,0,3,0,33,1,0,0,0,0,0,1
20,1,0,0,0,0,0,12,1,0,0,0,0,0,0
42,1,0,0,0,0,0,33,1,0,0,0,0,0,1
31,2,0,0,0,0,0,22,1,0,0,0,0,0,1
23,1,0,0,0,0,0,15,1,0,0,0,0,0,0
21,1,0,0,0,0,0,13,1,0,0,0,0,0,0
14,1,0,0,0,0,0,6,1,0,0,0,0,0,0
19,1,0,0,0,0,0,11,1,0,0,0,0,0,0
42,2,0,0,0,0,0,12,1,0,0,0,0,0,1
32,2,0,0,0,0,0,23,1,0,0,0,0,0,1
23,2,0,0,0,0,0,8,1,0,0,0,0,0,1
21,1,0,0,0,0,0,13,1,0,0,0,0,0,0
21,1,0,0,0,0,0,13,1,0,0,0,0,0,0
24,1,0,0,0,0,0,16,1,0,0,0,0,0,0
21,2,0,0,0,0,0,13,1,0,0,0,0,0,0
52,2,0,0,0,0,0,43,1,0,0,0,0,0,1
54,2,3,0,0,0,0,45,1,0,0,0,0,0,1
17,1,0,0,0,0,0,9,1,0,0,0,0,0,0
24,2,0,0,0,0,0,15,1,0,0,0,0,0,1
14,1,0,0,0,0,0,6,1,0,0,0,0,0,0
35,3,0,0,1,0,0,11,0,0,0,0,0,0,1
51,1,2,0,0,0,0,11,1,0,0,0,0,0,1
36,2,1,0,0,0,0,27,1,0,0,0,0,0,1
33,2,1,0,0,0,0,18,1,0,0,0,0,0,1
17,1,0,0,0,0,0,9,1,0,0,0,0,0,0
68,3,3,0,0,0,0,50,0,0,1,0,0,0,1
21,1,0,0,0,0,0,13,1,0,0,0,0,0,0
20,1,0,0,0,0,0,12,1,0,0,0,0,0,0
16,1,0,0,0,0,0,8,1,0,0,0,0,0,0
190,3,2,0,1,0,4,15,1,0,0,0,0,0,1
26,1,0,0,0,0,0,18,1,0,0,0,0,0,0
23,2,0,0,0,0,0,8,1,0,0,0,0,0,1
31,2,2,0,0,0,0,22,1,0,0,0,0,0,1
22,1,0,0,0,0,0,7,1,0,0,0,0,0,1
18,1,0,0,0,0,0,10,1,0,0,0,0,0,0
21,1,0,0,0,0,0,13,1,0,0,0,0,0,0
17,1,0,0,0,0,0,9,1,0,0,0,0,0,0
23,1,0,0,0,0,0,15,1,0,0,0,0,0,0
19,1,0,0,0,0,0,11,1,0,0,0,0,0,0
175,2,1,0,1,0,3,15,1,0,0,0,0,0,1
27,1,1,0,0,0,0,10,1,0,0,0,0,0,1
17,1,0,0,0,0,0,9,1,0,0,0,0,0,0
29,2,1,0,0,0,0,20,1,0,0,0,0,0,1
43,2,0,0,0,0,0,16,1,0,0,0,0,0,1
20,1,0,0,0,0,0,12,1,0,0,0,0,0,0
23,1,0,0,0,0,0,15,1,0,0,0,0,0,0
23,2,0,0,0,0,0,8,1,0,0,0,0,0,1
21,1,1,0,0,0,0,6,1,0,0,0,0,0,1
41,2,0,0,0,0,0,32,1,0,0,0,0,0,1
23,2,0,0,0,0,0,8,1,0,0,0,0,0,1
17,1,0,0,0,0,0,9,1,0,0,0,0,0,0
40,2,1,0,0,0,0,31,1,0,0,0,0,0,1
23,2,0,0,0,0,0,8,1,0,0,0,0,0,1
43,2,0,0,0,0,0,34,1,0,0,0,0,0,1
19,2,0,0,0,0,0,11,1,0,0,0,0,0,0
178,3,4,0,1,0,4,15,1,0,0,0,0,0,1
22,1,0,0,0,0,0,7,1,0,0,0,0,0,1
17,1,0,0,0,0,0,9,1,0,0,0,0,0,0
32,2,0,0,0,0,0,23,1,0,0,0,0,0,1
21,1,0,0,0,0,0,13,1,0,0,0,0,0,0
19,1,0,0,0,0,0,11,1,0,0,0,0,0,0
22,1,0,0,0,0,0,7,1,0,0,0,0,0,1
67,2,1,0,0,0,0,58,1,0,0,0,0,0,1
22,1,0,0,0,0,0,7,1,0,0,0,0,0,1
22,1,0,0,0,0,0,14,1,0,0,0,0,0,0
20,1,0,0,0,0,0,12,1,0,0,0,0,0,0
22,1,0,0,0,0,0,7,1,0,0,0,0,0,1
31,1,0,0,0,0,0,9,1,0,0,0,0,0,1
58,2,3,0,0,0,0,49,1,0,0,0,0,0,1
25,1,0,0,0,0,0,17,1,0,0,0,0,0,0
131,2,2,0,0,0,0,15,1,0,0,0,0,0,1
19,1,0,0,0,0,0,11,1,0,0,0,0,0,0
23,1,0,0,0,0,0,15,1,0,0,0,0,0,0
75,2,1,0,1,0,2,24,1,0,0,0,0,0,1
29,1,1,0,0,0,0,20,1,0,0,0,0,0,1
58,2,4,0,0,0,0,51,0,0,0,0,0,0,1
31,1,0,0,0,0,0,23,1,0,0,0,0,0,0
21,1,1,0,0,0,0,6,1,0,0,0,0,0,1
27,1,1,0,0,0,0,19,1,0,0,0,0,0,0
41,2,0,0,0,0,0,16,1,0,0,0,0,0,1
17,1,1,0,0,0,0,9,1,0,0,0,0,0,0
22,1,0,0,0,0,0,14,1,0,0,0,0,0,0
27,2,1,0,0,0,0,18,1,0,0,0,0,0,1
21,1,1,0,0,0,0,6,1,0,0,0,0,0,1
31,1,0,0,0,0,0,23,1,0,0,0,0,0,0
24,1,0,0,0,0,0,16,1,0,0,0,0,0,0
24,1,0,0,0,0,0,16,1,0,0,0,0,0,0
22,1,0,0,0,0,0,7,1,0,0,0,0,0,1
190,3,2,0,1,0,4,15,1,0,0,0,0,0,1
19,1,0,0,0,0,0,11,1,0,0,0,0,0,0
37,2,0,0,0,0,0,25,1,0,1,0,0,0,1
20,1,0,0,0,0,0,12,1,0,0,0,0,0,0
42,2,0,0,0,0,0,11,0,0,0,0,0,0,1
45,2,0,0,0,0,0,36,1,0,0,0,0,0,1
21,1,0,0,0,0,0,13,1,0,0,0,0,0,0
16,1,0,0,0,0,0,8,1,0,0,0,0,0,0
20,1,0,0,0,0,0,12,1,0,0,0,0,0,0
16,1,0,0,0,0,0,8,1,0,0,0,0,0,0
21,1,0,0,0,0,0,13,1,0,0,0,0,0,0
20,1,1,0,0,0,0,12,1,0,0,0,0,0,0
59,2,1,0,0,0,0,21,1,0,0,0,0,0,1
21,1,1,0,0,0,0,13,1,0,0,0,0,0,0
17,1,0,0,0,0,0,9,1,0,0,0,0,0,0
20,1,0,0,0,0,0,12,1,0,0,0,0,0,0
22,1,0,0,0,0,0,7,1,0,0,0,0,0,1
18,1,0,0,0,0,0,10,1,0,0,0,0,0,0
36,2,2,0,0,0,0,27,1,0,0,0,0,0,1
17,1,0,0,0,0,0,9,1,0,0,0,0,0,0
21,1,1,0,0,0,0,6,1,0,0,0,0,0,1
20,1,0,0,0,0,0,12,1,0,0,0,0,0,0
60,3,2,0,0,0,0,28,1,0,0,0,0,0,1
23,1,0,0,0,0,0,15,1,0,0,0,0,0,0
19,1,0,0,0,0,0,11,1,0,0,0,0,0,0
20,1,0,0,0,0,0,12,1,0,0,0,0,0,0
62,3,1,0,0,0,0,43,0,0,0,0,0,0,1
21,1,0,0,0,0,0,13,1,0,0,0,0,0,0
23,2,0,0,0,0,0,8,1,0,0,0,0,0,1
21,1,0,0,0,0,0,13,1,0,0,0,0,0,0
40,2,1,0,0,0,0,31,1,0,0,0,0,0,1
23,1,1,0,0,0,0,15,1,0,0,0,0,0,0
108,3,1,0,1,0,2,15,1,0,0,0,0,0,1
28,2,1,0,0,0,0,19,1,0,0,0,0,0,1
25,1,0,0,0,0,0,17,1,0,0,0,0,0,0
190,3,3,0,1,0,4,15,1,0,0,0,0,0,1
36,2,2,0,0,0,0,23,1,0,0,0,0,0,1
15,1,0,0,0,0,0,7,1,0,0,0,0,0,0
19,1,0,0,0,0,0,11,1,0,0,0,0,0,0
17,1,0,0,0,0,0,9,1,0,0,0,0,0,0
19,1,0,0,0,0,0,11,1,0,0,0,0,0,0
35,2,0,0,0,0,0,19,1,0,0,0,0,0,1
22,1,0,0,0,0,0,14,1,0,0,0,0,0,0
167,2,1,0,1,0,3,15,1,0,0,0,0,0,1
18,1,0,0,0,0,0,10,1,0,0,0,0,0,0
18,1,0,0,0,0,0,10,1,0,0,0,0,0,0
21,1,0,0,0,0,0,13,1,0,0,0,0,0,0
21,1,0,0,0,0,0,13,1,0,0,0,0,0,0
26,1,0,0,0,0,0,18,1,0,0,0,0,0,0
16,1,0,0,0,0,0,8,1,0,0,0,0,0,0
19,1,0,0,0,0,0,11,1,0,0,0,0,0,0
62,3,1,0,0,0,0,43,1,0,0,0,0,0,1
23,1,0,0,0,0,0,15,1,0,0,0,0,0,0
31,1,0,0,0,0,0,10,1,0,0,0,0,0,1
19,2,0,0,0,0,0,11,1,0,0,0,0,0,0
34,2,0,0,0,0,0,25,1,0,0,0,0,0,1
26,1,0,0,0,0,0,18,1,0,0,0,0,0,0
19,1,0,0,0,0,0,11,1,0,0,0,0,0,0
18,1,0,0,0,0,0,10,1,0,0,0,0,0,0
15,1,0,0,0,0,0,7,1,0,0,0,0,0,0
48,2,1,0,0,0,0,39,1,0,0,0,0,0,1
22,1,0,0,0,0,0,14,1,0,0,0,0,0,0
24,1,0,0,0,0,0,16,1,0,0,0,0,0,0
30,1,0,0,0,0,0,22,1,0,0,0,0,0,0
19,1,0,0,0,0,0,11,1,0,0,0,0,0,0
36,2,0,0,0,0,0,29,0,0,0,0,0,0,1
45,2,0,0,0,0,0,36,1,0,1,0,0,0,1
17,1,0,0,0,0,0,9,1,0,0,0,0,0,0
22,1,0,0,0,0,0,14,1,0,0,0,0,0,0
19,1,0,0,0,0,0,11,1,0,0,1,0,0,0
167,2,2,0,1,0,3,15,1,0,0,0,0,0,1
20,1,0,0,0,0,0,12,1,0,0,0,0,0,0
20,1,0,0,0,0,0,12,1,0,0,0,0,0,0
30,2,2,0,0,0,0,21,1,0,0,0,0,0,1
39,2,3,0,0,0,0,32,0,0,0,0,0,0,1
21,1,1,0,0,0,0,13,1,0,0,0,0,0,0
60,3,2,0,0,0,0,28,1,0,0,0,0,0,1
35,2,2,0,0,0,0,17,1,0,0,0,0,0,1
21,1,0,0,0,0,0,13,1,0,0,0,0,0,0
24,1,0,0,0,0,0,16,1,0,0,0,0,0,0
19,1,0,0,0,0,0,11,1,0,0,0,0,0,0
22,1,0,0,0,0,0,14,1,0,0,0,0,0,0
15,1,0,0,0,0,0,7,1,0,0,0,0,0,0
30,2,0,0,0,0,0,21,1,0,0,0,0,0,1
40,2,0,0,0,0,0,31,1,0,0,0,0,0,1
88,2,0,0,0,0,0,7,1,0,0,0,0,0,1
175,2,2,0,1,0,3,15,1,0,0,0,0,0,1
47,2,0,0,0,0,0,40,0,0,0,0,0,0,1
14,1,0,0,0,0,0,6,1,0,0,0,0,0,0
22,1,0,0,0,0,0,7,1,0,0,0,0,0,1
19,1,0,0,0,0,0,11,1,0,0,0,0,0,0
14,1,0,0,0,0,0,6,1,0,0,0,0,0,0
20,1,0,0,0,0,0,12,1,0,0,0,0,0,0
20,1,0,0,0,0,0,12,1,0,0,0,0,0,0
30,1,0,0,0,0,0,14,1,0,0,0,0,0,1
37,2,0,0,0,0,0,28,1,0,0,0,0,0,1
175,2,3,0,1,0,3,15,1,0,0,0,0,0,1
51,2,3,0,0,0,0,42,1,0,0,0,0,0,1
21,1,1,0,0,0,0,13,1,0,0,0,0,0,0
22,1,0,0,0,0,0,6,1,0,0,0,0,0,1
22,1,0,0,0,0,0,7,1,0,0,0,0,0,1
19,1,0,0,0,0,0,11,1,0,0,0,0,0,0
23,2,0,0,0,0,0,8,1,0,0,0,0,0,1
23,1,0,0,0,0,0,15,1,0,0,0,0,0,0
17,1,0,0,0,0,0,9,1,0,0,0,0,0,0
16,1,0,0,0,0,0,8,1,0,0,0,0,0,0
34,2,0,0,0,0,0,25,1,0,0,0,0,0,1
22,1,0,0,0,0,0,14,1,0,0,0,0,0,0
25,1,1,0,0,0,0,16,1,0,0,0,0,0,1
16,1,0,0,0,0,0,8,1,0,0,0,0,0,0
15,1,0,0,0,0,0,7,1,0,0,0,0,0,0
20,1,0,0,0,0,0,12,1,0,0,0,0,0,0
22,1,0,0,0,0,0,14,1,0,0,0,0,0,0
33,2,1,0,0,0,0,24,1,0,0,0,0,0,1
22,1,0,0,0,0,0,6,1,0,0,0,0,0,1
25,2,0,0,0,0,0,17,1,0,0,0,0,0,0
175,2,5,0,1,0,3,15,1,0,0,0,0,0,1
15,1,0,0,0,0,0,7,1,0,0,0,0,0,0
18,1,0,0,0,0,0,10,1,0,0,0,0,0,0
36,2,1,0,0,0,0,27,1,0,0,0,0,0,1
21,1,0,0,0,0,0,13,1,0,0,0,0,0,0
61,3,1,0,0,0,0,22,1,0,0,0,0,0,1
18,1,0,0,0,0,0,10,1,0,0,0,0,0,0
17,1,0,0,0,0,0,9,1,0,0,0,0,0,0
18,1,0,0,0,0,0,10,1,0,0,0,0,0,0
25,1,1,0,0,0,0,17,1,0,0,0,0,0,0
117,3,3,0,1,0,2,15,1,0,0,0,0,0,1
24,2,0,0,0,0,0,16,1,0,0,0,0,0,0
18,1,0,0,0,0,0,10,1,0,0,0,0,0,0
21,1,1,0,0,0,0,6,1,0,0,0,0,0,1
16,1,0,0,0,0,0,8,1,0,0,0,0,0,0
22,1,0,0,0,0,0,14,1,0,0,0,0,0,0
22,1,0,0,0,0,0,7,1,0,0,0,0,0,1
26,2,0,0,0,0,0,17,1,0,0,0,0,0,1
20,1,0,0,0,0,0,12,1,0,0,0,0,0,0
24,1,0,0,0,0,0,11,1,0,0,0,0,0,1
18,1,0,0,0,0,0,10,1,0,0,0,0,0,0
113,4,1,0,1,0,1,22,1,0,0,0,0,0,1
19,1,0,0,0,0,0,11,1,0,0,0,0,0,0
40,2,0,0,0,0,0,31,1,0,0,0,0,0,1
15,1,0,0,0,0,0,7,1,0,0,0,0,0,0
18,1,0,0,0,0,0,10,1,0,0,0,0,0,0
19,1,0,0,0,0,0,11,1,0,0,0,0,0,0
167,2,2,0,1,0,3,15,1,0,0,0,0,0,1
15,1,0,0,0,0,0,7,1,0,0,0,0,0,0
20,1,0,0,0,0,0,12,1,0,0,0,0,0,0
20,1,0,0,0,0,0,12,1,0,0,0,0,0,0
23,2,0,0,0,0,0,8,1,0,0,0,0,0,1
21,1,0,0,0,0,0,13,1,0,0,0,0,0,0
175,2,2,0,1,0,3,15,1,0,0,0,0,0,1
16,1,0,0,0,0,0,8,1,0,0,0,0,0,0
114,2,2,0,0,0,0,17,1,0,0,0,0,0,1
26,1,1,0,0,0,0,11,1,0,0,0,0,0,1
22,1,0,0,0,0,0,14,1,0,0,0,0,0,0
21,1,1,0,0,0,0,6,1,0,0,0,0,0,1
18,1,0,0,0,0,0,10,1,0,0,0,0,0,0
48,2,0,0,0,0,0,39,1,0,0,0,0,0,1
22,1,0,0,0,0,0,14,1,0,0,0,0,0,0
63,3,1,1,0,0,0,16,0,0,0,0,0,0,1
62,3,1,0,0,0,0,43,1,0,0,0,0,0,1
30,2,0,0,0,0,0,21,1,0,0,0,0,0,1
146,3,0,0,1,0,4,15,1,0,0,0,0,0,1
15,1,0,0,0,0,0,7,1,0,0,0,0,0,0
18,1,0,0,0,0,0,10,1,0,0,0,0,0,0
21,2,0,0,0,0,0,13,1,0,0,0,0,0,0
23,1,0,0,0,0,0,15,1,0,0,0,0,0,0
20,1,0,0,0,0,0,12,1,0,0,0,0,0,0
19,1,0,0,0,0,0,11,1,0,0,0,0,0,0
23,2,0,0,0,0,0,8,1,0,0,0,0,0,1
23,1,0,0,0,0,0,15,1,0,0,0,0,0,0
25,1,0,0,0,0,0,9,1,0,0,0,0,0,1
14,1,0,0,0,0,0,6,1,0,0,0,0,0,0
22,2,0,0,0,0,0,14,1,0,0,0,0,0,0
71,4,1,0,0,0,0,43,1,0,0,0,0,1,1
19,1,0,0,0,0,0,11,1,0,0,0,0,0,0
17,1,0,0,0,0,0,9,1,0,0,0,0,0,0
18,1,0,0,0,0,0,10,1,0,0,0,0,0,0
21,1,1,0,0,0,0,6,1,0,0,0,0,0,1
51,3,0,0,0,0,0,21,1,0,0,0,0,0,1
19,1,0,0,0,0,0,11,1,0,0,0,0,0,0
18,1,0,0,0,0,0,10,1,0,0,0,0,0,0
21,1,0,0,0,0,0,13,1,0,0,0,0,0,0
17,1,1,0,0,0,0,9,1,0,0,0,0,0,0
175,2,2,0,1,0,3,15,1,0,0,0,0,0,1
15,1,0,0,0,0,0,7,1,0,0,0,0,0,0
18,1,0,0,0,0,0,10,1,0,0,0,0,0,0
16,1,0,0,0,0,0,8,1,0,0,0,0,0,0
18,1,0,0,0,0,0,10,1,0,0,0,0,0,0
14,1,0,0,0,0,0,6,1,0,0,0,0,0,0
22,1,0,0,0,0,0,6,1,0,0,0,0,0,1
17,1,0,0,0,0,0,9,1,0,0,0,0,0,1
23,1,0,0,0,0,0,15,1,0,0,0,0,0,0
14,1,0,0,0,0,0,6,1,0,0,0,0,0,0
44,2,2,0,0,0,0,35,1,0,0,0,0,0,1
65,2,0,0,0,0,0,56,1,0,0,0,0,0,1
76,2,1,0,1,0,2,25,1,0,0,0,0,0,1
16,1,0,0,0,0,0,8,1,0,0,1,0,0,0
22,1,0,0,0,0,0,14,1,0,0,0,0,0,0
16,1,0,0,0,0,0,8,1,0,0,0,0,0,0
167,2,1,0,1,0,3,15,1,0,0,0,0,0,1
20,1,1,0,0,0,0,12,1,0,0,0,0,0,0
23,2,0,0,0,0,0,15,1,0,0,0,0,0,0
17,1,0,0,0,0,0,9,1,0,0,0,0,0,0
21,1,0,0,0,0,0,13,1,0,0,0,0,0,0
51,3,0,0,0,0,0,21,1,0,0,0,0,0,1
19,1,0,0,0,0,0,11,1,0,0,0,0,0,0
26,1,0,0,0,0,0,18,1,0,0,0,0,0,0
22,2,0,0,0,0,0,14,1,0,0,0,0,0,0
15,1,0,0,0,0,0,7,1,0,0,0,0,0,0
20,1,0,0,0,0,0,12,1,0,0,0,0,0,0
17,1,0,0,0,0,0,9,1,0,0,0,0,0,0
29,2,0,0,0,0,0,20,1,0,0,0,0,0,1
18,1,0,0,0,0,0,10,1,0,0,0,0,0,0
23,1,0,0,0,0,0,15,1,0,0,0,0,0,0
19,1,0,0,0,0,0,11,1,0,0,0,0,0,0
175,2,3,0,1,0,3,15,1,0,0,0,0,0,1
16,1,0,0,0,0,0,8,1,0,0,0,0,0,0
173,2,3,0,1,0,3,15,1,0,0,0,0,0,1
62,3,1,0,0,0,0,43,1,0,0,0,0,0,1
62,3,1,0,0,0,0,43,1,0,0,0,0,0,1
21,1,1,0,0,0,0,6,1,0,0,0,0,0,1
17,1,0,0,0,0,0,9,1,0,0,0,0,0,0
20,1,0,0,0,0,0,12,1,0,0,0,0,0,0
43,2,1,0,0,0,0,34,1,0,0,0,0,0,1
21,1,0,0,0,0,0,13,1,0,0,0,0,0,0
22,1,0,0,0,0,0,14,1,0,0,0,0,0,0
25,1,1,0,0,0,0,16,1,0,0,0,0,0,1
51,3,0,0,0,0,0,21,1,0,0,0,0,0,1
51,3,0,0,0,0,0,21,1,0,0,0,0,0,1
23,2,0,0,0,0,0,8,1,0,0,0,0,0,1
21,1,0,0,0,0,0,13,1,0,0,0,0,0,0
15,1,0,0,0,0,0,7,1,0,0,0,0,0,0
167,2,1,0,1,0,3,15,1,0,0,0,0,0,1
27,2,1,0,0,0,0,18,1,0,0,0,0,0,1
51,3,0,0,0,0,0,21,1,0,0,0,0,0,1
23,1,0,0,0,0,0,15,1,0,0,0,0,0,0
17,1,0,0,0,0,0,9,1,0,0,0,0,0,0
42,2,0,0,0,0,0,33,1,0,0,0,0,0,1
21,1,0,0,0,0,0,13,1,0,0,0,0,0,0
32,1,0,0,0,0,0,24,1,0,0,0,0,0,0
19,1,0,0,0,0,0,11,1,0,0,0,0,0,0
22,1,0,0,0,0,0,14,1,0,0,0,0,0,0
22,1,1,0,0,0,0,14,1,0,0,0,0,0,0
83,3,0,0,0,0,0,74,1,0,0,0,0,0,1
23,2,0,0,0,0,0,8,1,0,0,0,0,0,1
41,2,1,0,0,0,0,32,1,0,0,0,0,0,1
26,2,0,0,0,0,0,18,0,0,0,0,0,0,1
18,1,0,0,0,0,0,10,1,0,0,0,0,0,0
20,1,0,0,0,0,0,12,1,0,0,0,0,0,0
35,1,0,0,0,0,0,9,1,0,0,0,0,0,1
27,1,0,0,0,0,0,19,1,0,0,0,0,0,0
23,1,0,0,0,0,0,15,1,0,0,0,0,0,0
19,1,0,0,0,0,0,11,1,0,0,0,0,0,0
131,2,2,0,0,0,0,15,1,0,0,0,0,0,1
34,2,0,0,0,0,0,25,1,0,0,0,0,0,1
52,2,0,0,1,0,1,18,1,0,0,0,0,0,1
35,2,0,0,0,0,0,26,1,0,0,0,0,0,1
22,2,0,0,0,0,0,14,1,0,0,0,0,0,0
23,2,0,0,0,0,0,8,1,0,0,0,0,0,1
28,1,0,0,0,0,0,11,1,0,0,0,0,0,1
39,2,1,0,0,0,0,30,1,0,0,0,0,0,1
36,2,0,0,0,0,0,18,1,0,0,0,0,0,1
33,2,1,0,0,0,0,24,1,0,0,0,0,0,1
15,1,0,0,0,0,0,7,1,0,0,0,0,0,0
37,2,2,0,0,0,0,16,1,0,0,0,0,0,1
18,1,0,0,0,0,0,10,1,0,0,0,0,0,0
18,1,0,0,0,0,0,10,1,0,0,0,0,0,0
17,1,0,0,0,0,0,9,1,0,0,0,0,0,0
25,2,0,0,0,0,0,16,1,0,0,0,0,0,1
22,1,0,0,0,0,0,14,1,0,0,0,0,0,0
22,1,0,0,0,0,0,7,1,0,0,0,0,0,1
20,1,0,0,0,0,0,12,1,0,0,0,0,0,0
20,1,0,0,0,0,0,12,1,0,0,0,0,0,0
80,1,0,0,0,0,0,7,1,0,0,0,0,0,1
29,2,1,0,0,0,0,20,1,0,0,0,0,0,1
19,2,2,0,0,0,0,11,0,0,0,0,0,0,1
20,1,0,0,0,0,0,12,1,0,0,0,0,0,0
28,1,0,0,0,0,0,11,1,0,0,0,0,0,1
49,2,0,0,0,0,0,16,1,0,0,0,0,0,1
19,1,0,0,0,0,0,11,1,0,0,0,0,0,0
21,1,0,0,0,0,0,13,1,0,0,0,0,0,0
26,2,0,0,0,0,0,17,1,0,0,0,0,0,1
16,1,0,0,0,0,0,8,1,0,0,0,0,0,0
21,1,0,0,0,0,0,13,1,0,0,0,0,0,0
46,2,0,0,0,0,0,21,1,0,0,0,0,0,1
23,2,0,0,0,0,0,8,1,0,0,0,0,0,1
22,1,0,0,0,0,0,7,1,0,0,0,0,0,1
23,1,0,0,0,0,0,15,1,0,0,0,0,0,0
39,2,0,0,0,0,0,30,1,0,0,0,0,0,1
60,3,1,0,0,0,0,28,1,0,0,0,0,0,1
17,1,0,0,0,0,0,9,1,0,0,0,0,0,0
15,1,0,0,0,0,0,7,1,0,0,0,0,0,0
68,1,0,0,1,0,3,11,1,0,0,0,0,0,1
18,1,0,0,0,0,0,10,1,0,0,0,0,0,0
59,2,1,0,0,0,0,21,1,0,0,0,0,0,1
21,1,1,0,0,0,0,6,1,0,0,0,0,0,1
21,1,0,0,0,0,0,13,1,0,0,0,0,0,0
89,2,2,0,1,4,2,7,1,0,0,0,0,0,1
20,1,1,0,0,0,0,12,1,0,0,0,0,0,0
41,2,0,0,0,0,0,25,1,0,0,0,0,0,1
52,3,1,0,0,0,0,30,1,0,1,0,0,0,1
51,3,0,0,0,0,0,21,1,0,0,0,0,0,1
28,2,0,0,0,0,0,19,1,0,0,0,0,0,1
75,2,1,0,1,0,2,24,1,0,0,0,0,0,1
17,1,0,0,0,0,0,9,1,0,0,0,0,0,0
175,2,2,0,1,0,3,15,1,0,0,0,0,0,1
19,1,0,0,0,0,0,11,1,0,0,0,0,0,0
45,2,3,0,0,0,0,36,1,0,0,0,0,0,1
23,2,0,0,0,0,0,15,1,0,0,0,0,0,0
22,1,0,0,0,0,0,14,1,0,0,0,0,0,0
22,1,0,0,0,0,0,7,1,0,0,0,0,0,1
32,2,0,0,0,0,0,23,1,0,0,0,0,0,1
19,1,0,0,0,0,0,11,1,0,0,0,0,0,0
20,1,0,0,0,0,0,12,1,0,0,0,0,0,0
15,1,0,0,0,0,0,7,1,0,0,0,0,0,0
23,1,0,0,0,0,0,15,1,0,0,0,0,0,0
39,2,1,0,0,0,0,30,1,0,0,0,0,0,1
16,1,0,0,0,0,0,8,1,0,0,0,0,0,0
23,1,0,0,0,0,0,15,1,0,0,0,0,0,0
19,1,0,0,0,0,0,11,1,0,0,0,0,0,0
31,2,0,0,0,0,0,22,1,0,0,0,0,0,1
15,1,0,0,0,0,0,7,1,0,0,0,0,0,0
16,1,0,0,0,0,0,8,1,0,0,0,0,0,0
22,1,0,0,0,0,0,6,1,0,0,0,0,0,1
56,2,1,0,1,0,1,32,1,0,0,0,0,0,1
41,2,1,0,0,0,0,32,1,0,0,0,0,0,1
35,2,1,0,0,0,0,26,1,0,0,0,0,0,1
131,2,1,0,1,0,3,15,1,0,0,0,0,0,1
21,1,1,0,0,0,0,6,1,0,0,0,0,0,1
25,1,0,0,0,0,0,17,1,0,0,0,0,0,0
175,2,1,0,1,0,3,15,1,0,0,0,0,0,1
17,1,0,0,0,0,0,9,1,0,0,0,0,0,0
19,1,0,0,0,0,0,11,1,0,0,0,0,0,0
175,2,2,0,1,0,3,15,1,0,0,0,0,0,1
18,1,0,0,0,0,0,10,1,0,0,0,0,0,0
20,1,0,0,0,0,0,12,1,0,0,0,0,0,0
20,1,0,0,0,0,0,12,1,0,0,0,0,0,0
30,1,0,0,0,0,0,10,1,0,0,0,0,0,1
23,2,0,0,0,0,0,8,1,0,0,0,0,0,1
72,3,7,0,0,0,0,63,1,0,0,0,0,0,1
67,3,1,0,0,0,0,32,1,0,0,0,0,0,1
20,1,0,0,0,0,0,12,1,0,0,0,0,0,0
21,1,1,0,0,0,0,13,1,0,0,0,0,0,0
14,1,0,0,0,0,0,6,1,0,0,0,0,0,0
43,1,0,0,0,0,0,12,1,0,0,0,0,0,1
17,1,0,0,0,0,0,9,1,0,0,0,0,0,0
40,2,0,0,0,0,0,31,1,0,0,0,0,0,1
40,2,0,0,0,0,0,31,1,0,0,0,0,0,1
44,2,1,0,0,0,0,11,1,0,0,0,0,0,1
17,1,1,0,0,0,0,9,1,0,0,0,0,0,0
22,1,0,0,0,0,0,14,1,0,0,0,0,0,0
21,1,1,0,0,0,0,6,1,0,0,0,0,0,1
22,1,0,0,0,0,0,7,1,0,0,0,0,0,1
19,1,0,0,0,0,0,11,1,0,0,0,0,0,0
17,1,0,0,0,0,0,9,1,0,0,0,0,0,0
16,1,0,0,0,0,0,8,1,0,0,0,0,0,0
112,2,1,0,0,0,0,17,1,0,0,0,0,0,1
17,1,0,0,0,0,0,9,1,0,0,0,0,0,0
17,1,0,0,0,0,0,9,1,0,0,0,0,0,0
17,1,0,0,0,0,0,9,1,0,0,0,0,0,0
27,2,0,0,0,0,0,19,1,0,0,0,0,0,1
22,1,0,0,0,0,0,14,1,0,0,0,0,0,0
22,1,0,0,0,0,0,14,1,0,0,0,0,0,0
18,1,0,0,0,0,0,10,1,0,0,0,0,0,0
39,2,2,0,0,0,0,30,1,0,0,0,0,0,1
14,1,0,0,0,0,0,6,1,0,0,0,0,0,0
25,1,0,0,0,0,0,17,0,0,0,0,0,0,1
79,2,0,0,0,0,0,70,1,0,1,0,0,0,1
19,1,0,0,0,0,0,11,1,0,0,0,0,0,0
19,1,0,0,0,0,0,11,1,0,0,0,0,0,0
15,1,0,0,0,0,0,7,1,0,0,0,0,0,0
14,1,0,0,0,0,0,6,1,0,0,0,0,0,0
16,1,0,0,0,0,0,8,1,0,0,0,0,0,0
21,1,1,0,0,0,0,6,1,0,0,0,0,0,1
17,1,0,0,0,0,0,9,1,0,0,0,0,0,0
51,3,0,0,0,0,0,21,1,0,0,0,0,0,1
17,1,0,0,0,0,0,9,1,0,0,0,0,0,0
30,2,0,0,0,0,0,21,1,0,0,0,0,0,1
38,2,1,0,0,0,0,29,1,0,0,0,0,0,1
19,1,0,0,0,0,0,11,1,0,0,0,0,0,0
15,1,0,0,0,0,0,7,1,0,0,0,0,0,0
19,1,0,0,0,0,0,11,1,0,0,0,0,0,0
17,1,0,0,0,0,0,9,1,0,0,0,0,0,0
21,1,1,0,0,0,0,6,1,0,0,0,0,0,1
306,2,0,1,2,0,7,7,1,0,0,0,0,0,1
20,1,0,0,0,0,0,12,1,0,0,0,0,0,0
110,3,2,0,1,0,3,17,1,0,0,0,0,0,1
50,3,0,0,1,1,1,16,1,0,0,0,0,0,1
18,1,0,0,0,0,0,10,1,0,0,0,0,0,0
14,1,0,0,0,0,0,6,1,0,0,0,0,0,0
22,1,1,0,0,0,0,14,1,0,0,0,0,0,0
63,3,1,0,0,0,0,43,1,0,0,0,0,0,1
18,1,0,0,0,0,0,10,1,0,0,0,0,0,0
167,2,2,0,1,0,3,15,1,0,0,0,0,0,1
18,2,0,0,0,0,0,10,1,0,0,0,0,0,0
34,2,1,0,0,0,0,26,1,0,0,0,0,0,1
22,1,0,0,0,0,0,7,1,0,0,0,0,0,1
37,2,0,0,0,0,0,28,1,0,0,0,0,0,1
18,1,0,0,0,0,0,10,1,0,0,0,0,0,0
83,3,0,0,0,0,0,74,1,0,0,0,0,0,1
17,1,0,0,0,0,0,9,1,0,0,0,0,0,0
38,2,1,0,0,0,0,22,1,0,0,0,0,0,1
32,2,1,0,0,0,0,23,1,0,0,0,0,0,1
27,1,0,0,0,0,0,10,1,0,0,0,0,0,1
76,2,0,0,0,0,0,15,1,0,0,0,0,0,1
31,2,0,0,0,0,0,22,1,0,0,0,0,0,1
19,1,0,0,0,0,0,10,1,0,0,0,0,0,1
36,2,0,0,0,0,0,27,1,0,0,0,0,0,1
18,2,0,0,0,0,0,10,1,0,0,0,0,0,0
27,2,1,0,0,0,0,18,1,0,0,0,0,0,1
22,1,0,0,0,0,0,14,1,0,0,0,0,0,0
22,1,0,0,0,0,0,7,1,0,0,0,0,0,1
23,1,0,0,0,0,0,15,1,0,0,0,0,0,0
18,1,0,0,0,0,0,10,1,0,0,0,0,0,0
25,1,0,0,0,0,0,17,1,0,0,0,0,0,0
51,3,0,0,0,0,0,21,1,0,0,0,0,0,1
21,1,1,0,0,0,0,13,1,0,0,0,0,0,0
47,2,0,0,0,0,0,38,1,0,0,0,0,0,1
48,2,0,0,0,0,0,16,1,0,0,0,0,0,1
84,2,0,0,0,0,0,15,1,0,0,0,0,0,1
23,1,0,0,0,0,0,4,1,0,0,0,0,0,1
131,2,0,0,1,0,10,15,1,0,0,0,0,0,1
23,2,0,0,0,0,0,8,1,0,0,0,0,0,1
64,3,1,0,0,0,0,43,1,0,0,0,0,0,1
20,1,0,0,0,0,0,12,1,0,0,0,0,0,0
27,1,0,0,0,0,0,19,1,0,0,0,0,0,0
19,1,0,0,0,0,0,11,1,0,0,0,0,0,0
175,2,6,0,1,0,3,15,1,0,0,0,0,0,1
21,1,0,0,0,0,0,13,1,0,0,0,0,0,0
25,2,0,0,0,0,0,17,1,0,0,0,0,0,0
21,1,1,0,0,0,0,6,1,0,0,0,0,0,1
40,2,2,0,0,0,0,22,1,0,0,0,0,0,1
35,2,1,0,0,0,0,19,1,0,0,0,0,0,1
23,1,0,0,0,0,0,15,1,0,0,0,0,0,0
28,1,0,0,0,0,0,20,1,0,0,0,0,0,0
27,1,0,0,0,0,0,19,1,0,0,0,0,0,0
17,1,0,0,0,0,0,9,1,0,0,0,0,0,0
17,1,0,0,0,0,0,9,1,0,0,0,0,0,0
16,1,0,0,0,0,0,8,1,0,0,0,0,0,0
20,1,0,0,0,0,0,12,1,0,0,0,0,0,0
14,1,0,0,0,0,0,6,1,0,0,0,0,0,0
24,1,0,0,0,0,0,5,1,0,0,0,0,0,1
15,1,0,0,0,0,0,7,1,0,0,0,0,0,0
23,1,0,0,0,0,0,15,1,0,0,0,0,0,0
36,2,0,0,0,0,0,27,1,0,0,0,0,0,1
17,1,0,0,0,0,0,9,1,0,0,0,0,0,0
39,2,0,0,0,0,0,15,1,0,0,0,0,0,1
24,1,0,0,0,0,0,16,1,0,0,0,0,0,0
37,1,0,0,0,0,0,22,1,0,0,0,0,0,1
51,3,0,0,0,0,0,21,1,0,0,0,0,0,1
167,2,2,0,1,0,3,15,1,0,0,0,0,0,1
38,2,1,0,0,0,0,12,1,0,0,0,0,0,1
17,1,0,0,0,0,0,9,1,0,0,0,0,0,0
17,1,0,0,0,0,0,9,1,0,0,0,0,0,0
37,2,0,0,0,0,0,28,1,0,0,0,0,0,1
20,1,0,0,0,0,0,12,1,0,0,0,0,0,0
34,2,0,0,0,0,0,17,1,0,0,0,0,0,1
22,2,0,0,0,0,0,13,1,0,0,0,0,0,1
14,1,0,0,0,0,0,6,1,0,0,0,0,0,0
17,1,0,0,0,0,0,9,1,0,0,0,0,0,0
20,1,0,0,0,0,0,12,1,0,0,0,0,0,0
21,1,1,0,0,0,0,6,1,0,0,0,0,0,1
22,1,0,0,0,0,0,7,1,0,0,0,0,0,1
18,1,0,0,0,0,0,10,1,0,0,0,0,0,0
30,2,0,0,0,0,0,21,1,0,0,0,0,0,1
21,1,0,0,0,0,0,13,1,0,0,0,0,0,0
51,3,0,0,0,0,0,21,1,0,0,0,0,0,1
21,1,0,0,0,0,0,13,1,0,0,0,0,0,0
62,3,1,0,0,0,0,43,1,0,0,0,0,0,1
37,1,0,0,1,0,1,8,1,0,0,0,0,0,1
22,1,0,0,0,0,0,14,1,0,0,1,0,0,0
20,1,0,0,0,0,0,12,1,0,0,0,0,0,0
28,1,0,0,0,0,0,12,1,0,0,0,0,0,1
14,1,0,0,0,0,0,6,1,0,0,0,0,0,0
21,1,0,0,0,0,0,13,1,0,0,0,0,0,0
22,1,1,0,0,0,0,14,1,0,0,0,0,0,0
18,1,0,0,0,0,0,10,1,0,0,0,0,0,0
21,1,0,0,0,0,0,13,1,0,0,0,0,0,0
20,1,0,0,0,0,0,12,1,0,0,0,0,0,0
17,1,0,0,0,0,0,9,1,0,0,0,0,0,0
175,2,5,0,1,0,3,15,1,0,0,0,0,0,1
42,2,1,0,0,0,0,34,0,0,0,0,0,0,1
22,1,0,0,0,0,0,7,1,0,0,0,0,0,1
61,4,0,0,0,0,0,23,0,0,0,0,0,0,1
23,1,1,0,0,0,0,15,1,0,0,0,0,0,0
21,1,0,0,0,0,0,13,1,0,0,0,0,0,0
20,1,0,0,0,0,0,12,1,0,0,0,0,0,0
20,1,0,0,0,0,0,12,1,0,0,0,0,0,0
18,2,0,0,0,0,0,10,1,0,0,0,0,0,0
21,1,0,0,0,0,0,13,1,0,0,0,0,0,0
16,1,0,0,0,0,0,8,1,0,0,0,0,0,0
190,3,1,0,1,0,4,15,1,0,0,0,0,0,1
30,1,0,0,0,0,0,22,1,0,0,0,0,0,0
21,2,0,0,0,0,0,13,1,0,0,0,0,0,0
14,1,0,0,0,0,0,6,1,0,0,0,0,0,0
21,1,1,0,0,0,0,6,1,0,0,0,0,0,1
49,2,4,0,0,0,0,41,1,0,0,0,0,0,1
92,3,0,0,0,0,0,22,1,0,0,0,0,0,1
23,1,0,0,0,0,0,15,1,0,0,0,0,0,0
18,1,0,0,0,0,0,10,1,0,0,0,0,0,0
20,1,0,0,0,0,0,12,1,0,0,0,0,0,0
18,1,0,0,0,0,0,10,1,0,0,0,0,0,0
17,1,0,0,0,0,0,9,1,0,0,0,0,0,0
42,2,0,0,0,0,0,33,1,0,0,0,0,0,1
19,1,0,0,0,0,0,11,1,0,0,0,0,0,0
41,2,0,0,0,0,0,33,1,0,0,1,0,0,1
40,2,0,0,0,0,0,32,1,0,0,0,0,0,1
21,1,0,0,0,0,0,13,1,0,0,0,0,0,0
23,2,0,0,0,0,0,8,1,0,0,0,0,0,1
17,1,0,0,0,0,0,9,1,0,0,0,0,0,0
21,1,1,0,0,0,0,6,1,0,0,0,0,0,1
22,1,1,0,0,0,0,14,1,0,0,0,0,0,0
22,1,0,0,0,0,0,6,1,0,0,0,0,0,1
41,2,0,0,0,0,0,23,1,0,0,0,0,0,1
87,2,1,0,0,0,0,15,1,0,0,0,0,0,1
18,1,0,0,0,0,0,10,1,0,0,0,0,0,0
21,1,0,0,0,0,0,13,1,0,0,0,0,0,0
21,1,1,0,0,0,0,6,1,0,0,0,0,0,1
28,2,0,0,0,0,0,20,1,0,0,0,0,0,1
62,3,1,0,0,0,0,43,1,0,0,0,0,0,1
18,1,1,0,0,0,0,10,1,0,0,0,0,0,0
36,2,1,0,0,0,0,18,1,0,0,0,0,0,1
23,2,0,0,0,0,0,8,1,0,0,0,0,0,1
20,1,0,0,0,0,0,12,1,0,0,0,0,0,0
22,1,0,0,0,0,0,7,1,0,0,0,0,0,1
39,2,1,0,0,0,0,30,1,0,0,0,0,0,1
21,1,0,0,0,0,0,13,1,0,0,0,0,0,0
30,2,0,0,0,0,0,21,1,0,0,0,0,0,1
25,1,0,0,0,0,0,17,1,0,0,0,0,0,0
30,2,0,0,0,0,0,23,0,0,0,0,0,0,1
19,1,0,0,0,0,0,11,1,0,0,0,0,0,0
15,1,0,0,0,0,0,7,1,0,0,0,0,0,0
21,1,0,0,0,0,0,13,1,0,0,0,0,0,0
175,2,1,0,1,0,3,15,1,0,0,0,0,0,1
25,1,0,0,0,0,0,17,1,0,0,0,0,0,0
65,2,0,0,0,0,0,32,1,0,0,0,0,0,1
53,1,0,0,0,0,0,11,1,0,0,0,0,0,1
22,2,0,0,0,0,0,13,1,0,0,0,0,0,1
64,2,1,0,0,0,0,55,1,0,0,0,0,0,1
125,1,2,0,1,0,1,18,1,0,0,0,0,0,1
15,1,0,0,0,0,0,7,1,0,0,0,0,0,0
28,1,0,0,0,0,0,11,1,0,0,0,0,0,1
19,1,0,0,0,0,0,11,1,0,0,0,0,0,0
33,1,2,0,0,0,0,20,1,0,0,0,0,0,1
42,2,2,0,0,0,0,23,1,0,0,0,0,0,1
41,1,0,0,0,0,0,19,1,0,0,0,0,0,1
19,1,0,0,0,0,0,11,1,0,0,0,0,0,0
135,3,0,0,1,1,4,15,1,0,0,0,0,0,1
47,2,2,0,0,0,0,38,1,0,0,0,0,0,1
25,1,0,0,0,0,0,17,1,0,0,0,0,0,0
175,2,1,0,1,0,3,15,1,0,0,0,0,0,1
23,1,0,0,0,0,0,15,1,0,0,0,0,0,0
16,1,0,0,0,0,0,8,1,0,0,0,0,0,0
17,1,0,0,0,0,0,9,1,0,0,0,0,0,0
23,2,0,0,0,0,0,14,1,0,0,0,0,0,1
47,2,2,0,0,0,0,38,1,0,0,0,0,0,1
21,1,0,0,0,0,0,13,1,0,0,0,0,0,0
37,2,1,0,0,0,0,28,1,0,1,0,0,0,1
27,1,1,0,0,0,0,18,1,0,0,0,0,0,1
18,1,0,0,0,0,0,10,1,0,0,0,0,0,0
34,2,0,0,0,0,0,25,1,0,0,0,0,1,1
40,2,0,0,0,0,0,31,1,0,0,0,0,0,1
26,2,0,0,0,0,0,17,1,0,0,0,0,0,1
46,2,1,0,0,0,0,37,1,0,0,0,0,0,1
22,1,0,0,0,0,0,14,1,0,0,0,0,0,0
175,2,1,0,1,0,3,15,1,0,0,0,0,0,1
16,1,1,0,0,0,0,8,1,0,0,0,0,0,0
23,2,0,0,0,0,0,15,1,0,0,0,0,0,0
51,3,0,0,0,0,0,21,1,0,0,0,0,0,1
26,1,0,0,0,0,0,18,1,0,0,0,0,0,0
14,1,0,0,0,0,0,6,1,0,0,0,0,0,0
23,2,0,0,0,0,0,8,1,0,0,0,0,0,1
20,1,0,0,0,0,0,12,1,0,0,0,0,0,0
20,1,0,0,0,0,0,12,1,0,0,0,0,0,0
22,1,0,0,0,0,0,6,1,0,0,0,0,0,1
19,1,0,0,0,0,0,11,1,0,0,0,0,0,0
28,1,0,0,0,0,0,20,1,0,0,0,0,0,0
21,1,0,0,0,0,0,13,1,0,0,0,0,0,0
74,2,1,0,1,0,1,30,0,0,0,0,0,0,1
20,2,0,0,0,0,0,12,1,0,0,0,0,0,0
17,1,0,0,0,0,0,9,1,0,0,0,0,0,0
24,1,0,0,0,0,0,16,1,0,0,0,0,0,0
36,2,0,0,0,0,0,27,1,0,0,0,0,0,1
19,1,0,0,0,0,0,11,1,0,0,0,0,0,0
51,3,0,0,0,0,0,21,1,0,0,0,0,0,1
23,1,0,0,0,0,0,15,1,0,0,0,0,0,0
19,1,0,0,0,0,0,11,1,0,0,0,0,0,0
25,1,0,0,0,0,0,17,1,0,0,0,0,0,0
61,3,0,0,0,0,0,16,1,0,0,0,0,0,1
30,2,2,0,1,0,1,17,1,0,0,0,0,0,1
62,2,0,0,1,0,1,17,1,0,0,0,0,0,1
20,2,0,0,0,0,0,12,1,0,0,0,0,0,0
18,1,0,0,0,0,0,10,1,0,0,0,0,0,0
25,1,1,0,0,0,0,10,1,0,0,0,0,0,1
44,2,2,0,0,0,0,37,0,0,0,0,0,0,1
18,1,0,0,0,0,0,10,1,0,0,0,0,0,0
22,1,0,0,0,0,0,6,1,0,0,0,0,0,1
27,2,0,0,0,0,0,18,1,0,0,0,0,0,1
34,1,0,0,0,0,0,26,1,0,0,0,0,0,0
49,2,0,0,0,0,0,10,1,0,0,0,0,0,1
21,1,0,0,0,0,0,13,1,0,0,0,0,0,0
17,1,0,0,0,0,0,9,1,0,0,0,0,0,0
18,2,0,0,0,0,0,10,1,0,0,0,0,0,0
14,1,0,0,0,0,0,6,1,0,0,0,0,0,0
43,2,0,0,0,0,0,34,1,0,0,0,0,0,1
20,1,0,0,0,0,0,12,1,0,0,0,0,0,0
37,2,0,0,0,0,0,16,1,0,0,0,0,0,1
43,1,0,0,0,0,0,12,1,0,0,0,0,0,1
23,1,0,0,0,0,0,15,1,0,0,0,0,0,0
49,4,0,0,0,0,0,24,1,0,0,0,0,0,1
44,1,1,0,0,0,0,17,1,0,0,0,0,0,1
23,1,0,0,0,0,0,15,1,0,0,0,0,0,0
62,3,1,0,0,0,0,43,1,0,0,0,0,0,1
17,1,0,0,0,0,0,9,1,0,0,0,0,0,0
26,1,0,0,0,0,0,8,1,0,0,0,0,0,1
37,2,0,0,0,0,0,28,1,0,0,0,0,0,1
42,2,2,0,0,0,0,24,1,0,0,0,0,0,1
23,1,0,0,0,0,0,15,1,0,0,0,0,0,0
22,1,0,0,0,0,0,14,1,0,0,0,0,0,0
34,2,0,0,0,0,0,25,1,0,0,0,0,0,1
62,3,1,0,0,0,0,43,1,0,0,0,0,0,1
21,1,1,0,0,0,0,6,1,0,0,0,0,0,1
24,1,0,0,0,0,0,16,1,0,0,0,0,0,0
33,2,0,0,0,0,0,24,1,0,0,0,0,0,1
23,2,0,0,0,0,0,8,1,0,0,0,0,0,1
83,3,0,0,0,0,0,74,1,0,0,0,0,0,1
131,2,1,0,1,0,3,15,1,0,0,0,0,0,1
31,1,0,0,0,0,0,23,1,0,0,0,0,0,0
25,1,0,0,0,0,0,17,1,0,0,0,0,0,0
19,1,0,0,0,0,0,11,1,0,0,0,0,0,0
18,1,0,0,0,0,0,10,1,0,0,0,0,0,0
38,2,0,0,0,0,0,29,1,0,0,0,0,0,1
19,1,0,0,0,0,0,11,1,0,0,0,0,0,0
51,3,0,0,0,0,0,21,1,0,0,0,0,0,1
56,2,0,0,0,0,0,33,1,0,1,0,0,0,1
42,2,1,0,0,0,0,34,0,0,0,0,0,0,1
20,1,0,0,0,0,0,12,1,0,0,0,0,0,0
167,2,3,0,1,0,3,15,1,0,0,0,0,0,1
22,1,0,0,0,0,0,14,1,0,0,0,0,0,0
30,1,2,0,0,0,0,22,1,0,0,0,0,0,0
37,2,1,0,0,0,0,21,1,0,0,0,0,0,1
20,1,0,0,0,0,0,12,1,0,0,0,0,0,0
16,1,0,0,0,0,0,8,1,0,0,0,0,0,0
40,1,0,0,0,0,0,12,1,0,0,0,0,0,1
22,1,0,0,0,0,0,7,1,0,0,0,0,0,1
17,1,0,0,0,0,0,9,1,0,0,0,0,0,0
16,1,0,0,0,0,0,8,1,0,0,0,0,0,0
27,2,0,0,0,0,0,18,1,0,0,0,0,0,1
21,1,1,0,0,0,0,6,1,0,0,0,0,0,1
20,1,0,0,0,0,0,12,1,0,0,0,0,0,0
16,1,0,0,0,0,0,8,1,0,0,0,0,0,0
175,2,2,0,1,0,3,15,1,0,0,0,0,0,1
17,1,0,0,0,0,0,9,1,0,0,0,0,0,0
16,1,0,0,0,0,0,8,1,0,0,0,0,0,0
22,1,0,0,0,0,0,7,1,0,0,0,0,0,1
22,1,0,0,0,0,0,14,1,0,0,0,0,0,0
37,2,0,0,0,0,0,28,1,0,0,0,0,0,1
40,2,0,0,0,0,0,31,1,0,0,0,0,0,1
29,2,0,0,0,0,0,20,1,0,0,0,0,0,1
53,2,0,0,0,0,0,21,1,0,0,0,0,0,1
69,2,1,0,0,0,0,17,1,0,0,0,0,0,1
84,2,1,0,0,0,0,15,1,0,0,0,0,0,1
18,1,0,0,0,0,0,10,1,0,0,0,0,0,0
24,1,0,0,0,0,0,16,1,0,0,0,0,0,0
34,2,1,0,0,0,0,25,1,0,0,0,0,0,1
23,2,0,0,0,0,0,8,1,0,0,0,0,0,1
17,1,0,0,0,0,0,9,1,0,0,0,0,0,0
46,2,2,0,0,0,0,37,1,0,0,0,0,0,1
12,1,0,0,0,0,0,4,1,0,0,0,0,0,0
20,1,0,0,0,0,0,12,1,0,0,0,0,0,0
22,1,0,0,0,0,0,6,1,0,0,0,0,0,1
62,3,1,0,0,0,0,43,1,0,0,0,0,0,1
23,1,0,0,0,0,0,15,1,0,0,0,0,0,0
15,1,0,0,0,0,0,7,1,0,0,0,0,0,0
41,2,0,0,0,0,0,16,1,0,0,0,0,0,1
18,1,0,0,0,0,0,10,1,0,0,0,0,0,0
22,1,0,0,0,0,0,7,1,0,0,0,0,0,1
15,1,0,0,0,0,0,7,1,0,0,0,0,0,0
34,1,0,1,0,0,0,10,1,0,0,0,0,0,1
95,2,1,0,0,0,0,21,1,0,0,0,0,0,1
19,1,0,0,0,0,0,11,1,0,0,0,0,0,0
17,1,0,0,0,0,0,9,1,0,0,0,0,0,0
39,2,0,0,0,0,0,30,1,0,0,0,0,0,1
18,1,1,0,0,0,0,10,1,0,0,0,0,0,0
78,2,2,0,1,0,1,17,1,0,0,0,0,0,1
187,2,0,0,0,0,0,20,1,0,0,0,0,0,1
22,1,0,0,0,0,0,7,1,0,0,0,0,0,1
20,1,0,0,0,0,0,12,1,0,0,0,0,0,0
30,2,0,0,0,0,0,21,1,0,0,0,0,0,1
19,1,0,0,0,0,0,11,1,0,0,0,0,0,0
28,1,0,0,0,0,0,20,1,0,0,0,0,0,0
35,2,1,0,0,0,0,26,1,0,0,0,0,0,1
131,2,2,0,0,0,0,15,1,0,0,0,0,0,1
17,1,0,0,0,0,0,9,1,0,0,0,0,0,0
42,1,1,0,0,0,0,18,1,0,0,0,0,0,1
24,2,0,0,0,0,0,16,1,0,0,0,0,0,0
17,1,0,0,0,0,0,9,1,0,0,0,0,0,0
27,2,0,0,0,0,0,18,1,0,0,0,0,0,1
20,2,0,0,0,0,0,12,1,0,0,0,0,0,0
27,1,0,0,0,0,0,19,1,0,0,0,0,0,0
18,1,0,0,0,0,0,10,1,0,0,0,0,0,0
17,2,0,0,0,0,0,9,1,0,0,0,0,0,0
41,2,0,0,0,0,0,16,1,0,0,0,0,0,1
22,1,0,0,0,0,0,14,1,0,0,0,0,0,0
165,2,4,0,1,0,3,15,1,0,0,0,0,0,1
49,2,2,0,0,0,0,32,0,0,0,0,0,0,1
21,1,1,0,0,0,0,6,1,0,0,0,0,0,1
16,1,0,0,0,0,0,8,1,0,0,1,0,0,0
14,1,0,0,0,0,0,6,1,0,0,0,0,0,0
26,2,0,0,0,0,0,17,1,0,0,0,0,0,1
15,1,0,0,0,0,0,7,1,0,0,0,0,0,0
15,1,0,0,0,0,0,7,1,0,0,0,0,0,0
24,1,0,0,0,0,0,16,1,0,0,0,0,0,0
17,1,0,0,0,0,0,9,1,0,0,0,0,0,0
20,1,0,0,0,0,0,12,1,0,0,0,0,0,0
23,1,0,0,0,0,0,15,1,0,0,0,0,0,0
17,1,0,0,0,0,0,9,1,0,0,0,0,0,0
58,3,0,0,1,0,1,7,1,0,0,0,0,0,1
44,2,0,0,0,0,0,16,1,0,0,0,0,0,1
17,1,0,0,0,0,0,9,1,0,0,0,0,0,0
15,1,0,0,0,0,0,7,1,0,0,0,0,0,0
16,1,0,0,0,0,0,8,1,0,0,0,0,0,0
17,1,0,0,0,0,0,9,1,0,0,0,0,0,0
53,2,0,0,0,0,0,21,1,0,0,0,0,0,1
16,1,0,0,0,0,0,8,1,0,0,0,0,0,0
18,1,0,0,0,0,0,10,1,0,0,0,0,0,0
24,1,1,0,0,0,0,16,1,0,0,0,0,0,0
19,1,0,0,0,0,0,11,1,0,0,0,0,0,0
23,1,1,0,0,0,0,14,1,0,0,0,0,0,1
35,1,0,0,0,0,1,9,1,0,0,0,0,0,1
18,1,0,0,0,0,0,10,1,0,0,0,0,0,0
20,1,0,0,0,0,0,12,1,0,0,0,0,0,0
98,4,1,0,2,0,2,18,1,0,0,0,0,0,1
16,1,0,0,0,0,0,8,1,0,0,0,0,0,0
22,1,0,0,0,0,0,14,1,0,0,0,0,0,0
24,2,0,0,0,0,0,16,1,0,0,0,0,0,0
24,1,1,0,0,0,0,16,1,0,0,0,0,0,0
83,3,0,0,0,0,0,74,1,0,0,0,0,0,1
15,1,0,0,0,0,0,7,1,0,0,0,0,0,0
20,1,0,0,0,0,0,12,1,0,0,0,0,0,0
20,1,0,0,0,0,0,12,1,0,0,0,0,0,0
15,1,0,0,0,0,0,7,1,0,0,0,0,0,0
23,2,0,0,0,0,0,8,1,0,0,0,0,0,1
16,1,0,0,0,0,0,8,1,0,0,0,0,0,0
19,1,0,0,0,0,0,11,1,0,0,0,0,0,0
21,1,1,0,0,0,0,6,1,0,0,0,0,0,1
17,1,0,0,0,0,0,9,1,0,0,0,0,0,0
21,1,1,0,0,0,0,6,1,0,0,0,0,0,1
175,2,5,0,1,0,3,15,1,0,0,0,0,0,1
15,1,0,0,0,0,0,7,1,0,0,0,0,0,0
17,1,0,0,0,0,0,9,1,0,0,0,0,0,0
22,1,0,0,0,0,0,14,1,0,0,0,0,0,0
24,2,0,0,0,0,0,15,1,0,0,0,0,0,1
27,1,0,0,0,0,0,6,1,0,0,0,0,0,1
20,1,0,0,0,0,0,12,1,0,0,0,0,0,0
18,1,0,0,0,0,0,10,1,0,0,0,0,0,0
22,1,0,0,0,0,0,14,1,0,0,0,0,0,0
17,1,0,0,0,0,0,9,1,0,0,0,0,0,0
47,2,1,0,0,0,0,38,1,0,0,0,0,0,1
19,1,0,0,0,0,0,11,1,0,0,0,0,0,0
18,1,0,0,0,0,0,10,1,0,0,0,0,0,0
22,1,0,0,0,0,0,6,1,0,0,0,0,0,1
39,2,0,0,0,0,0,30,1,0,0,0,0,0,1
84,2,0,0,0,0,0,15,1,0,0,0,0,0,1
23,2,0,0,0,0,0,8,1,0,0,0,0,0,1
21,1,0,0,0,0,0,13,1,0,0,0,0,0,0
18,1,0,0,0,0,0,10,1,0,0,0,0,0,0
44,2,0,0,0,0,0,18,1,0,0,0,0,0,1
20,1,0,0,0,0,0,12,1,0,0,0,0,0,0
23,2,0,0,0,0,0,8,1,0,0,0,0,0,1
22,1,0,0,0,0,0,14,1,0,0,0,0,0,0
22,1,0,0,0,0,0,7,1,0,0,0,0,0,1
71,2,0,0,0,0,0,62,1,0,1,0,0,0,1
18,1,0,0,0,0,0,10,1,0,0,0,0,0,0
167,2,3,0,1,0,3,15,1,0,0,0,0,0,1
18,1,0,0,0,0,0,10,1,0,0,0,0,0,0
19,1,0,0,0,0,0,11,1,0,0,0,0,0,0
16,1,0,0,0,0,0,8,1,0,0,0,0,0,0
25,2,0,0,0,0,0,16,1,0,0,0,0,0,1
24,1,0,0,0,0,0,16,1,0,0,0,0,0,0
17,1,0,0,0,0,0,9,1,0,0,0,0,0,0
17,1,0,0,0,0,0,9,1,0,0,0,0,0,0
20,1,0,0,0,0,0,12,1,0,0,0,0,0,0
20,1,0,0,0,0,0,12,1,0,0,0,0,0,0
34,2,0,0,0,0,0,27,0,0,0,0,0,0,1
21,1,0,0,0,0,0,13,1,0,0,0,0,0,0
22,1,0,0,0,0,0,6,1,0,0,0,0,0,1
18,1,0,0,0,0,0,10,1,0,0,0,0,0,0
38,2,1,0,0,0,0,29,1,0,0,0,0,0,1
26,2,0,0,0,0,0,17,1,0,0,0,0,0,1
20,1,0,0,0,0,0,12,1,0,0,0,0,0,0
21,1,1,0,0,0,0,6,1,0,0,0,0,0,1
127,5,2,0,1,3,2,15,1,0,0,0,0,0,1
24,1,0,0,0,0,0,16,1,0,0,0,0,0,0
22,2,0,0,0,0,0,14,0,0,0,0,0,0,1
411,7,4,0,1,11,8,12,0,1,1,0,0,0,1
68,3,1,0,0,1,0,43,1,0,0,0,0,0,1
24,1,1,0,0,0,0,16,1,0,0,0,0,0,0
84,2,1,0,0,0,0,15,1,0,0,0,0,0,1
18,1,0,0,0,0,0,10,1,0,0,0,0,0,0
20,1,0,0,0,0,0,12,1,0,0,0,0,0,0
38,2,1,0,0,0,0,29,1,0,0,0,0,0,1
16,1,0,0,0,0,0,8,1,0,0,0,0,0,0
17,1,0,0,0,0,0,9,1,0,0,0,0,0,0
22,1,0,0,0,0,0,14,1,0,0,0,0,0,0
45,2,0,0,0,0,0,16,1,0,0,0,0,0,1
18,1,0,0,0,0,0,10,1,0,0,0,0,0,0
51,3,0,0,0,0,0,21,1,0,0,0,0,0,1
18,1,0,0,0,0,0,10,1,0,0,0,0,0,0
22,1,0,0,0,0,0,14,1,0,0,0,0,0,0
25,1,0,0,0,0,0,17,1,0,0,0,0,0,0
21,1,1,0,0,0,0,6,1,0,0,0,0,0,1
17,1,0,0,0,0,0,9,1,0,0,0,0,0,0
21,1,0,0,0,0,0,13,1,0,0,0,0,0,0
19,1,0,0,0,0,0,11,1,0,0,0,0,0,0
23,2,0,0,0,0,0,8,1,0,0,0,0,0,1
17,1,0,0,0,0,0,9,1,0,0,0,0,0,0
19,1,0,0,0,0,0,11,1,0,0,0,0,0,0
22,1,0,0,0,0,0,14,1,0,0,0,0,0,0
20,1,0,0,0,0,0,12,1,0,0,0,0,0,0
22,1,0,0,0,0,0,7,1,0,0,0,0,0,1
16,1,0,0,0,0,0,8,1,0,0,0,0,0,0
18,1,0,0,0,0,0,10,1,0,0,0,0,0,0
38,2,0,0,0,0,0,22,1,0,0,0,0,0,1
28,1,1,0,0,0,0,20,1,0,0,0,0,0,0
22,1,0,0,0,0,0,6,1,0,0,0,0,0,1
22,1,0,0,0,0,0,14,1,0,0,0,0,0,0
16,1,0,0,0,0,0,8,1,0,0,0,0,0,0
24,1,0,0,0,0,0,16,1,0,0,0,0,0,0
16,1,0,0,0,0,0,8,1,0,0,0,0,0,0
42,2,0,0,0,0,0,14,1,0,0,0,0,0,1
19,1,0,0,0,0,0,11,1,0,0,0,0,0,0
205,3,2,0,1,0,2,16,1,0,0,0,0,0,1
21,1,1,0,0,0,0,6,1,0,0,0,0,0,1
25,2,0,0,0,0,0,17,1,0,0,0,0,0,1
23,1,0,0,0,0,0,15,1,0,0,0,0,0,0
23,1,0,0,0,0,0,15,1,0,0,0,0,0,0
30,1,0,0,0,0,0,11,1,0,0,0,0,0,1
18,1,0,0,0,0,0,10,1,0,0,0,0,0,0
178,3,1,0,1,0,4,15,1,0,0,0,0,0,1
37,1,0,0,1,0,1,11,1,0,0,0,0,0,1
14,1,0,0,0,0,0,6,1,0,0,0,0,0,0
21,1,0,0,0,0,0,13,1,0,0,0,0,0,0
88,2,0,0,1,0,1,15,1,0,0,0,0,0,1
93,3,1,0,1,0,0,43,1,0,0,0,0,0,1
23,1,0,0,0,0,0,4,1,0,0,0,0,0,1
30,2,1,0,0,0,0,21,1,0,0,0,0,0,1
22,1,0,0,0,0,0,14,1,0,0,0,0,0,0
17,1,0,0,0,0,0,9,1,0,0,0,0,0,0
32,2,1,0,0,0,0,20,1,0,0,0,0,0,1
24,1,1,0,0,0,0,16,1,0,0,0,0,0,0
29,1,0,0,0,0,0,21,1,0,0,0,0,0,0
83,3,0,0,0,0,0,74,1,0,0,0,0,0,1
22,1,0,0,0,0,0,14,1,0,0,0,0,0,0
16,1,0,0,0,0,0,8,1,0,0,0,0,0,0
18,1,0,0,0,0,0,10,1,0,0,0,0,0,0
18,1,0,0,0,0,0,10,1,0,0,0,0,0,0
33,1,1,0,0,0,0,25,1,0,0,0,0,0,0
14,1,0,0,0,0,0,6,1,0,0,0,0,0,0
22,1,1,0,0,0,0,14,1,0,0,0,0,0,0
25,2,0,0,0,0,0,16,1,0,0,0,0,0,1
23,2,0,0,0,0,0,8,1,0,0,0,0,0,1
41,2,2,0,0,0,0,33,1,0,0,0,0,0,1
41,2,1,0,0,0,0,34,0,0,0,0,0,0,1
18,1,0,0,0,0,0,10,1,0,0,0,0,0,0
17,1,0,0,0,0,0,9,1,0,0,0,0,0,0
26,1,0,0,0,0,0,18,1,0,0,0,0,0,0
32,2,0,0,0,0,0,23,1,0,0,0,0,0,1
23,1,0,0,0,0,0,15,1,0,0,0,0,0,0
17,1,0,0,0,0,0,9,1,0,0,0,0,0,0
22,1,0,0,0,0,0,6,1,0,0,0,0,0,1
22,1,0,0,0,0,0,14,1,0,0,0,0,0,0
23,1,1,0,0,0,0,15,1,0,0,0,0,0,0
83,3,0,0,0,0,0,74,1,0,0,0,0,0,1
24,1,0,0,0,0,0,16,1,0,0,0,0,0,0
16,1,0,0,0,0,0,8,1,0,0,0,0,0,0
15,1,0,0,0,0,0,7,1,0,0,0,0,0,0
22,1,0,0,0,0,0,7,1,0,0,0,0,0,1
22,1,0,0,0,0,0,6,1,0,0,0,0,0,1
54,4,0,1,1,0,1,20,1,0,0,0,0,0,1
35,1,2,0,0,0,0,27,1,0,0,0,0,0,0
175,2,1,0,1,0,3,15,1,0,0,0,0,0,1
21,1,0,0,0,0,0,13,1,0,0,0,0,0,0
21,1,1,0,0,0,0,6,1,0,0,0,0,0,1
51,3,0,0,0,0,0,21,1,0,0,0,0,0,1
22,1,0,0,0,0,0,14,1,0,0,0,0,0,0
27,2,0,0,0,0,0,18,1,0,0,0,0,0,1
22,1,0,0,0,0,0,14,1,0,0,0,0,0,0
23,2,0,0,0,0,0,8,1,0,0,0,0,0,1
18,1,0,0,0,0,0,10,1,0,0,0,0,0,0
18,1,1,0,0,0,0,10,1,0,0,0,0,0,0
23,1,0,0,0,0,0,15,1,0,0,0,0,0,0
21,1,0,0,0,0,0,13,1,0,0,0,0,0,0
40,2,0,0,0,0,0,16,1,0,0,0,0,0,1
22,2,0,0,0,0,0,13,1,0,0,0,0,0,1
33,1,1,0,1,0,0,13,1,0,0,0,0,0,1
23,1,1,0,0,0,0,15,1,0,0,0,0,0,0
23,2,0,0,0,0,0,8,1,0,0,0,0,0,1
43,3,1,0,0,0,0,36,0,0,0,0,0,0,1
26,1,0,0,0,0,0,18,1,0,0,0,0,0,0
33,2,0,0,0,0,0,24,1,0,0,0,0,0,1
21,1,0,0,0,0,0,13,1,0,0,0,0,0,0
19,1,0,0,0,0,0,11,1,0,0,0,0,0,0
42,2,0,0,0,0,0,14,1,0,0,0,0,0,1
21,1,1,0,0,0,0,6,1,0,0,0,0,0,1
16,1,0,0,0,0,0,8,1,0,0,0,0,0,0
62,2,3,0,0,0,0,14,1,0,0,0,0,0,1
22,1,0,0,0,0,0,6,1,0,0,0,0,0,1
23,1,0,0,0,0,0,4,1,0,0,0,0,0,1
19,1,0,0,0,0,0,11,1,0,0,0,0,0,0
49,2,0,0,0,0,0,10,1,0,0,0,0,0,1
45,2,0,0,0,0,0,16,1,0,0,0,0,0,1
22,1,0,0,0,0,0,6,1,0,0,0,0,0,1
28,2,1,0,0,0,0,19,1,0,0,0,0,0,1
175,2,2,0,1,0,3,15,1,0,0,0,0,0,1
12,1,0,0,0,0,0,4,1,0,0,0,0,0,0
21,1,0,0,0,0,0,13,1,0,0,0,0,0,0
22,1,0,0,0,0,0,14,1,0,0,0,0,0,0
17,1,0,0,0,0,0,9,1,0,0,0,0,0,0
27,2,0,0,0,0,0,18,1,0,0,0,0,0,1
47,2,0,0,0,0,0,38,1,0,0,0,0,0,1
22,1,0,0,0,0,0,7,1,0,0,0,0,0,1
237,2,0,0,1,1,2,25,1,0,0,0,0,0,1
167,2,2,0,1,0,3,15,1,0,0,0,0,0,1
30,2,0,0,0,0,0,21,1,0,0,0,0,0,1
33,2,0,0,0,0,0,16,1,0,0,0,0,0,1
18,1,0,0,0,0,0,10,1,0,0,0,0,0,0
82,3,0,0,0,0,0,73,1,0,0,0,0,0,1
18,1,0,0,0,0,0,10,1,0,0,0,0,0,0
95,2,1,0,0,0,0,21,1,0,0,0,0,0,1
79,3,6,0,0,0,0,70,1,0,0,0,0,0,1
19,1,0,0,0,0,0,11,1,0,0,0,0,0,0
53,3,0,0,1,1,1,14,1,0,0,0,0,0,1
23,2,0,0,0,0,0,15,1,0,0,0,0,0,0
21,1,0,0,0,0,0,13,1,0,0,0,0,0,0
36,2,0,0,0,0,0,29,0,0,0,0,0,0,1
18,1,0,0,0,0,0,10,1,0,0,0,0,0,0
42,2,0,0,0,0,0,33,1,0,0,0,0,0,1
60,3,1,0,0,0,0,28,1,0,0,0,0,0,1
20,2,0,0,0,0,0,12,1,0,0,0,0,0,0
24,1,0,0,0,0,0,16,1,0,0,0,0,0,0
23,1,0,0,0,0,0,11,1,0,0,0,0,0,1
16,1,0,0,0,0,0,8,1,0,0,0,0,0,0
26,1,0,0,0,0,0,18,1,0,0,0,0,0,0
167,2,1,0,1,0,3,15,1,0,0,0,0,0,1
27,1,0,0,0,0,0,6,1,0,0,0,0,0,1
44,2,2,0,0,0,0,35,1,0,0,0,0,0,1
24,1,1,0,0,0,0,16,1,0,0,0,0,0,0
21,1,0,0,0,0,0,13,1,0,0,0,0,0,0
34,1,1,0,0,0,0,10,1,0,0,0,0,0,1
15,1,0,0,0,0,0,7,1,0,0,0,0,0,0
26,1,1,0,0,0,0,18,1,0,0,0,0,0,0
21,1,1,0,0,0,0,6,1,0,0,0,0,0,1
25,1,0,0,0,0,0,17,1,0,0,0,0,0,0
20,1,0,0,0,0,0,12,1,0,0,0,0,0,0
28,2,0,0,1,0,1,8,1,0,0,0,0,0,1
24,1,0,0,0,0,0,16,1,0,0,0,0,0,0
25,1,0,0,0,0,0,17,1,0,0,0,0,0,0
19,1,0,0,0,0,0,11,1,0,0,0,0,0,0
26,1,0,0,0,0,0,18,1,0,0,0,0,0,0
26,1,0,0,0,0,0,18,1,0,0,0,0,0,0
175,2,1,0,1,0,3,15,1,0,0,0,0,0,1
70,2,0,0,1,0,1,26,0,0,0,0,0,0,1
15,1,0,0,0,0,0,7,1,0,0,0,0,0,0
31,1,0,0,0,0,0,6,1,0,0,0,0,0,1
21,1,1,0,0,0,0,6,1,0,0,0,0,0,1
20,1,0,0,0,0,0,12,1,0,0,0,0,0,0
31,2,0,0,0,0,0,22,1,0,0,0,0,0,1
21,1,1,0,0,0,0,6,1,0,0,0,0,0,1
18,1,0,0,0,0,0,10,1,0,0,0,0,0,0
19,1,0,0,0,0,0,11,1,0,0,0,0,0,0
23,2,0,0,0,0,0,8,1,0,0,0,0,0,1
25,1,0,0,0,0,0,17,1,0,0,0,0,0,0
190,3,2,0,1,0,4,15,1,0,0,0,0,0,1
35,2,0,0,0,0,0,26,1,0,0,0,0,0,1
22,1,0,0,0,0,0,14,1,0,0,0,0,0,0
19,1,0,0,0,0,0,11,1,0,0,0,0,0,0
15,1,0,0,0,0,0,7,1,0,0,0,0,0,0
19,1,0,0,0,0,0,11,1,0,0,0,0,0,0
20,1,0,0,0,0,0,12,1,0,0,0,0,0,0
100,2,1,0,0,0,0,21,1,0,0,0,0,0,1
19,1,0,0,0,0,0,11,1,0,0,0,0,0,0
40,2,0,0,0,0,0,33,0,0,0,0,0,0,1
20,1,1,0,0,0,0,12,1,0,0,0,0,0,0
22,1,0,0,0,0,0,7,1,0,0,0,0,0,1
28,2,0,0,0,0,0,19,1,0,0,0,0,0,1
18,1,0,0,0,0,0,10,1,0,0,0,0,0,0
24,1,1,0,0,0,0,7,1,0,0,0,0,0,1
17,1,0,0,0,0,0,9,1,0,0,0,0,0,0
84,2,0,0,0,0,0,15,1,0,0,0,0,0,1
22,1,0,0,0,0,0,14,1,0,0,0,0,0,0
46,3,1,0,1,0,1,7,1,0,0,0,0,0,1
21,1,1,0,0,0,0,6,1,0,0,0,0,0,1
21,1,0,0,0,0,0,13,1,0,0,0,0,0,0
44,2,1,0,0,0,0,28,1,0,0,0,0,0,1
20,1,0,0,0,0,0,12,1,0,0,0,0,0,0
21,1,1,0,0,0,0,6,1,0,0,0,0,0,1
22,1,0,0,0,0,0,14,1,0,0,0,0,0,0
45,2,3,0,0,0,0,22,1,0,0,0,0,0,1
75,2,1,0,1,0,2,24,1,0,0,0,0,0,1
173,2,5,0,1,0,3,15,1,0,0,0,0,0,1
40,2,0,0,0,0,0,11,1,0,0,0,0,0,1
20,1,0,0,0,0,0,12,1,0,0,0,0,0,0
22,1,0,0,0,0,0,14,1,0,0,0,0,0,0
84,2,0,0,0,0,0,15,1,0,0,0,0,0,1
24,1,1,0,0,0,0,16,1,0,0,0,0,0,0
16,1,0,0,0,0,0,8,1,0,0,0,0,0,0
28,2,0,0,0,0,0,19,1,0,0,0,0,0,1
94,2,1,0,0,0,0,21,1,0,0,0,0,0,1
23,1,0,0,0,0,0,15,1,0,0,0,0,0,0
47,3,1,0,0,0,0,28,1,0,0,0,0,0,1
52,4,0,0,0,0,0,21,1,0,0,0,0,0,1
22,1,0,0,0,0,0,7,1,0,0,0,0,0,1
32,2,0,0,0,0,0,10,1,0,0,0,0,0,1
17,1,0,0,0,0,0,9,1,0,0,0,0,0,0
20,2,0,0,0,0,0,12,1,0,0,0,0,0,0
67,2,4,0,0,0,0,17,1,0,0,0,0,0,1
20,1,0,0,0,0,0,12,1,0,0,0,0,0,0
25,1,1,0,0,0,0,17,1,0,0,0,0,0,0
17,1,0,0,0,0,0,9,1,0,0,0,0,0,0
61,4,0,0,0,0,0,23,0,0,0,0,0,0,1
18,1,0,0,0,0,0,10,1,0,0,0,0,0,0
60,3,1,0,0,0,0,28,1,0,0,0,0,0,1
175,2,2,0,1,0,3,15,1,0,0,0,0,0,1
17,1,0,0,0,0,0,9,1,0,0,0,0,0,0
15,1,0,0,0,0,0,7,1,0,0,0,0,0,0
88,2,0,0,0,0,0,15,1,0,0,0,0,0,1
19,1,0,0,0,0,0,11,1,0,0,0,0,0,0
23,2,0,0,0,0,0,8,1,0,0,0,0,0,1
119,2,1,0,1,2,4,25,1,0,0,0,0,0,1
19,1,0,0,0,0,0,11,1,0,0,0,0,0,0
51,3,0,0,0,0,0,21,1,0,0,0,0,0,1
38,2,0,0,0,0,0,31,0,0,0,0,0,0,1
20,1,0,0,0,0,0,12,1,0,0,0,0,0,0
21,1,0,0,0,0,0,13,1,0,0,0,0,0,0
18,1,0,0,0,0,0,10,1,0,0,0,0,0,0
24,1,0,0,0,0,0,16,1,0,0,0,0,0,0
24,1,0,0,0,0,0,16,1,0,0,0,0,0,0
28,2,0,0,0,0,0,19,1,0,0,0,0,0,1
33,2,2,0,0,0,0,25,1,0,0,0,0,0,1
33,2,0,0,0,0,0,25,0,0,0,0,0,0,1
22,1,0,0,0,0,0,6,1,0,0,0,0,0,1
42,2,0,0,0,0,0,14,1,0,0,0,0,0,1
22,1,0,0,0,0,0,14,1,0,0,0,0,0,0
40,2,1,0,0,0,0,33,0,0,0,0,0,0,1
27,1,0,0,0,0,0,6,1,0,0,0,0,0,1
84,2,1,0,0,0,0,15,1,0,0,0,0,0,1
31,2,0,0,0,0,0,22,1,0,0,0,0,0,1
228,2,0,0,1,0,2,23,1,0,0,0,0,0,1
20,1,0,0,0,0,0,12,1,0,0,0,0,0,0
18,1,0,0,0,0,0,10,1,0,0,0,0,0,0
37,1,0,0,0,0,0,10,1,0,0,0,0,0,1
21,1,0,0,0,0,0,13,1,0,0,0,0,0,0
18,1,0,0,0,0,0,10,1,0,0,0,0,0,0
23,1,0,0,0,0,0,15,1,0,0,0,0,0,0
25,2,0,0,0,0,0,17,1,0,0,0,0,0,0
22,1,0,0,0,0,0,6,1,0,0,0,0,0,1
18,2,0,0,0,0,0,10,1,0,0,0,0,0,0
18,1,0,0,0,0,0,10,1,0,0,0,0,0,0
18,2,0,0,0,0,0,10,1,0,0,0,0,0,0
33,2,0,0,0,0,0,26,0,0,0,0,0,0,1
18,1,0,0,0,0,0,10,1,0,0,0,0,0,0
39,2,0,0,0,0,0,30,1,0,0,0,0,0,1
26,1,0,0,0,0,0,18,1,0,0,0,0,0,0
25,1,1,0,0,0,0,17,1,0,0,0,0,0,0
16,1,0,0,0,0,0,8,1,0,0,0,0,0,0
17,1,0,0,0,0,0,9,1,0,0,0,0,0,0
22,1,0,0,0,0,0,14,1,0,0,0,0,0,0
26,1,0,0,0,0,0,6,1,0,0,0,0,0,1
21,1,0,0,0,0,0,13,1,0,0,0,0,0,0
20,1,0,0,0,0,0,12,1,0,0,0,0,0,0
14,1,0,0,0,0,0,6,1,0,0,0,0,0,0
76,2,1,0,1,0,2,25,1,0,0,0,0,0,1
21,1,1,0,0,0,0,6,1,0,0,0,0,0,1
51,3,0,0,0,0,0,21,1,0,0,0,0,0,1
84,2,0,0,0,0,0,15,1,0,0,0,0,0,1
175,2,1,0,1,0,3,15,1,0,0,0,0,0,1
62,3,1,0,0,0,0,43,1,0,0,0,0,0,1
29,1,0,0,0,0,0,20,1,0,0,0,0,0,1
15,1,0,0,0,0,0,7,1,0,0,0,0,0,0
69,2,4,0,0,0,0,22,1,0,0,0,0,0,1
22,1,0,0,0,0,0,11,1,0,0,0,0,0,1
22,1,0,0,0,0,0,6,1,0,0,0,0,0,1
22,1,0,0,0,0,0,14,1,0,0,0,0,0,0
17,1,0,0,0,0,0,9,1,0,0,0,0,0,0
23,1,0,0,0,0,0,15,1,0,0,0,0,0,0
22,1,0,0,0,0,0,14,1,0,0,0,0,0,0
21,1,0,0,0,0,0,13,1,0,0,0,0,0,0
23,2,0,0,0,0,0,8,1,0,0,0,0,0,1
173,2,1,0,1,0,3,15,1,0,0,0,0,0,1
18,1,0,0,0,0,0,10,1,0,0,0,0,0,0
22,1,0,0,0,0,0,7,1,0,0,0,0,0,1
22,1,0,0,0,0,0,7,1,0,0,0,0,0,1
23,2,0,0,0,0,0,8,1,0,0,0,0,0,1
22,1,0,0,0,0,0,14,1,0,0,0,0,0,0
21,1,0,0,0,0,0,13,1,0,0,0,0,0,0
33,1,0,0,0,0,0,12,1,0,0,0,0,0,1
175,2,1,0,1,0,3,15,1,0,0,0,0,0,1
62,3,1,0,0,0,0,43,1,0,0,0,0,0,1
22,1,0,0,0,0,0,7,1,0,0,0,0,0,1
60,2,0,0,0,0,0,16,1,0,0,0,0,0,1
167,2,4,0,1,0,3,15,1,0,0,0,0,0,1
84,2,0,0,0,0,0,15,1,0,0,0,0,0,1
30,2,0,0,0,0,0,14,1,0,0,0,0,0,1
36,2,0,0,0,0,0,23,1,0,0,0,0,0,1
22,1,0,0,0,0,0,6,1,0,0,0,0,0,1
16,1,0,0,0,0,0,8,1,0,0,0,0,0,0
27,1,0,0,0,0,0,6,1,0,0,0,0,0,1
50,2,0,0,0,1,0,10,1,0,0,0,0,0,1
21,1,1,0,0,0,0,6,1,0,0,0,0,0,1
14,1,0,0,0,0,0,6,1,0,0,0,0,0,0
37,2,2,0,0,0,0,18,1,0,0,0,0,0,1
44,2,0,0,0,0,0,35,1,0,0,0,0,0,1
20,1,0,0,0,0,0,12,1,0,0,0,0,0,0
18,2,0,0,0,0,0,10,1,0,0,0,0,0,0
23,1,0,0,0,0,0,4,1,0,0,0,0,0,1
16,1,0,0,0,0,0,8,1,0,0,0,0,0,0
39,2,3,0,0,0,0,32,0,0,0,0,0,0,1
17,1,0,0,0,0,0,9,1,0,0,0,0,0,0
19,1,0,0,0,0,0,11,1,0,0,0,0,0,0
22,1,0,0,0,0,0,7,1,0,0,0,0,0,1
113,2,0,0,1,0,1,15,1,0,0,0,0,0,1
19,1,0,0,0,0,0,11,1,0,0,1,0,0,0
23,1,0,0,0,0,0,15,1,0,0,0,0,0,0
34,1,0,0,0,0,0,26,1,0,0,0,0,0,0
181,3,1,0,1,1,4,15,1,0,0,0,0,0,1
16,1,0,0,0,0,0,8,1,0,0,0,0,0,0
59,2,1,0,0,0,0,21,1,0,0,0,0,0,1
175,2,4,0,1,0,3,15,1,0,0,0,0,0,1
16,1,0,0,0,0,0,8,1,0,0,0,0,0,0
22,1,0,0,0,0,0,7,1,0,0,0,0,0,1
22,1,0,0,0,0,0,7,1,0,0,0,0,0,1
37,2,1,0,0,0,0,28,1,0,0,0,0,0,1
76,2,1,0,1,0,2,25,1,0,0,0,0,0,1
26,1,0,0,0,0,0,18,1,0,0,0,0,0,0
16,1,0,0,0,0,0,8,1,0,0,0,0,0,0
22,1,0,0,0,0,0,7,1,0,0,0,0,0,1
39,2,0,0,0,0,0,32,0,0,0,0,0,0,1
47,2,0,0,0,0,0,16,1,0,0,0,0,0,1
25,2,1,0,0,0,0,8,1,0,0,0,0,0,1
62,3,1,0,0,0,0,43,1,0,0,0,0,0,1
41,2,4,0,0,0,0,32,1,0,0,0,0,0,1
22,1,0,0,0,0,0,6,1,0,0,0,0,0,1
19,1,0,0,0,0,0,11,1,0,0,0,0,0,0
27,2,0,0,0,0,0,18,1,0,0,0,0,0,1
33,2,0,0,0,0,0,24,1,0,0,0,0,0,1
62,1,0,0,1,0,1,17,1,0,0,0,0,0,1
43,2,2,0,0,0,0,34,1,0,0,0,0,0,1
36,2,0,0,0,0,0,27,1,0,0,0,0,0,1
22,1,0,0,0,0,0,14,1,0,0,0,0,0,0
20,1,0,0,0,0,0,12,1,0,0,0,0,0,0
57,2,2,0,0,0,0,16,1,0,0,0,0,0,1
42,2,0,0,0,0,0,33,1,0,0,0,0,0,1
175,2,1,0,1,0,3,15,1,0,0,0,0,0,1
71,3,1,0,0,0,0,43,1,0,0,0,0,0,1
37,1,0,0,0,0,0,18,1,0,0,0,0,0,1
430,9,0,0,1,0,0,104,1,0,0,0,0,0,1
16,1,0,0,0,0,0,8,1,0,0,0,0,0,0
32,2,1,0,0,0,0,25,0,0,0,0,0,0,1
23,2,0,0,0,0,0,8,1,0,0,0,0,0,1
19,1,0,0,0,0,0,11,1,0,0,0,0,0,0
30,2,0,0,0,0,0,21,1,0,0,0,0,0,1
109,3,2,0,1,0,2,15,1,0,0,0,0,0,1
17,1,0,0,0,0,0,9,1,0,0,0,0,0,0
20,1,0,0,0,0,0,12,1,0,0,0,0,0,0
18,1,0,0,0,0,0,10,1,0,0,0,0,0,0
19,1,0,0,0,0,0,11,1,0,0,0,0,0,0
27,1,0,0,0,0,0,19,1,0,0,0,0,0,0
33,2,0,0,0,0,0,24,1,0,0,0,0,0,1
22,1,0,0,0,0,0,6,1,0,0,0,0,0,1
21,1,0,0,0,0,0,13,1,0,0,0,0,0,0
19,1,0,0,0,0,0,11,1,0,0,0,0,0,0
204,3,5,0,1,0,1,26,1,0,0,0,0,0,1
42,2,2,0,0,0,0,33,1,0,0,0,0,0,1
23,2,0,0,0,0,0,8,1,0,0,0,0,0,1
17,1,0,0,0,0,0,9,1,0,0,0,0,0,0
27,1,0,0,0,0,0,11,1,0,0,0,0,0,1
36,1,0,0,0,0,1,10,1,0,0,0,0,0,1
22,1,0,0,0,0,0,7,1,0,0,0,0,0,1
18,1,0,0,0,0,0,10,1,0,0,0,0,0,0
32,1,1,0,0,0,0,7,1,0,0,0,0,0,1
17,1,0,0,0,0,0,9,1,0,0,0,0,0,0
32,1,1,0,0,0,0,24,1,0,0,0,0,0,0
17,1,0,0,0,0,0,9,1,0,0,0,0,0,0
18,1,0,0,0,0,0,10,1,0,0,0,0,0,0
16,1,0,0,0,0,0,8,1,0,0,0,0,0,0
33,2,0,0,0,0,0,12,1,0,0,0,0,0,1
17,1,0,0,0,0,0,9,1,0,0,0,0,0,0
16,1,0,0,0,0,0,8,1,0,0,0,0,0,0
46,3,1,0,0,0,0,22,1,0,0,0,0,0,1
175,2,1,0,1,0,3,15,1,0,0,0,0,0,1
23,2,0,0,0,0,0,8,1,0,0,0,0,0,1
40,2,0,0,0,0,0,31,1,0,0,0,0,0,1
22,1,0,0,0,0,0,14,1,0,0,0,0,0,0
19,1,0,0,0,0,0,11,1,0,0,0,0,0,0
107,3,1,0,1,0,2,15,1,0,0,0,0,0,1
22,1,0,0,0,0,0,14,1,0,0,0,0,0,0
27,2,0,0,0,0,0,18,1,0,0,0,0,0,1
175,2,5,0,1,0,3,15,1,0,0,0,0,0,1
21,1,0,0,0,0,0,13,1,0,0,0,0,0,0
17,1,0,0,0,0,0,9,1,0,0,0,0,0,0
26,1,0,0,0,0,0,18,1,0,0,0,0,0,0
35,2,2,0,0,0,0,20,1,0,0,0,0,0,1
22,1,0,0,0,0,0,7,1,0,0,0,0,0,1
21,1,1,0,0,0,0,6,1,0,0,0,0,0,1
51,3,0,0,0,0,0,21,1,0,0,0,0,0,1
20,1,0,0,0,0,0,12,1,0,0,0,0,0,0
41,2,2,0,0,0,0,23,1,0,0,0,0,0,1
16,1,0,0,0,0,0,8,1,0,0,0,0,0,0
22,1,0,0,0,0,0,14,1,0,0,0,0,0,0
23,2,0,0,0,0,0,8,1,0,0,0,0,0,1
21,1,1,0,0,0,0,13,1,0,0,0,0,0,0
21,1,0,0,0,0,0,13,1,0,0,0,0,0,0
53,1,0,0,0,0,0,13,1,0,0,0,0,0,1
22,1,0,0,0,0,0,14,1,0,0,0,0,0,0
21,2,0,0,0,0,0,13,1,0,0,0,0,0,0
31,2,1,0,0,0,0,24,0,0,0,0,0,0,1
23,1,0,0,0,0,0,15,1,0,0,0,0,0,0
34,1,0,0,0,0,0,18,1,0,0,0,0,0,1
40,2,0,0,0,0,0,21,1,0,0,0,0,0,1
19,1,0,0,0,0,0,11,1,0,0,0,0,0,0
22,1,0,0,0,0,0,6,1,0,0,0,0,0,1
60,2,1,0,0,0,0,51,1,0,0,0,0,0,1
20,1,0,0,0,0,0,12,1,0,0,0,0,0,0
24,2,0,0,0,0,0,15,1,0,0,0,0,0,1
21,1,0,0,0,0,0,13,1,0,0,0,0,0,0
21,1,1,0,0,0,0,6,1,0,0,0,0,0,1
14,1,0,0,0,0,0,6,1,0,0,0,0,0,0
20,1,0,0,0,0,0,6,1,0,0,0,0,0,1
38,2,2,0,0,0,0,29,1,0,0,0,0,0,1
22,1,0,0,0,0,0,14,1,0,0,0,0,0,0
16,1,0,0,0,0,0,8,1,0,0,0,0,0,0
18,1,0,0,0,0,0,10,1,0,0,0,0,0,0
20,1,0,0,0,0,0,12,1,0,0,0,0,0,0
20,1,0,0,0,0,0,12,1,0,0,0,0,0,1
24,1,0,0,0,0,0,16,1,0,0,0,0,0,0
17,1,0,0,0,0,0,9,1,0,0,0,0,0,0
16,1,0,0,0,0,0,8,1,0,0,0,0,0,0
28,2,1,0,0,0,0,19,1,0,0,0,0,0,1
23,2,0,0,0,0,0,8,1,0,0,0,0,0,1
36,2,1,0,0,0,0,28,0,0,0,0,0,0,1
22,1,0,0,0,0,0,7,1,0,0,0,0,0,1
39,2,0,0,0,0,0,30,1,0,0,0,0,0,1
34,2,0,0,0,0,0,25,1,0,0,0,0,0,1
21,1,0,0,0,0,0,13,1,0,0,0,0,0,0
31,2,0,0,0,0,0,22,1,0,0,0,0,0,1
18,1,0,0,0,0,0,10,1,0,0,0,0,0,0
94,2,1,0,0,0,0,21,1,0,0,0,0,0,1
44,2,2,0,0,0,0,35,1,0,0,0,0,0,1
22,1,0,0,0,0,0,7,1,0,0,0,0,0,1
175,2,2,0,1,0,3,15,1,0,0,0,0,0,1
14,1,0,0,0,0,0,6,1,0,0,0,0,0,0
42,3,0,0,1,0,1,7,1,0,0,0,0,0,1
61,3,1,0,0,0,0,43,1,0,0,0,0,0,1
31,1,2,0,0,0,0,22,1,0,0,0,0,0,1
23,2,0,0,0,0,0,8,1,0,0,0,0,0,1
18,1,0,0,0,0,0,10,1,0,0,0,0,0,0
26,1,2,0,0,0,0,18,1,0,0,0,0,0,0
31,1,1,0,0,0,0,6,1,0,0,0,0,0,1
66,3,1,0,0,1,0,43,1,0,0,0,0,0,1
23,2,0,0,0,0,0,8,1,0,0,0,0,0,1
24,1,0,0,0,0,0,9,1,0,1,0,0,0,1
15,1,0,0,0,0,0,7,1,0,0,0,0,0,0
17,1,0,0,0,0,0,9,1,0,0,0,0,0,0
19,1,0,0,0,0,0,11,1,0,0,0,0,0,0
23,2,0,0,0,0,0,8,1,0,0,0,0,0,1
22,1,0,0,0,0,0,14,1,0,0,0,0,0,0
33,2,0,0,0,0,0,24,1,0,0,0,0,0,1
109,4,0,0,1,0,3,15,1,0,1,0,0,0,1
71,2,1,0,0,0,1,19,1,0,0,0,0,0,1
17,1,0,0,0,0,0,9,1,0,0,0,0,0,0
39,2,0,0,1,0,1,26,1,0,0,0,0,0,1
15,1,0,0,0,0,0,7,1,0,0,0,0,0,0
21,1,0,0,0,0,0,13,1,0,0,0,0,0,0
21,1,0,0,0,0,0,13,1,0,0,0,0,0,0
14,1,0,0,0,0,0,6,1,0,0,0,0,0,0
17,1,0,0,0,0,0,9,1,0,0,0,0,0,0
38,1,0,0,0,0,0,7,1,0,0,0,0,0,1
23,1,0,0,0,0,0,15,1,0,0,0,0,0,0
166,2,2,0,1,0,3,15,1,0,0,0,0,0,1
48,2,2,0,0,0,0,39,1,0,0,0,0,0,1
44,2,1,0,0,0,0,35,1,0,0,0,0,0,1
14,1,0,0,0,0,0,6,1,0,0,0,0,0,0
17,1,0,0,0,0,0,9,1,0,0,0,0,0,0
21,1,0,0,0,0,0,13,1,0,0,0,0,0,0
47,2,0,0,0,0,0,38,1,0,0,0,0,0,1
22,1,0,0,0,0,0,7,1,0,0,0,0,0,1
43,2,0,0,0,0,0,34,1,0,0,0,0,0,1
175,2,3,0,1,0,3,15,1,0,0,0,0,0,1
20,2,0,0,0,0,0,12,1,0,0,0,0,0,0
43,2,1,0,0,0,0,25,1,0,0,0,0,0,1
19,1,0,0,0,0,0,11,1,0,0,0,0,0,0
20,1,0,0,0,0,0,12,1,0,0,0,0,0,0
18,1,0,0,0,0,0,10,1,0,0,0,0,0,0
20,1,0,0,0,0,0,12,1,0,0,0,0,0,0
27,1,0,0,0,0,0,19,1,0,0,0,0,0,0
18,1,1,0,0,0,0,10,1,0,0,0,0,0,0
19,1,0,0,0,0,0,11,1,0,0,0,0,0,0
24,1,2,0,0,0,0,16,1,0,0,0,0,0,0
19,1,0,0,0,0,0,11,1,0,0,0,0,0,0
24,2,0,0,0,0,0,15,1,0,0,0,0,0,1
17,1,0,0,0,0,0,9,1,0,0,0,0,0,0
22,1,0,0,0,0,0,7,1,0,0,0,0,0,1
27,1,1,0,0,0,0,19,1,0,0,0,0,0,0
17,1,0,0,0,0,0,9,1,0,0,0,0,0,0
751,5,4,1,1,0,9,34,1,0,0,0,0,0,1
25,1,0,0,0,0,0,17,1,0,0,0,0,0,0
17,1,0,0,0,0,0,9,1,0,0,0,0,0,0
49,2,2,0,0,0,0,40,1,0,0,0,0,0,1
190,3,4,0,1,0,4,15,1,0,0,0,0,0,1
34,2,0,0,0,0,0,25,1,0,0,0,0,0,1
50,3,0,0,0,0,0,30,1,0,0,0,0,0,1
41,2,1,0,0,0,0,32,1,0,0,0,0,0,1
18,1,0,0,0,0,0,10,1,0,0,0,0,0,0
17,1,0,0,0,0,0,9,1,0,0,0,0,0,0
19,1,0,0,0,0,0,11,1,0,0,0,0,0,0
131,2,2,0,0,0,0,15,1,0,0,0,0,0,1
22,1,0,0,0,0,0,6,1,0,0,0,0,0,1
21,1,0,0,0,0,0,13,1,0,0,0,0,0,0
20,1,0,0,0,0,0,12,1,0,0,0,0,0,0
35,1,0,0,0,0,0,9,1,0,0,0,0,0,1
23,2,0,0,0,0,0,8,1,0,0,0,0,0,1
94,2,1,0,0,0,0,21,1,0,0,0,0,0,1
30,2,0,0,0,0,0,22,0,0,0,0,0,0,1
17,1,0,0,0,0,0,9,1,0,0,0,0,0,0
19,1,0,0,0,0,0,11,1,0,0,0,0,0,0
51,3,0,0,0,0,0,21,1,0,0,0,0,0,1
29,2,1,0,0,0,0,17,1,0,0,0,0,0,1
35,2,0,0,0,0,0,26,1,0,0,0,0,0,1
13,1,0,0,0,0,0,5,1,0,0,0,0,0,0
17,1,0,0,0,0,0,9,1,0,0,0,0,0,0
23,1,0,0,0,0,0,15,1,0,0,0,0,0,0
20,1,0,0,0,0,0,12,1,0,0,0,0,0,0
22,1,0,0,0,0,0,7,1,0,0,0,0,0,1
22,1,0,0,0,0,0,14,1,0,0,0,0,0,0
20,1,0,0,0,0,0,12,1,0,0,0,0,0,0
19,1,0,0,0,0,0,11,1,0,0,0,0,0,0
19,1,0,0,0,0,0,11,1,0,0,0,0,0,0
20,1,0,0,0,0,0,12,1,0,0,0,0,0,0
36,2,0,0,0,0,0,27,1,0,0,0,0,0,1
22,1,0,0,0,0,0,14,1,0,0,0,0,0,0
48,2,2,0,0,0,0,30,1,0,0,0,0,0,1
16,1,0,0,0,0,0,8,1,0,0,0,0,0,0
21,1,1,0,0,0,0,13,1,0,0,0,0,0,0
18,1,0,0,0,0,0,10,1,0,0,0,0,0,0
22,1,0,0,0,0,0,6,1,0,0,0,0,0,1
40,2,0,0,0,0,0,31,1,0,0,0,0,0,1
175,2,1,0,1,0,3,15,1,0,0,0,0,0,1
23,1,0,0,0,0,0,15,1,0,0,0,0,0,0
22,1,0,0,0,0,0,14,1,0,0,0,0,0,0
18,1,0,0,0,0,0,10,1,0,0,0,0,0,0
21,1,0,0,0,0,0,13,1,0,0,0,0,0,0
18,1,0,0,0,0,0,10,1,0,0,0,0,0,0
19,1,0,0,0,0,0,11,1,0,0,0,0,0,0
175,2,2,0,1,0,3,15,1,0,0,0,0,0,1
20,1,0,0,0,0,0,11,1,0,0,0,0,0,1
21,1,1,0,0,0,0,6,1,0,0,0,0,0,1
19,1,0,0,0,0,0,11,1,0,0,0,0,0,0
67,2,0,0,0,0,0,40,1,0,0,0,0,0,1
14,1,0,0,0,0,0,6,1,0,0,0,0,0,0
35,2,0,0,0,0,0,26,1,0,0,0,0,0,1
24,1,1,0,0,0,0,16,1,0,0,0,0,0,0
28,1,1,0,0,0,0,20,1,0,0,0,0,0,0
22,1,0,0,0,0,0,6,1,0,0,0,0,0,1
22,1,0,0,0,0,0,7,1,0,0,0,0,0,1
195,3,14,0,0,0,0,31,1,0,1,0,0,0,1
23,1,0,0,0,0,0,15,1,0,0,0,0,0,0
19,1,0,0,0,0,0,11,1,0,0,0,0,0,0
32,1,1,0,0,0,0,24,1,0,0,0,0,0,0
19,1,0,0,0,0,0,11,1,0,0,0,0,0,0
36,2,2,0,0,0,0,27,1,0,0,0,0,0,1
51,3,0,0,0,0,0,21,1,0,0,0,0,0,1
16,1,0,0,0,0,0,8,1,0,0,0,0,0,0
24,1,0,0,0,0,0,16,1,0,0,0,0,0,0
43,1,0,0,0,0,0,12,1,0,0,0,0,0,1
17,1,0,0,0,0,0,9,1,0,0,0,0,0,0
22,1,0,0,0,0,0,7,1,0,0,0,0,0,1
19,1,0,0,0,0,0,11,1,0,0,0,0,0,0
35,2,0,0,0,0,0,26,1,0,0,0,0,0,1
39,2,2,0,0,0,0,21,1,0,0,0,0,0,1
22,1,0,0,0,0,0,14,1,0,0,0,0,0,0
22,1,0,0,0,0,0,14,1,0,0,0,0,0,0
83,2,2,0,0,0,0,15,1,0,0,0,0,0,1
17,1,0,0,0,0,0,9,1,0,0,0,0,0,0
129,2,0,0,1,0,10,15,1,0,0,0,0,0,1
46,2,2,0,0,0,0,37,1,0,0,0,0,0,1
17,1,0,0,0,0,0,9,1,0,0,0,0,0,0
71,3,1,0,0,0,0,43,1,0,0,0,0,0,1
22,1,0,0,0,0,0,7,1,0,0,0,0,0,1
54,3,1,1,0,0,0,31,1,0,0,0,0,0,1
21,1,1,0,0,0,0,6,1,0,0,0,0,0,1
21,1,0,0,0,0,0,13,1,0,0,0,0,0,0
19,1,0,0,0,0,0,11,1,0,0,0,0,0,0
21,1,0,0,0,0,0,13,1,0,0,0,0,0,0
19,1,0,0,0,0,0,11,1,0,0,0,0,0,0
175,2,1,0,1,0,3,15,1,0,0,0,0,0,1
18,1,0,0,0,0,0,10,1,0,0,0,0,0,0
31,1,0,0,0,0,0,12,1,0,0,0,0,0,1
27,2,0,0,0,0,0,18,1,0,0,0,0,0,1
19,2,0,0,0,0,0,11,1,0,0,0,0,0,0
23,1,0,0,0,0,0,8,1,0,0,0,0,0,1
17,1,0,0,0,0,0,9,1,0,0,0,0,0,0
44,2,2,0,0,0,0,35,1,0,0,0,0,0,1
31,2,0,0,0,0,0,22,1,0,0,0,0,0,1
18,2,0,0,0,0,0,10,1,0,0,0,0,0,0
39,2,0,0,0,0,0,15,1,0,0,0,0,0,1
18,1,0,0,0,0,0,10,1,0,0,0,0,0,0
62,3,1,0,0,0,0,43,1,0,0,0,0,0,1
25,1,0,0,0,0,0,17,1,0,0,0,0,0,0
21,1,0,0,0,0,0,13,1,0,0,0,0,0,0
52,2,0,0,0,0,0,43,1,0,1,0,0,0,1
343,6,13,0,1,19,1,15,1,0,1,0,1,0,1
18,1,0,0,0,0,0,10,1,0,0,0,0,0,0
35,2,0,0,0,0,0,26,1,0,0,0,0,0,1
22,1,0,0,0,0,0,6,1,0,0,0,0,0,1
36,3,0,0,0,0,0,14,0,0,0,0,0,0,1
19,1,0,0,0,0,0,11,1,0,0,0,0,0,0
20,1,0,0,0,0,0,12,1,0,0,0,0,0,0
26,2,0,0,0,0,0,18,1,0,0,0,0,0,0
45,2,5,0,0,0,0,37,0,0,0,0,0,0,1
44,2,2,0,0,0,0,35,1,0,0,0,0,0,1
24,1,0,0,0,0,0,16,1,0,0,0,0,0,0
60,3,1,0,0,0,0,43,1,0,0,0,0,0,1
18,1,0,0,0,0,0,10,1,0,0,0,0,0,0
14,1,0,0,0,0,0,6,1,0,0,0,0,0,0
24,2,0,0,0,0,0,15,1,0,0,0,0,0,1
25,2,1,0,0,0,0,16,1,0,0,0,0,0,1
17,1,0,0,0,0,0,9,1,0,0,0,0,0,0
29,1,0,0,0,0,0,21,1,0,0,0,0,0,0
40,2,0,0,0,0,0,33,0,0,0,0,0,0,1
207,9,10,0,0,3,1,32,1,0,0,0,0,0,1
16,1,0,0,0,0,0,8,1,0,0,0,0,0,0
27,2,2,0,0,0,0,18,1,0,0,0,0,0,1
22,1,0,0,0,0,0,14,1,0,0,0,0,0,0
39,2,1,0,0,0,0,30,1,0,0,0,0,0,1
15,1,0,0,0,0,0,7,1,0,0,0,0,0,0
22,1,0,0,0,0,0,14,1,0,0,0,0,0,0
17,1,0,0,0,0,0,9,1,0,0,0,0,0,0
18,1,0,0,0,0,0,10,1,0,0,0,0,0,0
27,1,0,0,0,0,0,19,1,0,0,0,0,0,0
20,1,0,0,0,0,0,12,1,0,0,0,0,0,0
28,1,0,0,0,0,0,11,1,0,0,0,0,0,1
67,1,0,0,0,0,0,7,1,0,0,0,0,0,1
21,1,1,0,0,0,0,6,1,0,0,0,0,0,1
18,1,0,0,0,0,0,10,1,0,0,0,0,0,0
14,1,0,0,0,0,0,6,1,0,0,0,0,0,0
39,2,2,0,0,0,0,21,1,0,0,0,0,0,1
19,1,0,0,0,0,0,11,1,0,0,0,0,0,0
18,1,0,0,0,0,0,10,1,0,0,0,0,0,0
16,1,0,0,0,0,0,8,1,0,0,0,0,0,0
19,1,0,0,0,0,0,11,1,0,0,0,0,0,0
15,1,0,0,0,0,0,7,1,0,0,0,0,0,0
26,1,1,0,0,0,0,11,1,0,0,0,0,0,1
35,2,0,0,0,0,0,18,1,0,0,0,0,0,1
15,1,0,0,0,0,0,7,1,0,0,0,0,0,0
19,1,0,0,0,0,0,11,1,0,0,0,0,0,0
20,1,0,0,0,0,0,12,1,0,0,0,0,0,0
26,2,0,0,0,0,0,15,1,0,0,0,0,0,1
18,1,0,0,0,0,0,10,1,0,0,0,0,0,0
23,2,0,0,0,0,0,8,1,0,0,0,0,0,1
51,3,0,0,0,0,0,21,1,0,0,0,0,0,1
175,2,5,0,1,0,3,15,1,0,0,0,0,0,1
20,2,0,0,0,0,0,11,1,0,0,0,0,0,1
47,2,2,0,0,0,0,39,0,0,0,0,0,0,1
20,1,0,0,0,0,0,12,1,0,0,0,0,0,0
175,2,1,0,1,0,3,15,1,0,0,0,0,0,1
22,1,0,0,0,0,0,7,1,0,0,0,0,0,1
48,2,1,0,0,0,0,32,1,0,0,0,0,0,1
14,1,0,0,0,0,0,6,1,0,0,0,0,0,0
21,1,1,0,0,0,0,6,1,0,0,0,0,0,1
19,1,0,0,0,0,0,11,1,0,0,0,0,0,0
21,1,1,0,0,0,0,13,1,0,0,0,0,0,0
19,2,0,0,0,0,0,11,1,0,0,0,0,0,0
18,1,0,0,0,0,0,10,1,0,0,0,0,0,0
38,1,3,0,0,0,0,30,1,0,0,0,0,0,0
18,1,1,0,0,0,0,10,1,0,0,0,0,0,0
18,1,0,0,0,0,0,10,1,0,0,0,0,0,0
20,1,0,0,0,0,0,12,1,0,0,0,0,0,0
21,1,1,0,0,0,0,6,1,0,0,0,0,0,1
22,1,0,0,0,0,0,7,1,0,0,0,0,0,1
21,1,0,0,0,0,0,13,1,0,0,0,0,0,0
16,1,0,0,0,0,0,8,1,0,0,0,0,0,0
25,1,0,0,0,0,0,17,1,0,0,0,0,0,0
23,2,0,0,0,0,0,8,1,0,0,0,0,0,1
23,1,0,0,0,0,0,15,1,0,0,0,0,0,0
22,1,0,0,0,0,0,7,1,0,0,0,0,0,1
29,1,0,0,0,0,0,21,1,0,0,0,0,0,0
26,1,0,0,0,0,0,18,1,0,0,0,0,0,0
22,1,0,0,0,0,0,14,1,0,0,0,0,0,0
23,2,0,0,0,0,0,8,1,0,0,0,0,0,1
22,1,0,0,0,0,0,14,1,0,0,0,0,0,0
22,1,1,0,0,0,0,14,1,0,0,0,0,0,0
16,1,0,0,0,0,0,8,1,0,0,0,0,0,0
62,2,0,0,1,0,1,16,1,0,0,0,0,0,1
44,3,0,0,1,0,1,7,1,0,0,0,0,0,1
19,1,0,0,0,0,0,11,1,0,0,0,0,0,0
108,3,1,0,1,0,2,15,1,0,0,0,0,0,1
35,2,1,0,0,0,0,26,1,0,0,0,0,0,1
20,1,0,0,0,0,0,12,1,0,0,0,0,0,0
19,1,0,0,0,0,0,11,1,0,0,0,0,0,0
49,2,0,0,0,0,0,10,1,0,0,0,0,0,1
114,2,1,0,0,0,0,17,1,0,0,0,0,0,1
22,1,0,0,0,0,0,7,1,0,0,0,0,0,1
16,1,0,0,0,0,0,8,1,0,0,0,0,0,0
25,1,0,0,0,0,0,17,1,0,0,0,0,0,0
62,3,1,0,0,0,0,43,1,0,0,0,0,0,1
19,1,0,0,0,0,0,11,1,0,0,0,0,0,0
190,3,3,0,1,0,4,15,1,0,0,0,0,0,1
23,1,1,0,0,0,0,15,1,0,0,0,0,0,0
25,1,0,0,0,0,0,17,1,0,0,0,0,0,0
21,1,1,0,0,0,0,6,1,0,0,0,0,0,1
18,1,0,0,0,0,0,10,1,0,0,0,0,0,0
23,2,0,0,0,0,0,15,1,0,0,0,0,0,0
15,1,0,0,0,0,0,7,1,0,0,0,0,0,0
51,3,0,0,0,0,0,21,1,0,0,0,0,0,1
40,2,0,0,0,0,0,31,1,0,0,0,0,0,1
23,2,0,0,0,0,0,8,1,0,0,0,0,0,1
59,2,1,0,0,0,0,21,1,0,0,0,0,0,1
18,1,0,0,0,0,0,10,1,0,0,0,0,0,0
21,1,0,0,0,0,0,13,1,0,0,0,0,0,0
21,1,1,0,0,0,0,6,1,0,0,0,0,0,1
16,1,0,0,0,0,0,8,1,0,0,0,0,0,0
15,1,0,0,0,0,0,7,1,0,0,0,0,0,0
22,1,0,0,0,0,0,6,1,0,0,0,0,0,1
83,3,0,0,0,0,0,74,1,0,0,0,0,0,1
33,2,0,0,0,0,0,24,1,0,0,0,0,0,1
22,1,0,0,0,0,0,7,1,0,0,0,0,0,1
45,3,1,0,0,0,0,15,1,0,0,0,0,0,1
28,1,0,0,0,0,0,11,1,0,0,0,0,0,1
21,1,0,0,0,0,0,13,1,0,0,0,0,0,0
15,1,0,0,0,0,0,7,1,0,0,0,0,0,0
18,1,0,0,0,0,0,10,1,0,0,0,0,0,0
17,1,0,0,0,0,0,9,1,0,0,0,0,0,0
18,1,0,0,0,0,0,10,1,0,0,0,0,0,0
23,2,0,0,0,0,0,8,1,0,0,0,0,0,1
21,1,0,0,0,0,0,13,1,0,0,0,0,0,0
16,1,0,0,0,0,0,8,1,0,0,0,0,0,0
62,3,1,0,0,0,0,43,1,0,0,0,0,0,1
68,3,4,0,1,0,1,11,1,0,0,0,0,0,1
19,1,0,0,0,0,0,11,1,0,0,0,0,0,0
20,1,0,0,0,0,0,12,1,0,0,1,0,0,0
15,1,0,0,0,0,0,7,1,0,0,0,0,0,0
18,1,0,0,0,0,0,10,1,0,0,0,0,0,0
48,2,1,0,0,0,0,16,1,0,0,0,0,0,1
175,2,1,0,1,0,3,15,1,0,0,0,0,0,1
175,2,4,0,1,0,3,15,1,0,0,0,0,0,1
76,2,1,0,1,0,2,25,1,0,0,0,0,0,1
24,1,0,0,0,0,0,16,1,0,0,0,0,0,0
35,1,1,0,0,0,0,10,1,0,0,0,0,0,1
36,2,1,0,0,0,0,20,1,0,0,0,0,0,1
22,1,0,0,0,0,0,14,1,0,0,0,0,0,0
116,5,2,0,2,6,3,6,1,0,0,0,0,0,1
27,1,0,0,0,0,0,19,1,0,0,0,0,0,0
30,2,0,0,0,0,0,21,1,0,0,0,0,0,1
20,1,0,0,0,0,0,12,1,0,0,0,0,0,0
40,2,1,0,0,0,0,31,1,0,0,0,0,0,1
57,2,1,0,0,0,0,32,1,0,0,0,0,0,1
20,1,0,0,0,0,0,12,1,0,0,0,0,0,0
22,1,0,0,0,0,0,6,1,0,0,0,0,0,1
84,2,0,0,0,0,0,15,1,0,0,0,0,0,1
38,2,0,0,0,0,0,29,1,0,0,0,0,0,1
59,2,3,0,0,0,0,21,1,0,0,0,0,0,1
18,1,0,0,0,0,0,10,1,0,0,0,0,0,0
21,1,0,0,0,0,0,13,1,0,0,0,0,0,0
18,1,0,0,0,0,0,10,1,0,0,0,0,0,0
26,2,0,0,0,0,0,17,1,0,0,0,0,0,1
30,1,1,0,0,0,0,10,1,0,0,0,0,0,1
56,1,2,0,0,0,0,12,1,0,0,0,0,0,1
23,2,0,0,0,0,0,8,1,0,0,0,0,0,1
21,2,0,0,0,0,0,13,1,0,0,0,0,0,0
32,2,0,0,0,0,0,23,1,0,0,0,0,0,1
14,1,0,0,0,0,0,6,1,0,0,0,0,0,0
21,1,0,0,0,0,0,13,1,0,0,0,0,0,0
16,1,0,0,0,0,0,8,1,0,0,0,0,0,0
43,1,0,0,0,0,0,12,1,0,0,0,0,0,1
21,1,0,0,0,0,0,13,1,0,0,0,0,0,0
18,1,0,0,0,0,0,10,1,0,0,0,0,0,0
21,1,1,0,0,0,0,6,1,0,0,0,0,0,1
46,1,0,0,0,0,0,30,1,0,0,0,0,0,1
35,2,1,0,0,0,0,26,1,0,0,0,0,0,1
24,1,0,0,0,0,0,16,1,0,0,0,0,0,0
22,1,0,0,0,0,0,14,1,0,0,0,0,0,0
28,2,0,0,0,0,0,19,1,0,0,0,0,0,1
22,1,0,0,0,0,0,7,1,0,0,0,0,0,1
20,1,0,0,0,0,0,12,1,0,0,0,0,0,0
20,2,0,0,0,0,0,12,1,0,0,0,0,0,0
12,1,0,0,0,0,0,4,1,0,0,0,0,0,0
20,1,0,0,0,0,0,12,1,0,0,0,0,0,0
16,1,0,0,0,0,0,8,1,0,0,0,0,0,0
42,2,0,0,0,0,0,17,1,0,0,0,0,0,1
16,1,0,0,0,0,0,8,1,0,0,0,0,0,0
27,1,0,0,0,0,0,12,1,0,0,0,0,0,1
19,1,0,0,0,0,0,11,1,0,0,0,0,0,0
17,1,0,0,0,0,0,8,1,0,0,0,0,0,1
94,2,1,0,0,0,0,21,1,0,0,0,0,0,1
41,2,0,0,0,0,0,10,1,0,0,0,0,0,1
20,1,0,0,0,0,0,12,1,0,0,0,0,0,0
39,2,0,0,0,0,0,31,1,0,0,0,0,0,1
23,1,0,0,0,0,0,16,0,0,0,0,0,0,1
62,3,1,0,0,0,0,43,1,0,0,0,0,0,1
17,1,0,0,0,0,0,9,1,0,0,0,0,0,0
19,1,0,0,0,0,0,11,1,0,0,0,0,0,0
16,1,0,0,0,0,0,8,1,0,0,0,0,0,0
67,1,0,0,0,0,0,7,1,0,0,0,0,0,1
14,1,0,0,0,0,0,6,1,0,0,0,0,0,0
131,2,1,0,1,0,3,15,1,0,0,0,0,0,1
21,1,0,0,0,0,0,13,1,0,0,0,0,0,0
26,1,1,0,0,0,0,18,1,0,0,0,0,0,0
35,2,1,0,0,0,0,28,0,0,0,0,0,0,1
21,1,0,0,0,0,0,13,1,0,0,0,0,0,0
24,1,0,0,0,0,0,16,1,0,0,0,0,0,0
53,3,0,0,0,0,0,19,1,0,0,0,0,0,1
86,6,3,1,1,0,1,41,1,0,0,0,0,0,1
13,1,0,0,0,0,0,5,1,0,0,0,0,0,0
22,1,0,0,0,0,0,14,1,0,0,0,0,0,0
18,1,0,0,0,0,0,10,1,0,0,0,0,0,0
21,1,1,0,0,0,0,6,1,0,0,0,0,0,1
20,1,0,0,0,0,0,12,1,0,0,0,0,0,0
22,1,0,0,0,0,0,6,1,0,0,0,0,0,1
19,1,0,0,0,0,0,11,1,0,0,0,0,0,0
33,2,1,0,0,0,0,20,1,0,0,0,0,0,1
61,3,1,0,0,0,0,43,0,0,0,0,0,0,1
40,2,0,0,0,0,0,24,1,0,0,0,0,0,1
18,1,0,0,0,0,0,10,1,0,0,0,0,0,0
21,1,0,0,0,0,0,13,0,0,0,0,0,0,1
15,1,0,0,0,0,0,7,1,0,0,0,0,0,0
31,2,0,0,0,0,0,22,1,0,0,0,0,0,1
22,1,0,0,0,0,0,14,1,0,0,0,0,0,0
54,2,0,0,1,0,1,13,1,0,1,0,0,0,1
19,1,0,0,0,0,0,11,1,0,0,0,0,0,0
25,2,0,0,0,0,0,17,1,0,0,0,0,0,1
19,1,0,0,0,0,0,11,1,0,0,0,0,0,0
23,1,0,0,0,0,0,15,1,0,0,0,0,0,0
23,2,0,0,0,0,0,8,1,0,0,0,0,0,1
116,4,4,0,0,0,0,47,1,0,0,0,0,0,1
24,1,0,0,0,0,0,16,1,0,0,0,0,0,0
25,1,0,0,0,0,0,17,1,0,0,1,0,0,0
18,1,0,0,0,0,0,10,1,0,0,0,0,0,0
35,1,0,0,0,0,0,9,1,0,0,0,0,0,1
22,1,0,0,0,0,0,14,1,0,0,0,0,0,0
21,1,0,0,0,0,0,13,1,0,0,0,0,0,0
65,6,0,0,1,0,0,18,1,0,0,0,0,0,1
51,3,0,0,0,0,0,21,1,0,0,0,0,0,1
26,2,0,0,0,0,0,17,1,0,0,0,0,0,1
190,3,3,0,1,0,4,15,1,0,0,0,0,0,1
52,2,1,0,0,0,0,15,1,0,0,0,0,0,1
39,2,2,0,0,0,0,30,1,0,0,0,0,0,1
37,2,1,0,0,0,0,30,0,0,0,0,0,0,1
15,1,0,0,0,0,0,7,1,0,0,0,0,0,0
60,2,0,0,0,0,0,16,1,0,0,0,0,0,1
20,1,1,0,0,0,0,12,1,0,0,0,0,0,0
22,1,0,0,0,0,0,7,1,0,0,0,0,0,1
53,2,3,0,0,0,0,44,1,0,0,0,0,0,1
22,1,0,0,0,0,0,6,1,0,0,0,0,0,1
36,2,0,0,0,0,0,27,1,0,0,0,0,0,1
21,1,0,0,0,0,0,13,1,0,0,0,0,0,0
23,2,0,0,0,0,0,8,1,0,0,0,0,0,1
45,2,2,0,0,0,0,36,1,0,0,0,0,0,1
15,1,0,0,0,0,0,7,1,0,0,0,0,0,0
18,1,0,0,0,0,0,10,1,0,0,0,0,0,0
68,3,1,0,0,1,0,43,1,0,0,0,0,0,1
16,1,0,0,0,0,0,8,1,0,0,0,0,0,0
21,1,0,0,0,0,0,13,1,0,0,0,0,0,0
18,2,0,0,0,0,0,10,1,0,0,0,0,0,0
15,1,0,0,0,0,0,7,1,0,0,0,0,0,0
19,1,0,0,0,0,0,11,1,0,0,0,0,0,0
18,1,0,0,0,0,0,10,1,0,0,0,0,0,0
19,1,0,0,0,0,0,11,1,0,0,0,0,0,0
21,1,1,0,0,0,0,6,1,0,0,0,0,0,1
19,2,0,0,0,0,0,11,1,0,0,0,0,0,0
108,5,2,0,1,0,3,39,1,0,0,0,0,0,1
19,1,0,0,0,0,0,11,1,0,0,0,0,0,0
20,1,1,0,0,0,0,7,0,0,0,0,0,0,1
23,2,0,0,0,0,0,8,1,0,0,0,0,0,1
21,1,0,0,0,0,0,13,1,0,0,0,0,0,0
20,1,0,0,0,0,0,12,1,0,0,0,0,0,0
24,1,0,0,0,0,0,16,1,0,0,0,0,0,0
15,1,0,0,0,0,0,7,1,0,0,0,0,0,0
190,3,2,0,1,0,4,15,1,0,0,0,0,0,1
23,1,0,0,0,0,0,15,1,0,0,0,0,0,0
13,1,0,0,0,0,0,5,1,0,0,0,0,0,0
19,2,0,0,0,0,0,11,1,0,0,0,0,0,0
19,1,0,0,0,0,0,11,1,0,0,0,0,0,0
18,1,0,0,0,0,0,10,1,0,0,0,0,0,0
22,1,0,0,0,0,0,7,1,0,0,0,0,0,1
34,2,0,0,0,0,0,25,1,0,0,0,0,0,1
63,2,3,0,0,0,0,16,1,0,0,0,0,0,1
76,2,1,0,1,0,2,25,1,0,0,0,0,0,1
17,2,0,0,0,0,0,9,1,0,0,0,0,0,0
14,1,0,0,0,0,0,6,1,0,0,0,0,0,0
83,3,0,0,0,0,0,74,1,0,0,0,0,0,1
15,1,0,0,0,0,0,7,1,0,0,0,0,0,0
19,1,0,0,0,0,0,11,1,0,0,0,0,0,0
38,2,0,0,0,0,0,29,1,0,0,0,0,0,1
22,1,0,0,0,0,0,14,1,0,0,0,0,0,0
30,1,1,0,0,0,0,21,1,0,0,0,0,0,1
47,2,2,0,0,0,0,14,0,0,0,0,0,0,1
18,1,0,0,0,0,0,10,1,0,0,0,0,0,0
22,2,0,0,0,0,0,14,1,0,0,0,0,0,0
37,1,0,0,1,0,1,7,1,0,0,0,0,0,1
14,1,0,0,0,0,0,6,1,0,0,0,0,0,0
22,1,0,0,0,0,0,6,1,0,0,0,0,0,1
21,2,0,0,0,0,0,13,1,0,0,0,0,0,0
22,1,0,0,0,0,0,6,1,0,0,0,0,0,1
15,1,0,0,0,0,0,7,1,0,0,0,0,0,0
23,2,0,0,0,0,0,8,1,0,0,0,0,0,1
20,1,0,0,0,0,0,12,1,0,0,0,0,0,0
32,2,1,0,0,0,0,23,1,0,0,0,0,0,1
26,1,0,0,0,0,0,18,1,0,0,0,0,0,0
41,2,0,0,0,0,0,32,1,0,0,0,0,0,1
19,1,0,0,0,0,0,11,1,0,0,0,0,0,0
70,2,1,0,0,2,0,16,1,0,0,0,0,0,1
32,1,0,0,0,0,0,6,1,0,1,0,0,0,1
175,2,2,0,1,0,3,15,1,0,0,0,0,0,1
21,1,1,0,0,0,0,6,1,0,0,0,0,0,1
19,1,0,0,0,0,0,11,1,0,0,0,0,0,0
34,2,0,0,0,0,0,25,1,0,0,0,0,0,1
21,1,0,0,0,0,0,13,1,0,0,0,0,0,0
14,1,0,0,0,0,0,6,1,0,0,0,0,0,0
21,1,0,0,0,0,0,13,1,0,0,0,0,0,0
21,2,0,0,0,0,0,13,1,0,0,0,0,0,0
118,1,3,0,0,0,0,14,1,0,0,0,0,0,1
21,1,1,0,0,0,0,13,1,0,0,0,0,0,0
18,1,1,0,0,0,0,10,1,0,0,0,0,0,0
18,1,0,0,0,0,0,10,1,0,0,0,0,0,0
17,1,0,0,0,0,0,9,1,0,0,0,0,0,0
35,2,2,0,0,0,0,26,1,0,1,0,0,0,1
62,3,1,0,0,0,0,43,1,0,0,0,0,0,1
20,2,0,0,0,0,0,12,1,0,0,0,0,0,0
22,1,0,0,0,0,0,14,1,0,0,0,0,0,0
42,2,2,0,0,0,0,33,1,0,0,0,0,0,1
21,1,0,0,0,0,0,13,1,0,0,0,0,0,0
31,2,0,0,0,0,0,22,1,0,0,0,0,0,1
31,1,0,0,0,0,0,23,1,0,0,0,0,0,0
27,1,0,0,0,0,0,6,1,0,0,0,0,0,1
15,1,0,0,0,0,0,7,1,0,0,0,0,0,0
51,3,0,0,0,0,0,21,1,0,0,0,0,0,1
22,1,0,0,0,0,0,7,1,0,0,0,0,0,1
18,1,0,0,0,0,0,10,1,0,0,0,0,0,0
38,2,1,0,0,0,0,29,1,0,0,0,0,0,1
23,1,0,0,0,0,0,15,1,0,0,0,0,0,0
23,1,1,0,0,0,0,15,1,0,0,0,0,0,0
22,1,0,0,0,0,0,14,1,0,0,0,0,0,0
16,1,0,0,0,0,0,8,1,0,0,0,0,0,0
36,2,2,0,0,0,0,27,1,0,0,0,0,0,1
32,1,1,0,0,0,0,10,1,0,0,0,0,0,1
21,1,1,0,0,0,0,6,1,0,0,0,0,0,1
17,1,0,0,0,0,0,9,1,0,0,0,0,0,0
287,1,1,0,0,0,0,20,1,0,0,0,0,0,1
27,2,0,0,0,0,0,18,1,0,0,0,0,0,1
19,1,0,0,0,0,0,11,1,0,0,0,0,0,0
17,1,0,0,0,0,0,9,1,0,0,0,0,0,0
76,2,1,0,1,0,2,25,1,0,0,0,0,0,1
24,1,0,0,0,0,0,16,1,0,0,0,0,0,0
17,1,0,0,0,0,0,9,1,0,0,0,1,0,0
31,1,0,0,0,0,0,23,1,0,0,0,0,0,0
23,2,0,0,0,0,0,8,1,0,0,0,0,0,1
18,1,0,0,0,0,0,10,1,0,0,0,0,0,0
15,1,0,0,0,0,0,7,1,0,0,0,0,0,0
62,3,1,0,0,0,0,43,1,0,0,0,0,0,1
23,1,1,0,0,0,0,15,1,0,0,0,0,0,0
32,2,2,0,0,0,0,23,1,0,0,0,0,0,1
22,1,0,0,0,0,0,7,1,0,0,0,0,0,1
21,2,0,0,0,0,0,13,1,0,0,0,0,0,0
21,1,0,0,0,0,0,13,1,0,0,0,0,0,0
19,1,0,0,0,0,0,11,1,0,0,0,0,0,0
15,1,0,0,0,0,0,7,1,0,0,0,0,0,0
17,2,0,0,0,0,0,9,1,0,0,0,0,0,0
24,1,0,0,0,0,0,16,1,0,0,0,0,0,0
39,2,0,0,0,0,0,15,1,0,0,0,0,0,1
22,2,0,0,0,0,0,14,1,0,0,0,0,0,0
17,1,0,0,0,0,0,9,1,0,0,0,0,0,0
23,2,0,0,0,0,0,8,1,0,0,0,0,0,1
44,2,1,0,0,0,0,35,1,0,0,0,0,0,1
23,1,0,0,0,0,0,15,1,0,0,0,0,0,0
20,1,0,0,0,0,0,12,1,0,0,0,0,0,0
66,3,0,0,1,0,1,24,1,0,0,0,0,0,1
22,1,0,0,0,0,0,6,1,0,0,0,0,0,1
21,1,1,0,0,0,0,6,1,0,0,0,0,0,1
22,1,1,0,0,0,0,14,1,0,0,0,0,0,0
21,1,1,0,0,0,0,13,1,0,0,0,0,0,0
23,1,0,0,0,0,0,15,1,0,0,0,0,0,0
78,1,8,0,0,0,0,12,1,0,0,0,0,0,1
36,2,0,0,1,0,1,24,0,0,0,0,0,0,1
39,2,0,0,0,0,0,30,1,0,0,0,0,0,1
22,1,0,0,0,0,0,7,1,0,0,0,0,0,1
23,2,0,0,0,0,0,8,1,0,0,0,0,0,1
241,2,0,0,1,2,2,28,1,0,0,0,0,0,1
24,1,0,0,0,0,0,16,1,0,0,0,0,0,0
20,1,1,0,0,0,0,12,1,0,0,0,0,0,0
14,1,0,0,0,0,0,6,1,0,0,0,0,0,0
22,1,0,0,0,0,0,6,1,0,0,0,0,0,1
17,1,0,0,0,0,0,9,1,0,0,0,0,0,0
18,1,0,0,0,0,0,10,1,0,0,0,0,0,0
37,2,2,0,0,0,0,28,1,0,0,0,0,0,1
35,2,0,0,0,0,0,26,1,0,0,0,0,0,1
14,1,0,0,0,0,0,6,1,0,0,0,0,0,0
34,2,0,0,0,0,0,25,1,0,0,0,0,0,1
110,3,1,0,0,0,0,21,1,0,0,0,0,0,1
17,1,0,0,0,0,0,9,1,0,0,0,0,0,0
13,1,0,0,0,0,0,5,1,0,0,0,0,0,0
21,1,0,0,0,0,0,13,1,0,0,0,0,0,0
84,2,1,0,0,0,0,15,1,0,0,0,0,0,1
22,1,0,0,0,0,0,14,1,0,0,0,0,0,0
20,1,0,0,0,0,0,12,1,0,0,0,0,0,0
19,1,0,0,0,0,0,11,1,0,0,0,0,0,0
59,2,0,0,0,0,0,16,1,0,0,0,0,0,1
26,1,0,0,0,0,0,18,1,0,0,0,0,0,0
36,2,0,0,0,0,0,27,1,0,0,0,0,0,1
17,2,0,0,0,0,0,9,1,0,0,0,0,0,0
61,3,1,0,0,0,0,43,1,0,0,0,0,0,1
22,1,0,0,0,0,0,7,1,0,0,0,0,0,1
18,1,0,0,0,0,0,10,1,0,0,0,0,0,0
40,2,2,0,0,0,0,22,1,0,0,0,0,0,1
60,3,2,0,0,0,0,28,1,0,0,0,0,0,1
15,1,0,0,0,0,0,7,1,0,0,0,0,0,0
22,1,0,0,0,0,0,7,1,0,0,0,0,0,1
25,1,1,0,0,0,0,17,1,0,0,0,0,0,0
23,1,0,0,0,0,0,4,1,0,0,0,0,0,1
21,2,0,0,0,0,0,13,1,0,0,0,0,0,0
36,2,0,0,0,0,0,28,1,0,0,0,0,0,1
33,2,1,0,0,0,0,24,1,0,0,0,0,0,1
50,2,4,0,0,0,0,41,1,0,1,0,0,0,1
51,3,0,0,0,0,0,21,1,0,0,0,0,0,1
31,1,0,0,0,0,0,11,1,0,0,0,0,0,1
20,1,1,0,0,0,0,12,1,0,0,0,0,0,0
17,1,0,0,0,0,0,9,1,0,0,0,0,0,0
83,3,0,0,0,0,0,74,1,0,0,0,0,0,1
20,1,0,0,0,0,0,12,1,0,0,0,0,0,0
22,1,0,0,0,0,0,7,1,0,0,0,0,0,1
51,3,0,0,0,0,0,21,1,0,0,0,0,0,1
34,2,0,0,0,0,0,25,1,0,0,0,0,0,1
31,2,1,0,0,0,0,22,1,0,0,0,0,0,1
42,1,0,0,0,0,0,11,1,0,0,0,0,0,1
18,1,0,0,0,0,0,10,1,0,0,0,0,0,0
16,1,0,0,0,0,0,8,1,0,0,0,0,0,0
18,1,0,0,0,0,0,10,1,0,0,0,0,0,0
44,2,1,0,0,0,0,36,0,0,0,0,0,0,1
22,1,0,0,0,0,0,6,1,0,0,0,0,0,1
28,2,0,0,0,0,0,19,1,0,0,0,0,0,1
22,1,0,0,0,0,0,7,1,0,0,0,0,0,1
28,2,0,0,0,0,0,19,1,0,0,0,0,0,1
167,2,1,0,1,0,3,15,1,0,0,0,0,0,1
20,1,0,0,0,0,0,12,1,0,0,0,0,0,0
39,2,2,0,0,0,0,30,1,0,0,0,0,0,1
46,3,1,0,1,0,1,7,1,0,0,0,0,0,1
22,1,0,0,0,0,0,14,1,0,0,0,0,0,0
39,2,0,0,0,0,0,15,1,0,0,0,0,0,1
37,2,0,0,0,0,0,28,1,0,0,0,0,0,1
16,1,0,0,0,0,0,8,1,0,0,0,0,0,0
46,2,1,0,0,0,0,37,1,0,0,0,0,0,1
104,3,1,0,0,0,0,21,1,0,0,0,0,0,1
175,2,1,0,1,0,3,15,1,0,0,0,0,0,1
40,2,2,0,0,0,0,25,1,0,0,0,0,0,1
19,1,0,0,0,0,0,11,1,0,0,0,0,0,0
21,1,1,0,0,0,0,6,1,0,0,0,0,0,1
21,1,0,0,0,0,0,13,1,0,0,0,0,0,0
23,2,0,0,0,0,0,8,1,0,0,0,0,0,1
23,1,0,0,0,0,0,8,1,0,0,0,0,0,1
26,2,0,0,0,0,0,19,0,0,0,0,0,0,1
18,1,0,0,0,0,0,10,1,0,0,0,0,0,0
15,1,0,0,0,0,0,7,1,0,0,0,0,0,0
19,1,1,0,0,0,0,11,1,0,0,0,0,0,0
97,3,3,1,0,3,0,88,1,0,0,0,0,0,1
49,2,2,0,0,0,0,40,1,0,0,0,0,0,1
27,2,0,0,0,0,0,18,1,0,0,0,0,0,1
23,2,0,0,0,0,0,8,1,0,0,0,0,0,1
25,2,0,0,0,0,0,17,1,0,0,0,0,0,0
17,1,0,0,0,0,0,9,1,0,0,0,0,0,0
22,1,0,0,0,0,0,7,1,0,0,0,0,0,1
23,1,0,0,0,0,0,15,1,0,0,0,0,0,0
21,1,1,0,0,0,0,6,1,0,0,0,0,0,1
21,1,1,0,0,0,0,6,1,0,0,0,0,0,1
39,2,0,0,0,0,0,30,1,0,0,0,0,0,1
18,2,0,0,0,0,0,10,1,0,0,0,0,0,0
37,2,0,0,0,0,0,24,1,0,0,0,0,0,1
18,1,0,0,0,0,0,10,1,0,0,0,0,0,0
33,2,1,0,0,0,0,24,1,0,0,0,0,0,1
18,1,0,0,0,0,0,10,1,0,0,0,0,0,0
25,1,0,0,0,0,0,17,1,0,0,0,0,0,0
65,3,0,0,1,0,1,29,1,0,0,0,0,0,1
26,2,0,0,0,0,0,17,1,0,0,0,0,0,1
19,1,0,0,0,0,0,11,1,0,0,0,0,0,0
29,2,0,0,0,0,0,20,1,0,0,0,0,0,1
62,3,1,0,0,0,0,43,1,0,0,0,0,0,1
32,1,0,0,0,0,0,10,1,0,0,0,0,0,1
24,1,0,0,0,0,0,16,1,0,0,0,0,0,0
39,2,0,0,0,0,0,15,1,0,0,0,0,0,1
28,2,1,0,0,0,0,20,0,0,0,0,0,0,1
18,1,0,0,0,0,0,10,1,0,0,0,0,0,0
23,2,0,0,0,0,0,8,1,0,0,0,0,0,1
45,2,2,0,0,0,0,36,1,0,0,0,0,0,1
19,1,0,0,0,0,0,7,1,0,0,0,0,0,1
19,1,0,0,0,0,0,11,1,0,0,0,0,0,0
21,1,0,0,0,0,0,13,1,0,0,0,0,0,0
19,1,0,0,0,0,0,11,1,0,0,0,0,0,0
43,2,0,0,0,0,0,34,1,0,0,0,0,0,1
20,2,0,0,0,0,0,12,1,0,0,0,0,0,0
31,2,1,0,0,0,0,22,1,0,0,0,0,0,1
17,1,0,0,0,0,0,9,1,0,0,0,0,0,0
21,1,0,0,0,0,0,13,1,0,0,0,0,0,0
51,3,0,0,0,0,0,21,1,0,0,0,0,0,1
36,2,1,0,0,0,0,27,1,0,0,0,0,0,1
17,1,0,0,0,0,0,9,1,0,0,0,0,0,0
18,1,0,0,0,0,0,10,1,0,0,0,0,0,0
28,2,0,0,0,0,0,19,1,0,0,0,0,0,1
88,2,0,0,0,0,0,15,1,0,0,0,0,0,1
20,1,0,0,0,0,0,12,1,0,0,0,0,0,0
17,1,0,0,0,0,0,9,1,0,0,0,0,0,0
22,1,0,0,0,0,0,14,1,0,0,0,0,0,0
175,2,3,0,1,0,3,15,1,0,0,0,0,0,1
111,4,0,0,1,6,1,6,1,0,0,0,1,0,1
16,1,0,0,0,0,0,8,1,0,0,0,0,0,0
24,1,0,0,0,0,0,16,1,0,0,0,0,0,0
59,2,1,0,0,0,0,21,1,0,0,0,0,0,1
21,1,1,0,0,0,0,6,1,0,0,0,0,0,1
15,1,0,0,0,0,0,7,1,0,0,0,0,0,0
28,1,0,0,0,0,0,20,1,0,0,0,0,0,0
161,2,2,0,1,1,2,34,1,0,0,0,0,0,1
34,2,1,0,0,0,0,25,1,0,0,0,0,0,1
14,1,0,0,0,0,0,6,1,0,0,0,0,0,0
20,1,0,0,0,0,0,12,1,0,0,0,0,0,0
21,1,0,0,0,0,0,13,1,0,0,0,0,0,0
21,1,1,0,0,0,0,6,1,0,0,0,0,0,1
20,2,0,0,0,0,0,12,1,0,0,0,0,0,0
19,1,0,0,0,0,0,11,1,0,0,0,0,0,0
175,2,2,0,1,0,3,15,1,0,0,0,0,0,1
19,1,0,0,0,0,0,11,1,0,0,0,0,0,0
16,1,0,0,0,0,0,8,1,0,0,0,0,0,0
50,2,0,0,0,0,0,16,0,0,0,0,0,0,1
15,1,0,0,0,0,0,7,1,0,0,0,0,0,0
26,2,0,0,0,0,0,17,1,0,0,0,0,0,1
23,2,0,0,0,0,0,8,1,0,0,0,0,0,1
20,1,0,0,0,0,0,12,1,0,0,0,0,0,0
45,2,1,0,0,0,0,16,1,0,0,0,0,0,1
78,3,6,0,0,0,0,70,1,0,0,0,0,0,1
59,2,2,0,0,0,0,21,1,0,0,0,0,0,1
178,3,2,0,1,0,4,15,1,0,0,0,0,0,1
27,2,0,0,0,0,0,18,1,0,0,0,0,0,1
22,1,0,0,0,0,0,14,1,0,0,0,0,0,0
44,2,1,0,0,0,0,37,0,0,0,0,0,0,1
22,1,0,0,0,0,0,7,1,0,0,0,0,0,1
18,1,0,0,0,0,0,10,1,0,0,0,0,0,0
22,1,0,0,0,0,0,7,1,0,0,0,0,0,1
21,1,1,0,0,0,0,6,1,0,0,0,0,0,1
22,1,0,0,0,0,0,6,1,0,0,0,0,0,1
17,1,0,0,0,0,0,9,1,0,0,0,0,0,0
23,2,0,0,0,0,0,8,1,0,0,0,0,0,1
45,2,2,0,0,0,0,36,1,0,0,0,0,0,1
21,1,0,0,0,0,0,13,1,0,0,0,0,0,0
75,2,1,0,1,0,2,24,1,0,0,0,0,0,1
20,1,0,0,0,0,0,12,1,0,0,0,0,0,0
30,2,0,0,0,0,0,21,1,0,0,0,0,0,1
21,1,0,0,0,0,0,13,1,0,0,0,0,0,0
27,2,0,0,0,0,0,19,1,0,0,0,0,0,1
24,1,0,0,0,0,0,16,1,0,0,0,0,0,0
21,1,1,0,0,0,0,13,1,0,0,0,0,0,0
21,1,1,0,0,0,0,6,1,0,0,0,0,0,1
32,1,0,0,0,0,0,13,1,0,0,0,0,0,1
26,1,0,0,0,0,0,18,1,0,0,0,0,0,0
15,1,0,0,0,0,0,7,1,0,0,0,0,0,0
19,1,0,0,0,0,0,11,1,0,0,0,0,0,0
15,1,0,0,0,0,0,7,1,0,0,0,0,0,0
25,1,0,0,0,0,0,17,1,0,0,0,0,0,0
28,1,0,0,0,0,0,20,1,0,0,0,0,0,0
22,3,0,0,0,0,0,14,0,1,0,0,0,0,1
21,1,1,0,0,0,0,6,1,0,0,0,0,0,1
20,1,1,0,0,0,0,12,1,0,0,0,0,0,0
20,1,0,0,0,0,0,12,1,0,0,0,0,0,0
23,2,0,0,0,0,0,8,1,0,0,0,0,0,1
24,1,0,0,0,0,0,16,1,0,0,0,0,0,0
46,3,1,0,1,0,1,7,1,0,0,0,0,0,1
18,1,0,0,0,0,0,10,1,0,0,0,0,0,0
42,2,0,0,0,0,0,33,1,0,0,0,0,0,1
20,2,0,0,0,0,0,12,1,0,0,0,0,0,0
22,1,0,0,0,0,0,6,1,0,0,0,0,0,1
39,2,0,0,0,0,0,15,1,0,0,0,0,0,1
30,2,0,0,0,0,0,22,0,0,0,0,0,0,1
87,3,2,0,0,0,0,13,1,0,0,0,0,0,1
19,1,0,0,0,0,0,11,1,0,0,0,0,0,0
36,2,0,0,0,0,0,27,1,0,0,0,0,0,1
20,1,0,0,0,0,0,12,1,0,0,0,0,0,0
19,1,0,0,0,0,0,11,1,0,0,0,0,0,0
25,1,0,0,0,0,0,16,1,0,0,0,0,0,1
34,2,0,0,0,0,0,25,1,0,0,0,0,0,1
22,1,0,0,0,0,0,7,1,0,0,0,0,0,1
26,1,0,0,0,0,0,18,1,0,0,0,0,0,0
17,1,0,0,0,0,0,9,1,0,0,0,0,0,0
173,2,1,0,1,0,3,15,1,0,0,0,0,0,1
26,1,0,0,0,0,0,10,1,0,0,0,0,0,1
19,1,0,0,0,0,0,11,1,0,0,0,0,0,0
21,2,0,0,0,0,0,13,1,0,0,0,0,0,0
18,1,0,0,0,0,0,10,1,0,0,0,0,0,0
23,2,0,0,0,0,0,8,1,0,0,0,0,0,1
43,2,2,0,0,0,0,34,1,0,0,0,0,0,1
20,1,0,0,0,0,0,12,1,0,0,0,0,0,0
26,2,0,0,0,0,0,18,0,0,0,0,0,0,1
28,2,0,0,0,0,0,19,1,0,0,0,0,0,1
31,2,0,0,0,0,0,22,1,0,0,0,0,0,1
17,1,0,0,0,0,0,9,1,0,0,0,0,0,0
26,2,0,0,0,0,0,17,1,0,0,0,0,0,1
25,1,0,0,0,0,0,17,1,0,0,0,0,0,0
18,1,0,0,0,0,0,10,1,0,0,0,0,0,0
24,1,0,0,0,0,0,16,1,0,0,0,0,0,0
15,1,0,0,0,0,0,7,1,0,0,0,0,0,0
175,2,2,0,1,0,3,15,1,0,0,0,0,0,1
101,3,1,0,1,0,1,15,1,0,0,0,0,0,1
62,3,1,0,0,0,0,43,0,0,0,0,0,0,1
36,2,3,0,0,0,0,24,1,0,0,0,0,0,1
15,1,0,0,0,0,0,7,1,0,0,0,0,0,0
18,1,0,0,0,0,0,10,1,0,0,0,0,0,0
47,2,2,0,0,0,0,24,1,0,0,0,0,0,1
19,1,0,0,0,0,0,11,1,0,0,0,0,0,0
33,2,1,0,0,0,0,24,1,0,0,0,0,0,1
82,3,0,0,1,0,1,26,1,0,0,0,0,0,1
26,1,0,0,0,0,0,18,1,0,0,0,0,0,0
17,1,0,0,0,0,0,9,1,0,0,0,0,0,0
51,3,0,0,0,0,0,21,1,0,0,0,0,0,1
50,3,2,0,0,0,0,42,1,0,0,0,0,0,1
19,1,0,0,0,0,0,11,1,0,0,0,0,0,0
22,1,0,0,0,0,0,7,1,0,0,0,0,0,1
20,1,0,0,0,0,0,12,1,0,0,0,0,0,0
22,1,0,0,0,0,0,7,1,0,0,0,0,0,1
22,1,0,0,0,0,0,6,1,0,0,0,0,0,1
16,1,0,0,0,0,0,8,1,0,0,0,0,0,0
12,1,0,0,0,0,0,4,1,0,0,0,0,0,0
51,2,1,0,0,0,0,30,1,0,0,0,0,0,1
22,2,0,0,0,0,0,14,1,0,0,0,0,0,0
188,3,2,0,1,0,4,15,1,0,0,0,0,0,1
23,2,0,0,0,0,0,8,1,0,0,0,0,0,1
21,1,0,0,0,0,0,13,1,0,0,0,0,0,0
152,3,0,0,1,0,1,74,1,0,0,0,0,0,1
23,1,0,0,0,0,0,15,1,0,0,0,0,0,0
21,1,1,0,0,0,0,6,1,0,0,0,0,0,1
22,1,0,0,0,0,0,6,1,0,0,0,0,0,1
19,1,0,0,0,0,0,11,1,0,0,0,0,0,0
26,2,1,0,0,0,0,17,1,0,0,0,0,0,1
134,3,2,0,1,0,4,15,1,0,0,0,0,0,1
31,2,0,0,0,0,0,22,1,0,0,0,0,0,1
22,1,0,0,0,0,0,7,1,0,0,0,0,0,1
48,2,0,0,0,0,0,15,1,0,0,0,0,0,1
22,1,0,0,0,0,0,14,1,0,0,0,0,0,0
18,1,0,0,0,0,0,10,1,0,0,0,0,0,0
34,2,1,0,0,0,0,26,0,0,0,0,0,0,1
17,1,0,0,0,0,0,9,1,0,0,0,0,0,0
41,2,2,0,0,0,0,32,1,0,0,0,0,0,1
32,2,1,0,0,0,0,23,1,0,0,0,0,0,1
45,2,2,0,0,0,0,36,1,0,0,0,0,0,1
23,2,0,0,0,0,0,8,1,0,0,0,0,0,1
23,1,0,0,0,0,0,8,1,0,0,0,0,0,1
21,2,0,0,0,0,0,13,1,0,0,0,0,0,0
16,1,0,0,0,0,0,8,1,0,0,0,0,0,0
21,1,0,0,0,0,0,13,1,0,0,0,0,0,0
35,2,0,0,0,0,0,26,1,0,0,0,0,0,1
22,1,0,0,0,0,0,7,1,0,0,0,0,0,1
21,1,0,0,0,0,0,13,1,0,0,0,0,0,0
24,1,0,0,0,0,0,16,1,0,0,0,0,0,0
23,2,0,0,0,0,0,8,1,0,0,0,0,0,1
68,2,1,0,0,0,0,59,1,0,0,0,0,0,1
21,1,0,0,0,0,0,13,1,0,0,0,0,0,0
14,1,0,0,0,0,0,6,1,0,0,0,0,0,0
19,1,0,0,0,0,0,11,1,0,0,0,0,0,0
21,1,0,0,0,0,0,13,1,0,0,0,0,0,0
37,2,0,0,0,0,0,28,1,0,0,0,0,0,1
21,1,1,0,0,0,0,6,1,0,0,0,0,0,1
19,1,0,0,0,0,0,11,1,0,0,0,0,0,0
18,1,0,0,0,0,0,10,1,0,0,0,0,0,0
22,1,0,0,0,0,0,7,1,0,0,0,0,0,1
21,1,1,0,0,0,0,6,1,0,0,0,0,0,1
36,2,0,0,0,0,0,27,1,0,0,0,0,0,1
23,2,0,0,0,0,0,8,1,0,0,0,0,0,1
21,1,0,0,0,0,0,13,1,0,0,0,0,0,0
23,1,0,0,0,0,0,15,1,0,0,0,0,0,0
20,2,0,0,0,0,0,12,1,0,0,0,0,0,0
29,2,1,0,0,0,0,11,1,0,0,0,0,0,1
32,2,0,0,0,0,0,23,1,0,0,0,0,0,1
18,1,0,0,0,0,0,10,1,0,0,0,0,0,0
42,2,0,0,0,0,0,33,1,0,0,0,0,0,1
31,2,2,0,0,0,0,22,1,0,0,0,0,0,1
23,2,0,0,0,0,0,8,1,0,0,0,0,0,1
21,1,0,0,0,0,0,13,1,0,0,0,0,0,0
19,1,0,0,0,0,0,11,1,0,0,0,0,0,0
23,2,0,0,0,0,0,14,1,0,0,0,0,0,1
31,2,1,0,0,0,0,22,1,0,0,0,0,0,1
61,3,1,0,0,0,0,43,1,0,0,0,0,0,1
27,1,1,0,0,0,0,19,1,0,0,0,0,0,0
15,1,0,0,0,0,0,7,1,0,0,0,0,0,0
21,1,1,0,0,0,0,6,1,0,0,0,0,0,1
27,2,0,0,0,0,0,18,1,0,0,0,0,0,1
21,2,0,0,0,0,0,13,1,0,0,0,0,0,0
14,1,0,0,0,0,0,6,1,0,0,0,0,0,0
22,1,0,0,0,0,0,14,1,0,0,0,0,0,0
84,2,1,0,0,0,0,15,1,0,0,0,0,0,1
170,5,4,0,1,6,4,14,1,0,0,0,0,0,1
19,1,0,0,0,0,0,11,1,0,0,0,0,0,0
21,1,1,0,0,0,0,6,1,0,0,0,0,0,1
40,2,1,0,0,0,0,31,1,0,0,0,0,0,1
16,1,0,0,0,0,0,8,1,0,0,0,0,0,0
22,1,0,0,0,0,0,14,1,0,0,0,0,0,0
24,1,0,0,0,0,0,6,1,0,0,0,0,0,1
38,2,0,0,0,0,0,29,1,0,0,0,0,0,1
131,2,2,0,0,0,0,15,1,0,0,0,0,0,1
22,1,0,0,0,0,0,14,1,0,0,0,0,0,0
18,1,0,0,0,0,0,10,1,0,0,0,0,0,0
37,2,0,0,0,0,0,28,1,0,0,0,0,0,1
95,6,4,1,1,0,1,53,1,0,0,0,0,0,1
17,1,0,0,0,0,0,9,1,0,0,0,0,0,0
19,1,0,0,0,0,0,11,1,0,0,0,0,0,0
41,2,0,0,0,0,0,16,1,0,0,0,0,0,1
21,1,0,0,0,0,0,13,1,0,0,0,0,0,0
19,1,0,0,0,0,0,11,1,0,0,0,0,0,0
22,1,0,0,0,0,0,7,1,0,0,0,0,0,1
18,1,0,0,0,0,0,10,1,0,0,0,0,0,0
19,1,0,0,0,0,0,11,1,0,0,0,0,0,0
31,1,0,0,0,0,0,10,1,0,0,0,0,0,1
20,1,0,0,0,0,0,12,1,0,0,0,0,0,0
22,1,0,0,0,0,0,7,1,0,0,0,0,0,1
51,3,0,0,0,0,0,21,1,0,0,0,0,0,1
66,3,1,0,0,0,0,43,1,0,0,0,0,0,1
24,1,0,0,0,0,0,16,1,0,0,0,0,0,0
20,1,1,0,0,0,0,12,1,0,0,0,0,0,0
47,2,0,0,0,0,0,38,1,0,0,0,0,0,1
46,2,2,0,0,0,0,38,0,0,0,0,0,0,1
37,1,0,0,0,0,0,29,1,0,0,0,0,0,0
24,1,0,0,0,0,0,16,1,0,0,0,0,0,0
22,1,0,0,0,0,0,7,1,0,0,0,0,0,1
21,1,0,0,0,0,0,13,1,0,0,0,0,0,0
23,1,0,0,0,0,0,15,1,0,0,0,0,0,0
18,1,0,0,0,0,0,10,1,0,0,0,0,0,0
22,1,0,0,0,0,0,14,1,0,0,0,0,0,0
49,2,2,0,0,0,0,16,1,0,0,0,0,0,1
20,1,0,0,0,0,0,12,1,0,0,0,0,0,0
33,2,3,0,0,0,0,25,1,0,0,0,0,0,1
17,1,0,0,0,0,0,9,1,0,0,0,0,0,0
32,2,0,0,0,0,0,23,1,0,0,0,0,0,1
40,2,0,0,0,0,0,31,1,0,0,0,0,0,1
19,1,0,0,0,0,0,11,1,0,0,0,0,0,0
60,3,1,0,0,0,0,38,1,0,0,0,0,0,1
19,1,0,0,0,0,0,11,1,0,0,0,0,0,0
21,1,1,0,0,0,0,13,1,0,0,0,0,0,0
19,1,0,0,0,0,0,11,1,0,0,0,0,0,0
16,1,0,0,0,0,0,8,1,0,0,0,0,0,0
82,2,1,0,0,2,0,16,1,0,0,0,0,0,1
20,1,0,0,0,0,0,12,1,0,0,0,0,0,0
22,1,0,0,0,0,0,7,1,0,0,0,0,0,1
31,1,0,0,0,0,0,16,1,0,1,0,0,0,1
18,1,0,0,0,0,0,10,1,0,0,0,0,0,0
34,2,2,0,0,0,0,25,1,0,0,0,0,0,1
60,2,0,0,0,0,0,16,1,0,0,0,0,0,1
59,2,1,0,0,0,0,21,1,0,0,0,0,0,1
43,2,0,0,0,0,0,34,1,0,0,0,0,0,1
21,1,1,0,0,0,0,6,1,0,0,0,0,0,1
20,1,0,0,0,0,0,12,1,0,0,0,0,0,0
15,1,0,0,0,0,0,7,1,0,0,0,0,0,0
26,1,1,0,0,0,0,18,1,0,0,0,0,0,0
16,1,0,0,0,0,0,8,1,0,0,0,0,0,0
20,1,0,0,0,0,0,6,1,0,0,0,0,0,1
23,1,0,0,0,0,0,15,1,0,0,0,0,0,0
178,3,4,0,1,0,4,15,1,0,0,0,0,0,1
504,1,1,0,1,0,16,14,1,0,0,0,0,0,1
25,2,0,0,0,0,0,18,0,0,0,0,0,0,1
25,1,1,0,0,0,0,17,1,0,0,0,0,0,0
17,1,0,0,0,0,0,9,1,0,0,0,0,0,0
18,1,0,0,0,0,0,10,1,0,0,0,0,0,0
26,1,0,0,0,0,0,18,1,0,0,0,0,0,0
37,2,1,0,0,0,0,16,1,0,0,0,0,0,1
47,2,3,0,0,0,0,38,1,0,1,0,0,0,1
20,1,0,0,0,0,0,12,1,0,0,0,0,0,0
21,1,1,0,0,0,0,13,1,0,0,0,0,0,0
22,1,0,0,0,0,0,14,1,0,0,0,0,0,0
31,2,0,0,0,0,0,22,1,0,0,0,0,0,1
20,1,0,0,0,0,0,12,1,0,0,0,0,0,0
21,1,1,0,0,0,0,6,1,0,0,0,0,0,1
16,1,0,0,0,0,0,8,1,0,0,0,0,0,0
15,1,0,0,0,0,0,7,1,0,0,0,0,0,0
18,1,0,0,0,0,0,10,1,0,0,0,0,0,0
19,1,0,0,0,0,0,11,1,0,0,0,0,0,0
18,1,0,0,0,0,0,10,1,0,0,0,0,0,0
18,1,0,0,0,0,0,10,1,0,0,0,0,0,0
17,1,0,0,0,0,0,9,1,0,0,0,0,0,0
22,1,0,0,0,0,0,14,1,0,0,0,0,0,0
69,2,1,0,0,0,0,60,1,0,0,0,0,0,1
22,1,0,0,0,0,0,14,1,0,0,0,0,0,0
20,1,0,0,0,0,0,12,1,0,0,0,0,0,0
84,2,0,0,0,0,0,15,1,0,0,0,0,0,1
57,2,3,0,0,0,0,25,1,0,0,0,0,0,1
76,2,6,0,0,0,0,26,1,0,0,0,0,0,1
80,3,0,0,0,0,0,15,1,0,0,0,0,0,1
24,1,0,0,0,0,0,16,1,0,0,0,0,0,0
18,1,0,0,0,0,0,10,1,0,0,0,0,0,0
17,1,0,0,0,0,0,9,1,0,0,0,0,0,0
21,1,1,0,0,0,0,6,1,0,0,0,0,0,1
18,1,0,0,0,0,0,10,1,0,0,0,0,0,0
83,3,0,0,0,0,0,74,1,0,0,0,0,0,1
15,1,0,0,0,0,0,7,1,0,0,0,0,0,0
18,1,0,0,0,0,0,10,1,0,0,0,0,0,0
14,1,0,0,0,0,0,6,1,0,0,0,0,0,0
16,1,0,0,0,0,0,8,1,0,0,0,0,0,0
17,1,0,0,0,0,0,9,1,0,0,0,0,0,0
16,1,0,0,0,0,0,8,1,0,0,0,0,0,0
22,1,0,0,0,0,0,6,1,0,0,0,0,0,1
84,2,1,0,0,0,0,15,1,0,0,0,0,0,1
72,3,2,0,0,0,0,36,1,0,0,0,0,0,1
174,2,3,0,1,0,3,15,1,0,0,0,0,0,1
15,1,0,0,0,0,0,7,1,0,0,0,0,0,0
27,1,1,0,0,0,0,18,1,0,0,0,0,0,1
56,2,3,0,0,0,0,41,0,0,0,0,0,0,1
19,1,0,0,0,0,0,11,1,0,0,0,0,0,0
23,2,0,0,0,0,0,8,1,0,0,0,0,0,1
22,1,0,0,0,0,0,7,1,0,0,0,0,0,1
23,1,0,0,0,0,0,15,1,0,0,0,0,0,0
17,1,0,0,0,0,0,9,1,0,0,0,0,0,0
19,1,0,0,0,0,0,11,1,0,0,0,0,0,0
21,1,0,0,0,0,0,13,1,0,0,0,0,0,0
19,1,0,0,0,0,0,11,1,0,0,0,0,0,0
14,1,0,0,0,0,0,6,1,0,0,0,0,0,0
376,6,5,0,1,0,2,23,1,0,0,0,0,0,1
155,1,0,0,1,0,0,15,1,0,0,0,0,0,1
60,3,1,0,0,0,0,28,1,0,0,0,0,0,1
22,1,1,0,0,0,0,14,1,0,0,0,0,0,0
34,2,2,0,0,0,0,25,1,0,0,0,0,0,1
18,1,0,0,0,0,0,10,1,0,0,0,0,0,0
21,1,0,0,0,0,0,13,1,0,0,0,0,0,0
42,2,0,0,0,0,0,33,1,0,0,0,0,0,1
18,1,0,0,0,0,0,10,1,0,0,0,0,0,0
24,1,0,0,0,0,0,16,1,0,0,0,0,0,0
42,2,2,0,0,0,0,30,1,0,0,0,0,0,1
19,1,0,0,0,0,0,11,1,0,0,0,0,0,0
192,1,3,0,1,0,6,6,1,0,0,0,0,0,1
21,1,0,0,0,0,0,13,1,0,0,0,0,0,0
22,2,0,0,0,0,0,14,1,0,0,0,0,0,0
21,1,0,0,0,0,0,13,1,0,0,0,0,0,0
17,1,0,0,0,0,0,9,1,0,0,0,0,0,0
22,1,0,0,0,0,0,7,1,0,0,0,0,0,1
19,1,0,0,0,0,0,11,1,0,0,0,0,0,0
14,1,0,0,0,0,0,6,1,0,0,0,0,0,0
20,1,0,0,0,0,0,12,1,0,0,0,0,0,0
14,1,0,0,0,0,0,6,1,0,0,0,0,0,0
34,2,0,0,0,0,0,25,1,0,0,0,0,0,1
17,1,0,0,0,0,0,9,1,0,0,0,0,0,0
47,1,1,0,0,0,0,6,1,0,0,0,0,0,1
21,2,0,0,0,0,0,12,1,0,0,0,0,0,1
52,2,0,0,0,0,0,43,1,0,0,0,0,0,1
24,1,0,0,0,0,0,16,1,0,0,0,0,0,0
30,2,2,0,0,0,0,21,1,0,0,0,0,0,1
21,1,1,0,0,0,0,13,1,0,0,0,0,0,0
25,2,0,0,0,0,0,17,1,0,0,0,0,0,0
20,1,0,0,0,0,0,7,0,0,0,0,0,0,1
15,1,0,0,0,0,0,7,1,0,0,0,0,0,0
20,1,0,0,0,0,0,12,1,0,0,0,0,0,0
18,1,0,0,0,0,0,10,1,0,0,0,0,0,0
18,1,0,0,0,0,0,10,1,0,0,0,0,0,0
18,1,0,0,0,0,0,10,1,0,0,0,0,0,0
31,3,0,0,0,0,0,22,1,0,0,0,0,0,1
15,1,0,0,0,0,0,7,1,0,0,0,0,0,0
20,1,0,0,0,0,0,12,1,0,0,0,0,0,0
19,1,0,0,0,0,0,11,1,0,0,0,0,0,0
36,2,0,0,0,0,0,27,1,0,0,0,0,0,1
25,1,0,0,0,0,0,10,1,0,0,0,0,0,1
22,1,0,0,0,0,0,7,1,0,0,0,0,0,1
51,3,0,0,0,0,0,21,1,0,0,0,0,0,1
31,2,0,0,0,0,0,22,1,0,0,0,0,0,1
39,2,1,0,0,0,0,30,1,0,0,0,0,0,1
21,2,0,0,0,0,0,13,1,0,0,0,0,0,0
25,1,0,0,0,0,0,17,1,0,0,0,0,0,0
21,1,1,0,0,0,0,6,1,0,0,0,0,0,1
33,1,0,0,0,0,0,12,1,0,0,0,0,0,1
18,1,0,0,0,0,0,6,0,0,0,0,0,0,1
22,1,0,0,0,0,0,14,1,0,0,0,0,0,0
17,1,0,0,0,0,0,9,1,0,0,0,0,0,0
39,2,0,0,0,0,0,16,1,0,0,0,0,0,1
235,2,0,0,1,1,2,24,1,0,0,0,0,0,1
23,2,0,0,0,0,0,8,1,0,0,0,0,0,1
23,1,0,0,0,0,0,12,0,0,0,0,0,0,1
35,2,0,0,0,0,0,20,0,0,0,0,0,0,1
22,1,0,0,0,0,0,7,1,0,0,0,0,0,1
20,1,0,0,0,0,0,12,1,0,0,0,0,0,0
20,1,0,0,0,0,0,12,1,0,0,0,0,0,0
167,2,3,0,1,0,3,15,1,0,0,0,0,0,1
24,1,0,0,0,0,0,15,1,0,0,0,0,0,1
75,2,1,0,1,0,2,24,1,0,0,0,0,0,1
23,2,0,0,0,0,0,8,1,0,0,0,0,0,1
175,2,1,0,1,0,3,15,1,0,0,0,0,0,1
20,1,0,0,0,0,0,12,1,0,0,0,0,0,0
31,2,1,0,0,0,0,22,1,0,0,0,0,0,1
28,2,0,0,0,0,0,19,1,0,0,0,0,0,1
17,1,0,0,0,0,0,9,1,0,0,0,0,0,0
17,1,0,0,0,0,0,9,1,0,0,0,0,0,0
175,2,2,0,1,0,3,15,1,0,0,0,0,0,1
21,1,1,0,0,0,0,13,1,0,0,0,0,0,0
21,1,1,0,0,0,0,6,1,0,0,0,0,0,1
36,2,1,0,0,0,0,27,1,0,0,0,0,0,1
37,2,0,0,0,0,0,28,1,0,0,0,0,0,1
16,1,0,0,0,0,0,8,1,0,0,0,0,0,0
45,2,1,0,0,0,0,36,1,0,0,0,0,0,1
34,3,0,0,0,0,0,22,1,0,0,0,0,0,1
21,1,1,0,0,0,0,6,1,0,0,0,0,0,1
18,1,0,0,0,0,0,10,1,0,0,0,0,0,0
19,1,0,0,0,0,0,11,1,0,0,0,0,0,0
18,1,0,0,0,0,0,10,1,0,0,0,0,0,0
18,1,0,0,0,0,0,10,1,0,0,0,0,0,0
21,1,0,0,0,0,0,13,1,0,0,0,0,0,0
15,1,0,0,0,0,0,7,1,0,0,0,0,0,0
37,1,0,0,0,0,0,15,1,0,0,0,0,0,1
190,3,1,0,1,0,4,15,1,0,0,0,0,0,1
25,1,0,0,0,0,0,7,1,0,0,0,0,0,1
37,2,0,0,0,0,0,28,1,0,0,0,0,0,1
18,1,0,0,0,0,0,10,1,0,0,0,0,0,0
16,1,0,0,0,0,0,8,1,0,0,0,0,0,0
21,1,0,0,0,0,0,13,1,0,0,0,0,0,0
39,2,1,0,0,0,0,30,1,0,0,0,0,0,1
16,1,0,0,0,0,0,8,1,0,0,0,0,0,0
60,3,3,0,0,0,0,38,1,0,0,0,0,0,1
21,1,1,0,0,0,0,6,1,0,0,0,0,0,1
36,2,0,0,0,0,0,20,1,0,0,0,0,0,1
21,1,1,0,0,0,0,13,1,0,0,0,0,0,0
37,2,0,0,0,0,0,28,1,0,0,0,0,0,1
36,2,1,0,0,0,0,27,1,0,0,0,0,0,1
28,2,0,0,0,0,0,19,1,0,0,0,0,0,1
44,2,3,0,0,0,0,35,1,0,0,0,0,0,1
26,2,0,0,0,0,0,17,1,0,0,0,0,0,1
15,1,0,0,0,0,0,7,1,0,0,0,0,0,0
18,1,0,0,0,0,0,10,1,0,0,0,0,0,0
20,1,0,0,0,0,0,12,1,0,0,0,0,0,0
22,1,0,0,0,0,0,7,1,0,0,0,0,0,1
24,1,0,0,0,0,0,16,1,0,0,0,0,0,0
19,1,0,0,0,0,0,11,1,0,0,0,0,0,0
35,2,0,0,0,0,0,28,0,0,0,0,0,0,1
27,2,0,0,0,0,0,18,1,0,0,0,0,0,1
17,1,0,0,0,0,0,9,1,0,0,0,0,0,0
25,2,0,0,0,0,0,16,1,0,0,0,0,0,1
70,3,1,0,0,0,0,17,1,0,0,0,0,0,1
22,1,0,0,0,0,0,14,1,0,0,0,0,0,0
37,2,0,0,0,0,0,28,1,0,0,0,0,0,1
18,1,0,0,0,0,0,10,1,0,0,0,0,0,0
84,2,2,0,0,0,0,33,1,0,0,0,0,0,1
18,1,0,0,0,0,0,10,1,0,0,0,0,0,0
24,2,0,0,0,0,0,16,1,0,0,0,0,0,0
36,1,0,0,0,0,0,11,1,0,0,0,0,0,1
15,1,0,0,0,0,0,7,1,0,0,0,0,0,0
21,1,0,0,0,0,0,13,1,0,0,0,0,0,0
21,1,0,0,0,0,0,13,1,0,0,0,0,0,0
21,1,1,0,0,0,0,6,1,0,0,0,0,0,1
39,2,0,0,0,0,0,15,1,0,0,0,0,0,1
18,1,0,0,0,0,0,10,1,0,0,0,0,0,0
17,1,0,0,0,0,0,9,1,0,0,0,0,0,0
62,3,1,0,0,0,0,43,1,0,0,0,0,0,1
24,1,0,0,0,0,0,16,1,0,0,0,0,0,0
57,2,0,0,0,0,0,46,1,0,0,0,0,0,1
20,1,0,0,0,0,0,12,1,0,0,0,0,0,0
19,1,1,0,0,0,0,11,1,0,0,0,0,0,0
21,1,0,0,0,0,0,13,1,0,0,0,0,0,0
25,1,0,0,0,0,0,17,1,0,0,0,0,0,0
39,1,0,0,0,0,0,7,1,0,0,0,0,0,1
17,1,0,0,0,0,0,9,1,0,0,0,0,0,0
22,1,0,0,0,0,0,7,1,0,0,0,0,0,1
42,3,0,0,0,0,0,14,1,0,1,0,0,0,1
23,2,0,0,0,0,0,8,1,0,0,0,0,0,1
18,1,0,0,0,0,0,10,1,0,0,0,0,0,0
16,1,0,0,0,0,0,8,1,0,0,0,0,0,0
86,4,1,0,1,5,1,17,1,0,0,0,0,0,1
20,1,0,0,0,0,0,12,1,0,0,0,0,0,0
16,1,0,0,0,0,0,8,1,0,0,0,0,0,0
20,2,0,0,0,0,0,12,1,0,0,0,0,0,0
22,1,0,0,0,0,0,14,1,0,0,0,0,0,0
59,2,1,0,0,0,0,21,1,0,0,0,0,0,1
13,1,0,0,0,0,0,5,1,0,0,0,0,0,0
23,2,0,0,0,0,0,8,1,0,0,0,0,0,1
24,1,0,0,0,0,0,16,1,0,0,0,0,0,0
17,1,0,0,0,0,0,9,1,0,0,0,0,0,0
46,2,1,0,0,0,0,37,1,0,0,0,0,0,1
20,1,0,0,0,0,0,12,1,0,0,0,0,0,0
84,2,1,0,0,0,0,15,1,0,0,0,0,0,1
25,1,2,0,0,0,0,17,1,0,0,0,0,0,0
20,1,0,0,0,0,0,12,1,0,0,0,0,0,0
19,1,0,0,0,0,0,11,1,0,0,0,0,0,0
49,2,1,0,0,0,0,28,1,0,1,0,0,0,1
25,1,0,0,0,0,0,17,1,0,0,0,0,0,0
18,1,0,0,0,0,0,10,1,0,0,0,0,0,0
23,1,0,0,0,0,0,15,1,0,0,0,0,0,0
20,1,0,0,0,0,0,12,1,0,0,0,0,0,0
83,3,0,0,0,0,0,74,1,0,0,0,0,0,1
17,1,0,0,0,0,0,9,1,0,0,0,0,0,0
23,1,0,0,0,0,0,15,1,0,0,0,0,0,0
19,1,0,0,0,0,0,11,1,0,0,0,0,0,0
46,2,2,0,0,0,0,37,1,0,0,0,0,0,1
46,3,1,0,1,0,1,7,1,0,0,0,0,0,1
21,1,1,0,0,0,0,13,1,0,0,0,0,0,0
77,2,0,0,1,0,1,16,1,0,0,0,0,0,1
21,1,0,0,0,0,0,13,1,0,0,0,0,0,0
18,1,0,0,0,0,0,10,1,0,0,0,0,0,0
26,1,0,0,0,0,0,18,1,0,0,0,0,0,0
14,1,0,0,0,0,0,6,1,0,0,0,0,0,0
23,1,0,0,0,0,0,15,1,0,0,0,0,0,0
56,1,1,0,0,0,0,11,1,0,0,0,0,0,1
35,3,0,0,0,0,0,10,1,0,0,0,0,0,1
24,1,0,0,0,0,0,16,1,0,0,0,0,0,0
19,1,0,0,0,0,0,11,1,0,0,0,0,0,0
22,1,1,0,0,0,0,14,1,0,0,0,0,0,0
19,2,0,0,0,0,0,11,1,0,0,0,0,0,0
84,2,0,0,0,0,0,15,1,0,0,0,0,0,1
16,1,0,0,0,0,0,8,1,0,0,0,0,0,0
28,2,0,0,0,0,0,19,1,0,0,0,0,0,1
38,2,1,0,0,0,0,29,1,0,0,0,0,0,1
41,2,0,0,0,0,0,16,1,0,0,0,0,0,1
94,2,1,0,0,0,0,21,1,0,0,0,0,0,1
14,1,0,0,0,0,0,6,1,0,0,0,0,0,0
39,2,1,0,0,0,0,25,1,0,0,0,0,0,1
17,1,0,0,0,0,0,9,1,0,0,0,0,0,0
20,1,0,0,0,0,0,12,1,0,0,0,0,0,0
24,1,0,0,0,0,0,16,1,0,0,0,0,0,0
485,11,3,0,3,0,12,15,1,0,0,0,0,0,1
24,1,0,0,0,0,0,16,1,0,0,0,0,0,0
96,2,2,0,1,1,1,36,1,0,0,0,0,0,1
22,1,0,0,0,0,0,7,1,0,0,0,0,0,1
15,1,0,0,0,0,0,7,1,0,0,0,0,0,0
23,2,0,0,0,0,0,8,1,0,0,0,0,0,1
44,1,0,0,0,0,0,7,1,0,0,0,0,0,1
19,1,0,0,0,0,0,11,1,0,0,0,0,0,0
17,1,0,0,0,0,0,9,1,0,0,0,0,0,0
22,1,0,0,0,0,0,7,1,0,0,0,0,0,1
21,1,1,0,0,0,0,6,1,0,0,0,0,0,1
20,1,0,0,0,0,0,12,1,0,0,0,0,0,0
20,1,0,0,0,0,0,12,1,0,0,0,0,0,0
20,1,0,0,0,0,0,12,1,0,0,0,0,0,0
35,1,1,0,0,0,0,28,0,0,0,0,0,0,1
83,3,0,0,0,0,0,74,1,0,0,0,0,0,1
119,3,0,0,1,0,2,15,1,0,0,0,0,0,1
63,5,0,1,0,0,0,24,1,0,0,0,0,0,1
23,1,0,0,0,0,0,15,1,0,0,0,0,0,0
33,2,0,0,0,0,0,24,1,0,0,0,0,0,1
36,2,0,0,0,0,0,27,1,0,0,0,0,0,1
17,1,1,0,0,0,0,9,1,0,0,0,0,0,0
22,1,0,0,0,0,0,6,1,0,0,0,0,0,1
25,2,0,0,0,0,0,18,0,0,0,0,0,0,1
17,1,0,0,0,0,0,9,1,0,0,0,0,0,0
15,1,0,0,0,0,0,7,1,0,0,0,0,0,0
101,3,4,0,1,0,1,21,1,0,0,0,0,0,1
37,2,1,0,0,0,0,28,1,0,0,0,0,0,1
26,2,1,0,0,0,0,19,0,0,0,0,0,0,1
18,1,0,0,0,0,0,10,1,0,0,0,0,0,0
64,1,2,0,1,0,2,12,1,0,0,0,0,0,1
23,1,0,0,0,0,0,15,1,0,0,0,0,0,0
14,1,0,0,0,0,0,6,1,0,0,0,0,0,0
15,1,0,0,0,0,0,7,1,0,0,0,0,0,0
15,1,0,0,0,0,0,7,1,0,0,0,0,0,0
33,2,1,0,0,0,0,24,1,0,0,0,0,0,1
18,1,0,0,0,0,0,10,1,0,0,0,0,0,0
175,2,5,0,1,0,3,15,1,0,0,0,0,0,1
47,2,1,0,0,0,0,39,1,0,0,0,0,0,1
28,1,0,0,0,0,0,12,1,0,0,0,0,0,1
15,1,0,0,0,0,0,7,1,0,0,0,0,0,0
23,2,0,0,0,0,0,8,1,0,0,0,0,0,1
23,1,1,0,0,0,0,15,1,0,0,0,0,0,0
22,1,0,0,0,0,0,14,1,0,0,0,0,0,0
19,1,0,0,0,0,0,11,1,0,0,0,0,0,0
19,1,0,0,0,0,0,11,1,0,0,0,0,0,0
20,1,0,0,0,0,0,12,1,0,0,0,0,0,0
22,1,0,0,0,0,0,11,1,0,0,0,0,0,1
62,3,1,0,0,0,0,43,1,0,0,0,0,0,1
22,1,0,0,0,0,0,7,1,0,0,0,0,0,1
42,2,1,0,0,0,0,33,1,0,0,1,0,0,1
32,2,2,0,0,0,0,23,1,0,0,0,0,0,1
20,1,0,0,0,0,0,12,1,0,0,0,0,0,0
64,3,1,0,0,0,0,43,1,0,0,0,0,0,1
49,3,2,0,0,0,0,30,1,0,0,0,0,0,1
20,1,0,0,0,0,0,12,1,0,0,0,0,0,0
19,1,0,0,0,0,0,11,1,0,0,0,0,0,0
105,4,1,0,1,0,1,21,1,0,0,0,0,0,1
20,1,0,0,0,0,0,7,0,0,0,0,0,0,1
61,5,0,0,0,0,0,17,1,0,0,0,0,0,1
131,2,0,0,1,0,3,15,1,0,0,0,0,0,1
53,3,0,0,1,0,1,7,1,0,0,0,0,0,1
28,1,0,0,0,0,0,20,1,0,0,0,0,0,0
19,1,0,0,0,0,0,11,1,0,0,0,0,0,0
24,1,0,0,0,0,0,16,1,0,0,0,0,0,0
18,1,0,0,0,0,0,10,1,0,0,0,0,0,0
22,1,0,0,0,0,0,6,1,0,0,0,0,0,1
36,1,1,0,0,0,0,21,1,0,0,0,0,0,1
22,1,0,0,0,0,0,7,1,0,0,0,0,0,1
14,1,0,0,0,0,0,6,1,0,0,0,0,0,0
17,2,0,0,0,0,0,9,1,0,0,0,0,0,0
20,1,0,0,0,0,0,12,1,0,0,0,0,0,0
19,1,0,0,0,0,0,11,1,0,0,0,0,0,0
17,1,0,0,0,0,0,9,1,0,0,0,0,0,0
22,1,0,0,0,0,0,14,1,0,0,0,0,0,0
124,3,2,0,1,0,3,15,1,0,0,0,0,0,1
19,1,0,0,0,0,0,11,1,0,0,0,0,0,0
131,2,0,0,1,0,3,15,1,0,0,0,0,0,1
181,3,4,0,1,1,4,15,1,0,0,0,0,0,1
20,2,0,0,0,0,0,12,1,0,0,0,0,0,0
14,1,0,0,0,0,0,6,1,0,0,0,0,0,0
20,1,0,0,0,0,0,12,1,0,0,0,0,0,0
18,1,0,0,0,0,0,10,1,0,0,0,0,0,0
22,1,0,0,0,0,0,7,1,0,0,0,0,0,1
17,1,0,0,0,0,0,9,1,0,0,0,0,0,0
24,2,0,0,1,0,1,12,1,0,0,0,0,0,1
18,1,0,0,0,0,0,10,1,0,0,0,0,0,0
41,2,2,0,0,0,0,32,1,0,0,0,0,0,1
190,3,4,0,1,0,4,15,1,0,0,0,0,0,1
22,1,0,0,0,0,0,7,1,0,0,0,0,0,1
23,2,0,0,0,0,0,8,1,0,0,0,0,0,1
15,1,0,0,0,0,0,7,1,0,0,0,0,0,0
17,1,0,0,0,0,0,9,1,0,0,0,0,0,0
19,1,0,0,0,0,0,11,1,0,0,0,0,0,0
19,1,0,0,0,0,0,11,1,0,0,0,0,0,0
15,1,0,0,0,0,0,7,1,0,0,0,0,0,0
18,1,0,0,0,0,0,10,1,0,0,0,0,0,0
19,1,0,0,0,0,0,11,1,0,0,0,0,0,0
17,1,0,0,0,0,0,9,1,0,0,0,0,0,0
17,1,0,0,0,0,0,9,1,0,0,0,0,0,0
18,1,0,0,0,0,0,10,1,0,0,0,0,0,0
22,1,0,0,0,0,0,14,1,0,0,0,0,0,0
31,1,0,0,0,0,0,23,1,0,0,0,0,0,0
20,1,0,0,0,0,0,12,1,0,0,0,0,0,0
21,1,0,0,0,0,0,7,1,0,0,0,0,0,1
175,2,2,0,1,0,3,15,1,0,0,0,0,0,1
46,3,1,0,1,0,1,7,1,0,0,0,0,0,1
21,1,1,0,0,0,0,6,1,0,0,0,0,0,1
17,1,0,0,0,0,0,9,1,0,0,0,0,0,0
17,1,0,0,0,0,0,9,1,0,0,0,0,0,0
17,1,0,0,0,0,0,9,1,0,0,0,0,0,0
22,1,0,0,0,0,0,6,1,0,0,0,0,0,1
18,1,0,0,0,0,0,10,1,0,0,0,0,0,0
19,1,0,0,0,0,0,11,1,0,0,0,0,0,0
65,2,1,0,0,0,0,58,0,0,0,0,0,0,1
15,1,0,0,0,0,0,7,1,0,0,0,0,0,0
22,1,0,0,0,0,0,7,1,0,0,0,0,0,1
17,1,0,0,0,0,0,9,1,0,0,0,0,0,0
18,1,0,0,0,0,0,10,1,0,0,0,0,0,0
186,6,0,0,2,6,3,19,1,0,0,0,0,0,1
23,2,0,0,0,0,0,8,1,0,0,0,0,0,1
37,2,0,0,0,0,0,14,1,0,1,0,0,0,1
16,1,0,0,0,0,0,8,1,0,0,0,0,0,0
27,2,0,0,0,0,0,18,1,0,0,0,0,0,1
23,1,0,0,0,0,0,15,1,0,0,0,0,0,0
42,2,0,0,0,0,0,33,1,0,0,0,0,0,1
17,1,0,0,0,0,0,9,1,0,0,0,0,0,0
22,1,0,0,0,0,0,6,1,0,0,0,0,0,1
175,2,4,0,1,0,3,15,1,0,0,0,0,0,1
190,3,1,0,1,0,4,15,1,0,0,0,0,0,1
19,1,0,0,0,0,0,11,1,0,0,0,0,0,0
35,1,0,0,0,0,0,7,1,0,0,0,0,0,1
21,1,0,0,0,0,0,13,1,0,0,0,0,0,0
17,1,0,0,0,0,0,9,1,0,0,0,0,0,0
24,1,0,0,0,0,0,16,1,0,0,0,0,0,0
62,3,1,0,0,0,0,43,1,0,0,0,0,0,1
17,2,0,0,0,0,0,9,1,0,0,0,0,0,0
20,1,0,0,0,0,0,12,1,0,0,0,0,0,0
20,1,0,0,0,0,0,12,1,0,0,0,0,0,0
28,2,0,0,0,0,0,19,1,0,0,0,0,0,1
133,6,2,0,1,0,1,31,1,0,1,0,0,0,1
19,1,0,0,0,0,0,11,1,0,0,0,0,0,0
39,2,2,0,0,0,0,30,1,0,0,0,0,0,1
20,1,0,0,0,0,0,12,1,0,0,0,0,0,0
38,2,0,0,0,0,0,20,1,0,0,0,0,0,1
20,2,0,0,0,0,0,12,1,0,0,0,0,0,0
22,1,0,0,0,0,0,6,1,0,0,0,0,0,1
14,1,0,0,0,0,0,6,1,0,0,0,0,0,0
84,2,0,0,0,0,0,15,1,0,0,0,0,0,1
29,2,0,0,0,0,0,20,1,0,0,0,0,0,1
27,1,0,0,0,0,0,19,1,0,0,0,0,0,0
20,1,0,0,0,0,0,12,1,0,0,0,0,0,0
21,1,1,0,0,0,0,6,1,0,0,0,0,0,1
18,1,0,0,0,0,0,10,1,0,0,0,0,0,0
18,1,0,0,0,0,0,10,1,0,0,0,0,0,0
51,2,3,0,0,0,0,44,0,0,0,0,0,0,1
46,2,0,0,0,0,0,37,1,0,0,0,0,0,1
18,1,0,0,0,0,0,10,1,0,0,0,0,0,0
22,1,0,0,0,0,0,14,1,0,0,0,0,0,0
70,4,1,1,0,0,0,43,1,0,0,0,0,0,1
34,2,0,0,0,0,0,25,1,0,0,0,0,0,1
19,1,1,0,0,0,0,11,1,0,0,0,0,0,0
24,1,0,0,0,0,0,16,1,0,0,0,0,0,0
22,1,0,0,0,0,0,7,1,0,0,0,0,0,1
59,3,0,0,1,0,1,7,1,0,0,0,0,0,1
21,1,0,0,0,0,0,13,1,0,0,0,0,0,0
22,1,0,0,0,0,0,7,1,0,0,0,0,0,1
30,2,0,0,0,0,0,21,1,0,0,0,0,0,1
21,1,1,0,0,0,0,13,1,0,0,0,0,0,0
48,1,0,0,0,0,0,16,1,0,0,0,0,0,1
22,1,0,0,0,0,0,7,1,0,0,0,0,0,1
41,2,2,0,0,0,0,23,1,0,0,0,0,0,1
21,1,0,0,0,0,0,13,1,0,0,0,0,0,0
14,1,0,0,0,0,0,6,1,0,0,0,0,0,0
17,1,0,0,0,0,0,9,1,0,0,0,0,0,0
15,1,0,0,0,0,0,7,1,0,0,0,0,0,0
60,3,2,0,0,0,0,28,1,0,0,0,0,0,1
21,1,0,0,0,0,0,13,1,0,0,0,0,0,0
30,2,0,0,0,0,0,21,1,0,0,0,0,0,1
20,1,0,0,0,0,0,12,1,0,0,0,0,0,0
17,1,0,0,0,0,0,9,1,0,0,0,0,0,0
18,2,0,0,0,0,0,10,1,0,0,0,0,0,0
22,1,0,0,0,0,0,6,1,0,0,0,0,0,1
23,2,0,0,0,0,0,14,1,0,0,0,0,0,1
20,1,0,0,0,0,0,12,1,0,0,0,0,0,0
20,1,0,0,0,0,0,12,1,0,0,0,0,0,0
24,2,0,0,0,0,0,11,1,0,0,0,0,0,1
30,2,0,0,0,0,0,21,1,0,0,0,0,0,1
43,2,1,0,0,0,0,23,1,0,0,0,0,0,1
21,1,1,0,0,0,0,13,1,0,0,0,0,0,0
17,1,0,0,0,0,0,9,1,0,0,0,0,0,0
21,1,1,0,0,0,0,6,1,0,0,0,0,0,1
190,3,2,0,1,0,4,15,1,0,0,0,0,0,1
18,1,0,0,0,0,0,10,1,0,0,0,0,0,0
16,1,0,0,0,0,0,8,1,0,0,0,0,0,0
18,1,0,0,0,0,0,10,1,0,0,0,0,0,0
70,2,5,0,0,0,0,26,1,0,0,0,0,0,1
20,1,0,0,0,0,0,12,1,0,0,0,0,0,0
51,3,0,0,0,0,0,21,1,0,0,0,0,0,1
23,1,0,0,0,0,0,15,1,0,0,0,0,0,0
17,1,0,0,0,0,0,9,1,0,0,0,0,0,0
24,1,0,0,0,0,0,8,1,0,0,0,0,0,1
20,1,0,0,0,0,0,6,1,0,0,0,0,0,1
59,2,2,0,0,0,0,21,1,0,0,0,0,0,1
21,1,1,0,0,0,0,13,1,0,0,0,0,0,0
190,3,2,0,1,0,4,15,1,0,0,0,0,0,1
23,2,0,0,0,0,0,8,1,0,0,0,0,0,1
22,1,0,0,0,0,0,7,1,0,0,0,0,0,1
21,1,0,0,0,0,0,13,1,0,0,0,0,0,0
20,1,0,0,0,0,0,12,1,0,0,0,0,0,0
15,1,0,0,0,0,0,7,1,0,0,0,0,0,0
22,1,0,0,0,0,0,7,1,0,0,0,0,0,1
24,1,0,0,0,0,0,16,1,0,0,0,0,0,0
26,1,0,0,0,0,0,18,1,0,0,0,0,0,0
35,2,0,0,0,0,0,26,1,0,0,0,0,0,1
19,1,0,0,0,0,0,11,1,0,0,0,0,0,0
19,1,0,0,0,0,0,11,1,0,0,0,0,0,0
51,3,0,0,0,0,0,21,1,0,0,0,0,0,1
53,2,1,0,0,0,0,16,1,0,0,0,0,0,1
15,1,0,0,0,0,0,7,1,0,0,0,0,0,0
23,2,0,0,0,0,0,8,1,0,0,0,0,0,1
159,2,2,0,1,0,2,17,1,0,0,0,0,0,1
15,1,0,0,0,0,0,7,1,0,0,0,0,0,0
21,1,0,0,0,0,0,13,1,0,0,0,0,0,0
99,4,2,0,1,0,1,26,1,0,0,0,0,0,1
19,1,1,0,0,0,0,11,1,0,0,0,0,0,0
16,1,0,0,0,0,0,8,1,0,0,0,0,0,0
18,1,0,0,0,0,0,10,1,0,0,0,0,0,0
38,2,1,0,0,0,0,31,0,0,0,0,0,0,1
14,1,0,0,0,0,0,6,1,0,0,0,0,0,0
36,3,0,0,0,0,0,17,1,0,0,0,0,0,1
25,1,0,0,0,0,0,17,1,0,0,0,0,0,0
17,1,0,0,0,0,0,9,1,0,0,0,0,0,0
46,3,0,0,1,0,1,18,1,0,0,0,0,0,1
39,2,0,0,0,0,0,30,1,0,0,0,0,0,1
16,1,0,0,0,0,0,8,1,0,0,0,0,0,0
20,1,0,0,0,0,0,12,1,0,0,0,0,0,0
20,1,1,0,0,0,0,12,1,0,0,0,0,0,0
21,1,1,0,0,0,0,6,1,0,0,0,0,0,1
19,1,0,0,0,0,0,11,1,0,0,0,0,0,0
26,2,1,0,0,0,0,17,1,0,0,0,0,0,1
82,3,0,0,0,0,0,74,0,0,0,0,0,0,1
40,2,1,0,0,0,0,32,0,0,0,0,0,0,1
22,1,0,0,0,0,0,7,1,0,0,0,0,0,1
19,1,0,0,0,0,0,11,1,0,0,0,0,0,0
22,1,0,0,0,0,0,14,1,0,0,0,0,0,0
27,2,0,0,0,0,0,18,1,0,0,0,0,0,1
123,3,1,0,1,0,3,15,1,0,0,0,0,0,1
20,1,0,0,0,0,0,12,1,0,0,0,0,0,0
146,3,0,0,1,0,4,15,1,0,0,0,0,0,1
17,1,0,0,0,0,0,9,1,0,0,0,0,0,0
15,1,0,0,0,0,0,7,1,0,0,0,0,0,0
23,1,0,0,0,0,0,15,1,0,0,0,0,0,0
36,2,0,0,0,0,0,27,1,0,0,0,0,1,1
175,2,3,0,1,0,3,15,1,0,0,0,0,0,1
18,1,0,0,0,0,0,10,1,0,0,0,0,0,0
24,1,0,0,0,0,0,16,1,0,0,0,0,0,0
21,2,0,0,0,0,0,13,1,0,0,0,0,0,0
15,1,0,0,0,0,0,7,1,0,0,0,0,0,0
21,1,0,0,0,0,0,13,1,0,0,0,0,0,0
311,4,2,0,1,0,8,20,1,0,0,0,0,0,1
175,2,1,0,1,0,3,15,1,0,0,0,0,0,1
23,1,0,0,0,0,0,15,1,0,0,0,0,0,0
16,1,0,0,0,0,0,8,1,0,0,0,0,0,0
40,2,1,0,0,0,0,31,1,0,0,0,0,0,1
62,3,1,0,0,0,0,43,1,0,0,0,0,0,1
15,1,0,0,0,0,0,7,1,0,0,0,0,0,0
20,1,0,0,0,0,0,5,1,0,0,0,0,0,1
18,1,0,0,0,0,0,10,1,0,0,0,0,0,0
21,1,0,0,0,0,0,13,1,0,0,0,0,0,0
21,1,1,0,0,0,0,6,1,0,0,0,0,0,1
175,2,2,0,1,0,3,15,1,0,0,0,0,0,1
33,2,0,0,0,0,0,24,1,0,0,0,0,0,1
28,2,0,0,0,0,0,20,1,0,0,0,0,0,0
12,1,0,0,0,0,0,4,1,0,0,0,0,0,0
23,2,0,0,0,0,0,8,1,0,0,0,0,0,1
19,1,0,0,0,0,0,11,1,0,0,0,0,0,0
25,1,0,0,0,0,0,17,1,0,0,0,0,0,0
485,17,0,0,3,1,33,27,1,1,0,0,0,0,1
19,1,0,0,0,0,0,11,1,0,0,0,0,0,0
100,1,1,0,1,0,1,11,1,0,0,0,0,0,1
17,1,0,0,0,0,0,9,1,0,0,0,0,0,0
62,3,1,0,0,0,0,43,1,0,0,0,0,0,1
15,1,0,0,0,0,0,7,1,0,0,0,0,0,0
18,1,0,0,0,0,0,10,1,0,0,0,0,0,0
18,1,0,0,0,0,0,10,1,0,0,0,0,0,0
17,1,0,0,0,0,0,9,1,0,0,0,0,0,0
17,1,0,0,0,0,0,9,1,0,0,0,0,0,0
30,1,0,0,0,0,0,22,1,0,0,0,0,0,0
18,1,0,0,0,0,0,10,1,0,0,0,0,0,0
16,1,0,0,0,0,0,8,1,0,0,0,0,0,0
19,1,1,0,0,0,0,11,1,0,0,0,0,0,0
20,1,0,0,0,0,0,12,1,0,0,0,0,0,0
15,1,0,0,0,0,0,7,1,0,0,0,0,0,0
22,1,0,0,0,0,0,7,1,0,0,0,0,0,1
84,2,0,0,0,0,0,15,1,0,0,0,0,0,1
21,1,0,0,0,0,0,13,1,0,0,0,0,0,0
33,2,0,0,0,0,0,24,1,0,0,0,0,0,1
88,1,0,0,1,0,1,11,0,0,0,0,0,0,1
23,2,0,0,0,0,0,8,1,0,0,0,0,0,1
17,1,0,0,0,0,0,9,1,0,0,0,0,0,0
40,2,1,0,0,0,0,18,1,0,0,0,0,0,1
68,2,4,0,0,0,0,18,1,0,0,0,0,0,1
17,1,0,0,0,0,0,9,1,0,0,0,0,0,0
27,2,0,0,0,0,0,18,1,0,0,0,0,0,1
16,1,0,0,0,0,0,8,1,0,0,0,0,0,0
17,1,1,0,0,0,0,9,1,0,0,0,0,0,0
49,2,0,0,0,0,0,16,1,0,0,0,0,0,1
59,2,1,0,1,0,3,21,1,0,0,0,0,0,1
21,1,1,0,0,0,0,13,1,0,0,0,0,0,0
18,1,0,0,0,0,0,10,1,0,0,0,0,0,0
20,1,0,0,0,0,0,6,1,0,0,0,0,0,1
15,1,0,0,0,0,0,7,1,0,0,0,0,0,0
19,2,0,0,0,0,0,11,1,0,0,0,0,0,0
54,2,0,0,0,0,0,14,1,0,0,0,0,0,1
18,1,0,0,0,0,0,10,1,0,0,0,0,0,0
24,1,0,0,0,0,0,16,1,0,0,0,0,0,0
22,1,0,0,0,0,0,14,1,0,0,0,0,0,0
15,1,0,0,0,0,0,7,1,0,0,0,0,0,0
20,1,1,0,0,0,0,12,1,0,0,0,0,0,0
63,3,1,0,0,0,0,43,1,0,0,0,0,0,1
20,1,0,0,0,0,0,12,1,0,0,0,0,0,0
12,1,0,0,0,0,0,4,1,0,0,0,0,0,0
14,1,0,0,0,0,0,6,1,0,0,0,0,0,0
22,1,0,0,0,0,0,6,1,0,0,0,0,0,1
15,1,0,0,0,0,0,7,1,0,0,0,0,0,0
26,1,1,0,0,0,0,18,1,0,0,0,0,0,0
16,1,0,0,0,0,0,8,1,0,0,0,0,0,0
23,1,0,0,0,0,0,15,1,0,0,0,0,0,0
30,1,0,0,0,0,0,22,1,0,0,0,0,0,0
19,1,0,0,0,0,0,11,1,0,0,0,0,0,0
17,1,0,0,0,0,0,9,1,0,0,0,0,0,0
45,2,0,0,0,0,0,14,0,0,1,0,0,0,1
317,3,4,0,1,0,4,15,1,0,0,0,0,0,1
55,2,2,0,0,0,0,16,1,0,0,0,0,0,1
20,1,0,0,0,0,0,12,1,0,0,0,0,0,0
45,2,3,0,0,0,0,25,1,0,0,0,0,0,1
21,1,1,0,0,0,0,13,1,0,0,0,0,0,0
24,1,0,0,0,0,0,16,1,0,0,0,0,0,0
21,1,1,0,0,0,0,6,1,0,0,0,0,0,1
16,1,0,0,0,0,0,8,1,0,0,0,0,0,0
173,2,3,0,1,0,3,15,1,0,0,0,0,0,1
111,3,1,0,1,0,2,15,1,0,0,0,0,0,1
76,2,1,0,1,0,2,25,1,0,0,0,0,0,1
61,3,1,0,0,0,0,43,0,0,0,0,0,0,1
22,1,0,0,0,0,0,7,1,0,0,0,0,0,1
26,1,0,0,0,0,0,18,1,0,0,0,0,0,0
30,2,0,0,0,0,0,21,1,0,0,0,0,0,1
22,1,0,0,0,0,0,7,1,0,0,0,0,0,1
19,1,0,0,0,0,0,11,1,0,0,0,0,0,0
19,1,0,0,0,0,0,11,1,0,0,0,0,0,0
36,2,0,0,0,0,0,28,0,0,0,0,0,0,1
23,2,0,0,0,0,0,8,1,0,0,0,0,0,1
42,2,2,0,0,0,0,24,1,0,0,0,0,0,1
22,1,0,0,0,0,0,6,1,0,0,0,0,0,1
25,1,1,0,0,0,0,17,1,0,0,0,0,0,0
21,2,0,0,0,0,0,13,1,0,0,0,0,0,0
87,2,4,0,1,0,1,21,1,0,0,0,0,0,1
38,2,1,0,0,0,0,12,1,0,0,0,0,0,1
40,2,0,0,0,0,0,31,1,0,0,0,0,0,1
22,1,0,0,0,0,0,14,1,0,0,0,0,0,0
22,1,0,0,0,0,0,14,1,0,0,0,0,0,0
22,1,0,0,0,0,0,7,1,0,0,0,0,0,1
28,1,0,0,0,0,0,20,1,0,0,0,0,0,0
17,1,0,0,0,0,0,9,1,0,0,0,0,0,0
17,1,0,0,0,0,0,9,1,0,0,0,0,0,0
22,1,0,0,0,0,0,14,1,0,0,0,0,0,0
15,1,0,0,0,0,0,7,1,0,0,0,0,0,0
15,1,0,0,0,0,0,7,1,0,0,0,0,0,0
16,1,0,0,0,0,0,8,1,0,0,0,0,0,0
34,2,0,0,0,0,0,25,1,0,1,0,0,0,1
175,2,2,0,1,0,3,15,1,0,0,0,0,0,1
36,2,0,0,1,0,1,23,1,0,0,0,0,0,1
23,2,0,0,0,0,0,8,1,0,0,0,0,0,1
21,2,0,0,0,0,0,13,1,0,0,0,0,0,0
25,1,0,0,0,0,0,17,1,0,0,0,0,0,0
18,1,0,0,0,0,0,10,1,0,0,0,0,0,0
22,1,0,0,0,0,0,14,1,0,0,0,0,0,0
19,1,0,0,0,0,0,11,1,0,0,0,0,0,0
18,1,0,0,0,0,0,10,1,0,0,0,0,0,0
65,3,5,0,0,0,0,24,1,0,0,0,0,0,1
26,2,0,0,0,0,0,18,0,0,0,0,0,0,1
22,1,0,0,0,0,0,14,1,0,0,0,0,0,0
17,1,0,0,0,0,0,9,1,0,0,0,0,0,0
18,1,0,0,0,0,0,10,1,0,0,0,0,0,0
21,1,1,0,0,0,0,13,1,0,0,0,0,0,0
14,1,0,0,0,0,0,6,1,0,0,0,0,0,0
32,1,0,0,0,0,0,24,1,0,0,0,0,0,0
39,2,0,0,0,0,0,30,1,0,0,0,0,0,1
49,2,0,0,0,0,0,10,1,0,0,0,0,0,1
19,1,0,0,0,0,0,11,1,0,0,0,0,0,0
24,1,0,0,0,0,0,16,1,0,0,0,0,0,0
41,2,0,0,0,0,0,32,1,0,0,0,0,0,1
18,1,0,0,0,0,0,10,1,0,0,0,0,0,0
21,1,0,0,0,0,0,13,1,0,0,0,0,0,0
53,2,0,0,0,0,0,16,1,0,0,0,0,0,1
37,2,0,0,0,0,0,28,1,0,0,0,0,0,1
60,1,4,0,0,0,0,8,1,0,0,0,0,0,1
22,1,0,0,0,0,0,14,1,0,0,0,0,0,0
40,2,1,0,0,0,0,31,1,0,0,0,0,0,1
22,1,0,0,0,0,0,7,1,0,0,0,0,0,1
64,1,0,0,0,0,0,15,1,0,0,0,0,0,1
173,2,2,0,1,0,3,15,1,0,0,0,0,0,1
16,1,0,0,0,0,0,8,1,0,0,0,0,0,0
26,1,0,0,0,0,0,18,1,0,0,0,0,0,0
42,2,1,0,0,0,0,33,1,0,0,0,0,0,1
21,1,0,0,0,0,0,13,1,0,0,0,0,0,0
20,1,0,0,0,0,0,12,1,0,0,0,0,0,0
23,1,0,0,0,0,0,15,1,0,0,0,0,0,0
18,1,0,0,0,0,0,10,1,0,0,0,0,0,0
22,1,0,0,0,0,0,7,1,0,0,0,0,0,1
22,1,0,0,0,0,0,14,1,0,0,0,0,0,0
28,1,1,0,0,0,0,20,1,0,0,0,0,0,0
75,2,1,0,1,0,2,24,1,0,0,0,0,0,1
19,1,0,0,0,0,0,11,1,0,0,0,0,0,0
31,2,0,0,0,0,0,22,1,0,0,0,0,0,1
54,2,0,0,0,0,0,17,1,0,0,0,0,0,1
167,2,1,0,1,0,3,15,1,0,0,0,0,0,1
14,1,0,0,0,0,0,6,1,0,0,0,0,0,0
20,1,0,0,0,0,0,12,1,0,0,0,0,0,0
23,2,0,0,0,0,0,8,1,0,0,0,0,0,1
21,1,0,0,0,0,0,13,1,0,0,0,0,0,0
15,1,0,0,0,0,0,7,1,0,0,0,0,0,0
15,1,0,0,0,0,0,7,1,0,0,0,0,0,0
35,1,0,0,1,0,1,11,1,0,0,0,0,0,1
27,2,1,0,0,0,0,18,1,0,0,0,0,0,1
22,1,0,0,0,0,0,14,1,0,0,0,0,0,0
20,1,0,0,0,0,0,12,1,0,0,0,0,0,0
22,1,0,0,0,0,0,14,1,0,0,0,0,0,0
29,1,0,0,0,0,0,12,1,0,0,0,0,0,1
26,1,1,0,0,0,0,18,1,0,0,0,0,0,0
25,2,0,0,0,0,0,16,1,0,0,0,0,0,1
26,2,0,0,0,0,0,17,1,0,0,0,0,0,1
22,1,0,0,0,0,0,7,1,0,0,0,0,0,1
23,1,0,0,0,0,0,15,1,0,0,0,0,0,0
21,1,1,0,0,0,0,6,1,0,0,0,0,0,1
17,1,0,0,0,0,0,9,1,0,0,0,0,0,0
27,1,1,0,0,0,0,20,0,0,0,0,0,0,1
23,1,1,0,0,0,0,15,1,0,0,0,0,0,0
173,2,1,0,1,0,3,15,1,0,0,0,0,0,1
28,2,1,0,0,0,0,19,1,0,0,0,0,0,1
17,1,0,0,0,0,0,9,1,0,0,0,0,0,0
24,2,0,0,0,0,0,15,1,0,0,0,0,0,1
17,1,0,0,0,0,0,9,1,0,0,0,0,0,0
23,2,0,0,0,0,0,8,1,0,0,0,0,0,1
42,2,2,0,0,0,0,33,1,0,0,0,0,0,1
43,2,2,0,0,0,0,34,1,0,0,0,0,0,1
21,1,0,0,0,0,0,13,1,0,0,0,0,0,0
19,1,0,0,0,0,0,11,1,0,0,0,0,0,0
18,1,0,0,0,0,0,10,1,0,0,0,0,0,0
19,1,0,0,0,0,0,11,1,0,0,0,0,0,0
51,3,0,0,0,0,0,21,1,0,0,0,0,0,1
17,1,0,0,0,0,0,9,1,0,0,0,0,0,0
45,1,0,0,0,0,0,12,1,0,0,0,0,0,1
61,3,1,0,0,0,0,43,1,0,0,0,0,0,1
17,1,0,0,0,0,0,9,1,0,0,0,0,0,0
26,1,0,0,0,0,0,18,1,0,0,0,0,0,0
16,1,0,0,0,0,0,8,1,0,0,0,0,0,0
27,2,0,0,0,0,0,18,1,0,0,0,0,0,1
20,1,0,0,0,0,0,12,1,0,0,0,0,0,0
60,3,1,0,0,0,0,28,1,0,0,0,0,0,1
17,1,0,0,0,0,0,9,1,0,0,0,0,0,0
27,2,0,0,0,0,0,18,1,0,0,0,0,0,1
16,1,0,0,0,0,0,8,1,0,0,0,0,0,0
22,2,0,0,0,0,0,14,1,0,0,0,0,0,0
21,1,1,0,0,0,0,6,1,0,0,0,0,0,1
22,1,0,0,0,0,0,6,1,0,0,0,0,0,1
36,2,0,0,0,0,0,27,1,0,0,0,0,0,1
37,2,0,0,0,0,0,28,1,0,0,0,0,0,1
39,2,1,0,0,0,0,27,0,0,0,0,0,0,1
22,1,0,0,0,0,0,14,1,0,0,0,0,0,0
18,1,0,0,0,0,0,10,1,0,0,0,0,0,0
21,2,0,0,0,0,0,13,1,0,0,0,0,0,0
25,1,0,0,0,0,0,17,1,0,0,0,0,0,0
21,1,1,0,0,0,0,6,1,0,0,0,0,0,1
29,1,1,0,0,0,0,12,1,0,0,0,0,0,1
21,1,1,0,0,0,0,6,1,0,0,0,0,0,1
29,2,0,0,0,0,0,20,1,0,0,0,0,0,1
17,1,0,0,0,0,0,9,1,0,0,0,0,0,0
16,1,0,0,0,0,0,8,1,0,0,0,0,0,0
15,1,0,0,0,0,0,7,1,0,0,0,0,0,0
18,1,0,0,0,0,0,10,1,0,0,0,0,0,0
178,3,2,0,1,0,4,15,1,0,0,0,0,0,1
18,1,0,0,0,0,0,10,1,0,0,0,0,0,0
22,1,0,0,0,0,0,14,1,0,0,0,0,0,0
54,2,2,0,0,0,0,46,1,0,0,0,0,0,1
28,2,0,0,0,0,0,20,0,0,0,0,0,0,1
21,1,1,0,0,0,0,6,1,0,0,0,0,0,1
21,1,1,0,0,0,0,13,1,0,0,0,0,0,0
16,1,0,0,0,0,0,8,1,0,0,0,0,0,0
20,1,0,0,0,0,0,12,1,0,0,0,0,0,0
22,1,0,0,0,0,0,6,1,0,0,0,0,0,1
35,2,1,0,0,0,0,26,1,0,0,0,0,0,1
18,1,0,0,0,0,0,10,1,0,0,0,0,0,0
19,1,0,0,0,0,0,11,1,0,0,0,0,0,0
44,2,3,0,0,0,0,36,1,0,0,0,0,0,1
22,1,0,0,0,0,0,14,1,0,0,0,0,0,0
37,2,1,0,0,0,0,29,1,0,0,0,0,0,1
22,1,0,0,0,0,0,7,1,0,0,0,0,0,1
28,2,0,0,0,0,0,19,1,0,0,0,0,0,1
14,1,0,0,0,0,0,6,1,0,0,0,0,0,0
23,1,0,0,0,0,0,15,1,0,0,0,0,0,0
14,1,0,0,0,0,0,6,1,0,0,0,0,0,0
23,1,1,0,0,0,0,15,1,0,0,0,0,0,0
43,3,0,0,0,0,0,34,1,0,0,0,0,0,1
25,2,1,0,0,0,0,17,0,0,0,0,0,0,1
21,1,1,0,0,0,0,13,1,0,0,0,0,0,0
175,2,2,0,1,0,3,15,1,0,0,0,0,0,1
29,2,0,0,0,0,0,8,1,0,0,0,0,0,1
18,1,0,0,0,0,0,10,1,0,0,0,0,0,0
60,3,1,0,0,0,0,28,1,0,0,0,0,0,1
35,2,1,0,0,0,0,28,0,0,0,0,0,0,1
33,2,0,0,0,0,0,25,1,0,0,0,0,0,1
33,1,0,0,0,0,0,25,1,0,0,0,0,0,1
21,1,0,0,0,0,0,13,1,0,0,0,0,0,0
47,1,0,0,0,0,0,9,1,0,0,0,0,0,1
22,1,0,0,0,0,0,14,1,0,0,0,0,0,0
15,1,0,0,0,0,0,7,1,0,0,0,0,0,0
43,1,0,0,0,0,0,12,1,0,0,0,0,0,1
23,1,0,0,0,0,0,15,1,0,0,0,0,0,0
666,3,5,0,1,14,11,27,1,0,0,0,0,0,1
21,1,0,0,0,0,0,13,1,0,0,0,0,0,0
23,1,0,0,0,0,0,15,1,0,0,0,0,0,0
21,1,1,0,0,0,0,13,1,0,0,0,0,0,0
23,2,0,0,0,0,0,8,1,0,0,0,0,0,1
17,1,0,0,0,0,0,9,1,0,0,0,0,0,0
22,1,0,0,0,0,0,7,1,0,0,0,0,0,1
19,1,0,0,0,0,0,11,1,0,0,0,0,0,0
40,1,0,0,0,0,0,9,1,0,0,0,0,0,1
17,1,0,0,0,0,0,9,1,0,0,0,0,0,0
34,2,1,0,0,0,0,25,1,0,0,0,0,0,1
43,2,4,0,0,0,0,34,1,0,0,0,0,0,1
36,2,1,0,0,0,0,27,1,0,0,0,0,0,1
44,2,3,0,0,0,0,36,1,0,0,0,0,0,1
18,2,0,0,0,0,0,10,1,0,0,0,0,0,0
27,2,0,0,0,0,0,18,1,0,0,0,0,0,1
50,3,1,0,0,0,0,26,0,0,1,0,0,0,1
17,1,0,0,0,0,0,9,1,0,0,0,0,0,0
19,1,0,0,0,0,0,11,1,0,0,1,0,0,0
25,1,0,0,0,0,0,12,1,0,0,0,0,0,1
21,1,0,0,0,0,0,13,1,0,0,0,0,0,0
23,2,0,0,0,0,0,8,1,0,0,0,0,0,1
25,1,0,0,0,0,0,17,1,0,0,0,0,0,0
23,1,0,0,0,0,0,15,1,0,0,0,0,0,0
25,2,0,0,0,0,0,17,1,0,0,0,0,0,0
17,1,0,0,0,0,0,9,1,0,0,0,0,0,0
24,1,0,0,0,0,0,13,1,0,0,0,0,0,1
41,2,2,0,0,0,0,16,1,0,0,0,0,0,1
16,1,0,0,0,0,0,8,1,0,0,0,0,0,0
64,2,1,0,0,0,0,57,0,0,0,0,0,0,1
20,1,0,0,0,0,0,12,1,0,0,0,0,0,0
22,1,0,0,0,0,0,7,1,0,0,0,0,0,1
29,2,0,0,0,0,0,20,1,0,0,0,0,0,1
14,1,0,0,0,0,0,6,1,0,0,0,0,0,0
20,1,0,0,0,0,0,12,1,0,0,0,0,0,0
22,1,0,0,0,0,0,14,1,0,0,0,0,0,0
17,1,0,0,0,0,0,9,1,0,0,0,0,0,0
61,2,0,0,0,0,0,16,1,0,0,0,0,0,1
18,1,0,0,0,0,0,10,1,0,0,0,0,0,0
42,2,0,0,0,0,0,14,1,0,0,0,0,0,1
28,1,1,0,0,0,0,20,1,0,0,0,0,0,0
18,1,0,0,0,0,0,10,1,0,0,0,0,0,0
22,1,0,0,0,0,0,7,1,0,0,0,0,0,1
16,1,0,0,0,0,0,8,1,0,0,0,0,0,0
35,2,1,0,0,0,0,26,1,0,0,0,0,0,1
18,1,0,0,0,0,0,10,1,0,0,0,0,0,0
21,1,0,0,0,0,0,13,1,0,0,0,0,0,0
21,1,0,0,0,0,0,13,1,0,0,0,0,0,0
23,1,1,0,0,0,0,15,1,0,0,0,0,0,0
29,1,0,0,0,0,0,21,1,0,0,0,0,0,0
18,1,0,0,0,0,0,10,1,0,0,0,0,0,0
14,1,0,0,0,0,0,6,1,0,0,0,0,0,0
21,1,0,0,0,0,0,13,1,0,0,0,0,0,0
20,2,0,0,0,0,0,12,1,0,0,0,0,0,0
22,1,0,0,0,0,0,7,1,0,0,0,0,0,1
32,2,1,0,0,0,0,23,1,0,0,0,0,0,1
47,2,0,0,0,0,0,12,1,0,0,0,0,0,1
40,2,2,0,0,0,0,31,1,0,0,0,0,0,1
64,3,1,0,0,0,0,43,1,0,0,0,0,0,1
19,1,0,0,0,0,0,11,1,0,0,0,0,0,0
78,2,2,0,1,0,1,17,1,0,0,0,0,0,1
22,1,0,0,0,0,0,7,1,0,0,0,0,0,1
175,2,2,0,1,0,3,15,1,0,0,0,0,0,1
175,2,4,0,1,0,3,15,1,0,0,0,0,0,1
51,3,0,0,0,0,0,21,1,0,0,0,0,0,1
76,2,1,0,1,0,2,25,1,0,0,0,0,0,1
25,2,0,0,0,0,0,16,1,0,0,0,0,0,1
21,1,0,0,0,0,0,13,1,0,0,0,0,0,0
34,2,1,0,0,0,0,25,1,0,0,0,0,0,1
20,1,0,0,0,0,0,12,1,0,0,0,0,0,0
36,2,0,0,0,0,0,27,1,0,0,0,0,0,1
34,2,0,0,0,0,0,25,1,0,0,0,0,0,1
67,2,0,0,1,0,1,17,0,0,0,0,0,0,1
84,2,1,0,0,0,0,15,1,0,0,0,0,0,1
23,1,0,0,0,0,0,15,1,0,0,0,0,0,0
23,2,0,0,0,0,0,8,1,0,0,0,0,0,1
175,2,3,0,1,0,3,15,1,0,0,0,0,0,1
24,1,1,0,0,0,0,16,1,0,0,0,0,0,0
83,3,0,0,0,0,0,74,1,0,0,0,0,0,1
23,2,0,0,0,0,0,8,1,0,0,0,0,0,1
190,3,3,0,1,0,4,15,1,0,0,0,0,0,1
24,1,0,0,0,0,0,16,1,0,0,0,0,0,0
184,3,2,0,1,1,4,15,1,0,0,0,0,0,1
27,2,0,0,0,0,0,18,1,0,0,0,0,0,1
18,1,0,0,0,0,0,10,1,0,0,0,0,0,0
23,1,0,0,0,0,0,15,1,0,0,0,0,0,0
34,2,0,0,0,0,0,25,1,0,0,0,0,0,1
22,1,0,0,0,0,0,6,1,0,0,0,0,0,1
17,1,0,0,0,0,0,9,1,0,0,0,0,0,0
17,1,0,0,0,0,0,9,1,0,0,0,0,0,0
21,1,0,0,0,0,0,13,1,0,0,0,0,0,0
22,1,0,0,0,0,0,7,1,0,0,0,0,0,1
114,6,2,0,1,0,3,38,1,0,0,0,0,0,1
20,1,0,0,0,0,0,12,1,0,0,0,0,0,0
16,1,0,0,0,0,0,8,1,0,0,0,0,0,0
13,1,0,0,0,0,0,5,1,0,0,0,0,0,0
18,2,0,0,0,0,0,10,1,0,0,0,0,0,0
19,1,0,0,0,0,0,11,1,0,0,0,0,0,0
24,1,0,0,0,0,0,16,1,0,0,0,0,0,0
32,2,0,0,0,0,0,23,1,0,0,0,0,0,1
16,1,0,0,0,0,0,8,1,0,0,0,0,0,0
18,1,0,0,0,0,0,10,1,0,0,0,0,0,0
41,2,1,0,0,0,0,32,1,0,0,0,0,0,1
23,1,0,0,0,0,0,15,1,0,0,0,0,0,0
47,2,0,0,0,0,0,12,1,0,0,0,0,0,1
36,2,0,0,0,0,0,27,1,0,0,0,0,0,1
26,1,0,0,0,0,0,18,1,0,0,0,0,0,0
19,1,0,0,0,0,0,11,1,0,0,0,0,0,0
23,2,0,0,0,0,0,8,1,0,0,0,0,0,1
19,1,0,0,0,0,0,11,1,0,0,0,0,0,0
104,3,1,0,0,0,0,21,1,0,0,0,0,0,1
173,2,4,0,1,0,3,15,1,0,0,0,0,0,1
24,1,1,0,0,0,0,16,1,0,0,0,0,0,0
23,2,0,0,0,0,0,8,1,0,0,0,0,0,1
103,3,3,0,1,0,2,35,1,0,0,0,0,0,1
16,1,0,0,0,0,0,8,1,0,0,0,0,0,0
20,1,0,0,0,0,0,12,1,0,0,0,0,0,0
23,2,0,0,0,0,0,8,1,0,0,0,0,0,1
20,1,0,0,0,0,0,12,1,0,0,0,0,0,0
18,1,0,0,0,0,0,10,1,0,0,0,0,0,0
21,1,1,0,0,0,0,6,1,0,0,0,0,0,1
28,2,0,0,0,0,0,19,1,0,0,0,0,0,1
58,2,0,0,1,0,1,16,1,0,0,0,0,0,1
36,2,1,0,0,0,0,29,0,0,0,0,0,0,1
17,1,0,0,0,0,0,9,1,0,0,0,0,0,0
23,1,0,0,0,0,0,15,1,0,0,0,0,0,0
22,1,0,0,0,0,0,7,1,0,0,0,0,0,1
14,1,0,0,0,0,0,6,1,0,0,0,0,0,0
23,2,0,0,0,0,0,8,1,0,0,0,0,0,1
20,1,0,0,0,0,0,12,1,0,0,0,0,0,0
27,1,0,0,0,0,0,13,1,0,0,0,0,0,1
175,2,1,0,1,0,3,15,1,0,0,0,0,0,1
24,1,1,0,0,0,0,16,1,0,0,0,0,0,0
21,1,1,0,0,0,0,6,1,0,0,0,0,0,1
32,2,0,0,0,0,0,23,1,0,0,0,0,0,1
29,2,0,0,0,0,0,20,1,0,0,0,0,0,1
23,2,0,0,0,0,0,8,1,0,0,0,0,0,1
36,2,0,0,0,0,0,16,1,0,0,0,0,0,1
16,1,0,0,0,0,0,8,1,0,0,0,0,0,0
26,1,0,0,0,0,0,18,1,0,0,0,0,0,0
27,2,1,0,0,0,0,18,1,0,0,0,0,0,1
42,2,0,0,0,0,0,26,1,0,0,0,0,0,1
36,2,0,0,0,0,0,27,1,0,0,0,0,0,1
25,1,1,0,0,0,0,17,1,0,0,0,0,0,0
14,1,0,0,0,0,0,6,1,0,0,0,0,0,0
41,2,0,0,0,0,0,32,1,0,0,0,0,0,1
33,2,0,0,0,0,0,24,1,0,0,0,0,0,1
19,1,0,0,0,0,0,11,1,0,0,0,0,0,0
18,1,0,0,0,0,0,10,1,0,0,0,0,0,0
19,1,0,0,0,0,0,11,1,0,0,0,0,0,0
17,1,0,0,0,0,0,9,1,0,0,0,0,0,0
43,6,0,0,0,0,0,35,0,1,0,0,0,1,1
21,1,1,0,0,0,0,6,1,0,0,0,0,0,1
59,2,1,0,0,0,0,21,1,0,0,0,0,0,1
21,1,0,0,0,0,0,13,1,0,0,0,0,0,0
83,3,0,0,0,0,0,74,1,0,0,0,0,0,1
19,1,1,0,0,0,0,11,1,0,0,0,0,0,0
21,1,0,0,0,0,0,13,1,0,0,0,0,0,0
165,4,0,0,1,0,0,22,1,0,0,0,0,0,1
27,2,0,0,0,0,0,18,1,0,0,0,0,0,1
21,1,1,0,0,0,0,13,1,0,0,0,0,0,0
132,3,6,0,1,0,2,15,1,0,0,0,0,0,1
22,1,0,0,0,0,0,14,1,0,0,0,0,0,0
22,1,0,0,0,0,0,6,1,0,0,0,0,0,1
24,1,0,0,0,0,0,16,1,0,0,0,0,0,0
18,1,0,0,0,0,0,10,1,0,0,0,0,0,0
43,1,0,0,0,0,0,9,1,0,0,0,0,0,1
26,2,0,0,0,0,0,17,1,0,0,0,0,0,1
25,2,0,0,0,0,0,16,1,0,0,0,0,0,1
22,1,0,0,0,0,0,7,1,0,0,0,0,0,1
21,1,0,0,0,0,0,13,1,0,0,0,0,0,0
19,1,0,0,0,0,0,11,1,0,0,0,0,0,0
53,3,0,0,1,0,1,7,1,0,0,0,0,0,1
24,2,0,0,0,0,0,16,1,0,0,0,0,0,0
175,2,2,0,1,0,3,15,1,0,0,0,0,0,1
48,2,3,0,0,0,0,39,1,0,0,0,0,0,1
20,1,0,0,0,0,0,12,1,0,0,0,0,0,0
22,1,0,0,0,0,0,7,1,0,0,0,0,0,1
16,1,0,0,0,0,0,8,1,0,0,0,0,0,0
19,1,0,0,0,0,0,11,1,0,0,0,0,0,0
25,1,0,0,0,0,0,17,1,0,0,0,0,0,0
21,1,0,0,0,0,0,13,1,0,0,0,0,0,0
22,1,0,0,0,0,0,7,1,0,0,0,0,0,1
34,2,0,0,0,0,0,25,1,0,0,0,0,0,1
18,1,0,0,0,0,0,10,1,0,0,0,0,0,0
25,1,0,0,0,0,0,17,1,0,0,0,0,0,0
49,2,0,0,0,0,0,40,1,0,0,0,0,0,1
23,2,0,0,0,0,0,8,1,0,0,0,0,0,1
51,3,0,0,0,0,0,21,1,0,0,0,0,0,1
16,1,0,0,0,0,0,8,1,0,0,0,0,0,0
131,2,3,0,0,0,0,15,1,0,0,0,0,0,1
18,2,0,0,0,0,0,10,1,0,0,0,0,0,0
20,1,0,0,0,0,0,12,1,0,0,0,0,0,0
175,2,1,0,1,0,3,15,1,0,0,0,0,0,1
22,1,0,0,0,0,0,7,1,0,0,0,0,0,1
16,1,0,0,0,0,0,8,1,0,0,0,0,0,0
273,3,2,0,0,0,1,43,1,0,0,0,0,0,1
19,1,0,0,0,0,0,11,1,0,0,0,0,0,0
20,1,0,0,0,0,0,12,1,0,0,0,0,0,0
18,1,0,0,0,0,0,10,1,0,0,0,0,0,0
104,3,1,0,0,0,0,21,1,0,0,0,0,0,1
181,3,1,0,1,1,4,15,1,0,0,0,0,0,1
20,1,0,0,0,0,0,12,1,0,0,0,0,0,0
21,1,1,0,0,0,0,6,1,0,0,0,0,0,1
19,1,0,0,0,0,0,11,1,0,0,0,0,0,0
15,1,0,0,0,0,0,7,1,0,0,0,0,0,0
175,2,3,0,1,0,3,15,1,0,0,0,0,0,1
19,1,0,0,0,0,0,11,1,0,0,0,0,0,0
18,1,0,0,0,0,0,9,1,0,0,0,0,0,1
21,1,1,0,0,0,0,6,1,0,0,0,0,0,1
116,3,2,0,1,0,2,15,1,0,0,0,0,0,1
36,1,2,0,0,0,0,28,1,0,0,0,0,0,0
21,1,0,0,0,0,0,13,1,0,0,0,0,0,0
37,2,0,0,0,0,0,30,0,0,0,0,0,0,1
21,2,0,0,0,0,0,13,1,0,0,0,0,0,0
25,1,0,0,0,0,0,17,1,0,0,0,0,0,0
25,1,0,1,0,0,0,10,1,0,0,0,0,0,1
25,1,1,0,0,0,0,17,1,0,0,0,0,0,0
36,2,0,0,0,0,0,27,1,0,0,0,0,0,1
84,2,1,0,0,0,0,15,1,0,0,0,0,0,1
32,2,1,0,0,0,0,23,1,0,0,0,0,0,1
32,2,2,0,0,0,0,23,1,0,0,0,0,0,1
47,2,0,0,0,0,0,12,1,0,0,0,0,0,1
13,1,0,0,0,0,0,5,1,0,0,0,0,0,0
20,1,0,0,0,0,0,12,1,0,0,0,0,0,0
17,1,0,0,0,0,0,9,1,0,0,0,0,0,0
22,1,1,0,0,0,0,14,1,0,0,0,0,0,0
17,1,0,0,0,0,0,9,1,0,0,0,0,0,0
22,1,1,0,0,0,0,14,1,0,0,0,0,0,0
17,1,0,0,0,0,0,9,1,0,0,0,0,0,0
25,1,1,0,0,0,0,17,1,0,0,0,0,0,0
37,2,2,0,0,0,0,28,1,0,0,0,0,0,1
23,2,0,0,0,0,0,8,1,0,0,0,0,0,1
15,1,0,0,0,0,0,7,1,0,0,0,0,0,0
146,3,2,0,1,0,4,15,1,0,0,0,0,0,1
18,1,0,0,0,0,0,10,1,0,0,0,0,0,0
22,1,0,0,0,0,0,7,1,0,0,0,0,0,1
20,1,0,0,0,0,0,12,1,0,0,0,0,0,0
22,1,0,0,0,0,0,6,1,0,0,0,0,0,1
14,1,0,0,0,0,0,6,1,0,0,0,0,0,0
23,1,0,0,0,0,0,15,1,0,0,0,0,0,0
14,1,0,0,0,0,0,6,1,0,0,0,0,0,0
46,3,1,0,0,0,0,37,1,0,1,1,0,1,1
18,1,0,0,0,0,0,10,1,0,0,0,0,0,0
71,4,1,0,0,0,0,43,1,0,0,0,0,0,1
21,1,1,0,0,0,0,6,1,0,0,0,0,0,1
23,2,0,0,0,0,0,8,1,0,0,0,0,0,1
38,2,0,0,0,0,0,30,0,0,0,0,0,0,1
23,1,0,0,0,0,0,15,1,0,0,0,0,0,0
14,1,0,0,0,0,0,6,1,0,0,0,0,0,0
19,1,0,0,0,0,0,11,1,0,0,0,0,0,0
26,1,0,0,0,0,0,18,1,0,0,0,0,0,0
27,2,1,0,0,0,0,18,1,0,0,0,0,0,1
22,1,0,0,0,0,0,14,1,0,0,0,0,0,0
23,1,0,0,0,0,0,15,1,0,0,0,0,0,0
19,1,0,0,0,0,0,11,1,0,0,0,0,0,0
47,2,2,0,0,0,0,38,1,0,0,0,0,0,1
45,2,2,0,0,0,0,36,1,0,0,0,0,0,1
40,2,2,0,0,0,0,31,1,0,0,0,0,0,1
51,3,0,0,0,0,0,21,1,0,0,0,0,0,1
19,1,0,0,0,0,0,11,1,0,0,0,0,0,0
28,2,0,0,0,0,0,19,1,0,0,0,0,0,1
65,3,2,0,0,0,0,16,1,0,0,0,0,0,1
72,2,4,0,0,0,0,10,1,0,0,0,0,0,1
19,1,0,0,0,0,0,11,1,0,0,0,0,0,0
20,1,0,0,0,0,0,12,1,0,0,0,0,0,0
23,2,0,0,0,0,0,8,1,0,0,0,0,0,1
45,2,2,0,0,0,0,36,1,0,0,0,0,0,1
16,1,0,0,0,0,0,8,1,0,0,0,0,0,0
104,2,0,0,1,0,1,33,1,0,0,0,0,0,1
178,3,3,0,1,0,4,15,1,0,0,0,0,0,1
27,1,0,0,0,0,0,19,1,0,0,0,0,0,0
21,2,0,0,0,0,0,13,1,0,0,0,0,0,0
84,4,1,0,1,0,0,22,1,0,0,0,0,0,1
21,1,0,0,0,0,0,13,1,0,0,0,0,0,0
105,1,1,0,0,10,0,26,1,0,0,0,0,0,1
21,1,0,0,0,0,0,13,1,0,0,0,0,0,0
17,1,0,0,0,0,0,9,1,0,0,0,0,0,0
20,1,0,0,0,0,0,12,1,0,0,0,0,0,0
21,2,0,0,0,0,0,13,1,0,0,0,0,0,0
18,2,0,0,0,0,0,10,1,0,0,0,0,0,0
22,1,0,0,0,0,0,7,1,0,0,0,0,0,1
17,1,0,0,0,0,0,9,1,0,0,0,0,0,0
21,2,0,0,0,0,0,13,1,0,0,0,0,0,0
50,2,0,0,0,0,0,41,1,0,1,0,0,0,1
21,1,1,0,0,0,0,13,1,0,0,0,0,0,0
40,2,1,0,0,0,0,31,1,0,0,0,0,0,1
25,1,0,0,0,0,0,10,1,0,0,0,0,0,1
22,1,0,0,0,0,0,14,1,0,0,0,0,0,0
35,2,0,0,0,0,0,26,1,0,0,0,0,0,1
15,1,0,0,0,0,0,7,1,0,0,0,0,0,0
23,2,0,0,0,0,0,8,1,0,0,0,0,0,1
22,1,0,0,0,0,0,7,1,0,0,0,0,0,1
14,1,0,0,0,0,0,6,1,0,0,0,0,0,0
18,1,0,0,0,0,0,10,1,0,0,0,0,0,0
17,1,0,0,0,0,0,9,1,0,0,0,0,0,0
24,1,0,0,0,0,0,16,1,0,0,0,0,0,0
20,1,0,0,0,0,0,12,1,0,0,0,0,0,0
21,1,1,0,0,0,0,13,1,0,0,0,0,0,0
18,1,0,0,0,0,0,10,1,0,0,0,0,0,0
23,2,0,0,0,0,0,8,1,0,0,0,0,0,1
163,3,1,0,1,0,1,21,1,0,0,0,0,0,1
17,1,0,0,0,0,0,9,1,0,0,0,0,0,0
178,3,2,0,1,0,4,15,1,0,0,0,0,0,1
13,1,0,0,0,0,0,5,1,0,0,0,0,0,0
23,2,0,0,0,0,0,8,1,0,0,0,0,0,1
22,1,0,0,0,0,0,14,1,0,0,0,0,0,0
18,1,0,0,0,0,0,10,1,0,0,0,0,0,0
20,1,0,0,0,0,0,12,1,0,0,0,0,0,0
17,1,0,0,0,0,0,9,1,0,0,0,0,0,0
15,1,0,0,0,0,0,7,1,0,0,0,0,0,0
22,1,0,0,0,0,0,14,1,0,0,0,0,0,0
38,2,2,0,0,0,0,29,1,0,0,0,0,0,1
76,2,1,0,1,0,2,25,1,0,0,0,0,0,1
16,1,0,0,0,0,0,8,1,0,0,0,0,0,0
17,1,0,0,0,0,0,9,1,0,0,0,0,0,0
17,1,0,0,0,0,0,9,1,0,0,0,0,0,0
19,2,0,0,0,0,0,10,1,0,0,0,0,0,1
16,1,0,0,0,0,0,8,1,0,0,0,0,0,0
22,1,0,0,0,0,0,7,1,0,0,0,0,0,1
23,2,0,0,0,0,0,8,1,0,0,0,0,0,1
16,1,0,0,0,0,0,8,1,0,0,0,0,0,0
20,1,0,0,0,0,0,12,1,0,0,0,0,0,0
34,2,2,0,0,0,0,25,1,0,0,0,0,0,1
17,1,0,0,0,0,0,9,1,0,0,0,0,0,0
36,2,2,0,0,0,0,27,1,0,0,0,0,0,1
33,1,0,0,0,0,0,16,1,0,0,0,0,0,1
17,1,0,0,0,0,0,9,1,0,0,0,0,0,0
24,1,1,0,0,0,0,16,1,0,0,0,0,0,0
18,1,0,0,0,0,0,10,1,0,0,0,0,0,0
17,1,0,0,0,0,0,9,1,0,0,0,0,0,0
23,2,0,0,0,0,0,8,1,0,0,0,0,0,1
23,2,0,0,0,0,0,8,1,0,0,0,0,0,1
20,1,0,0,0,0,0,12,1,0,0,0,0,0,0
22,1,0,0,0,0,0,14,1,0,0,0,0,0,0
25,1,0,0,0,0,0,17,1,0,0,0,0,0,0
83,3,0,0,0,0,0,74,1,0,0,0,0,0,1
17,1,0,0,0,0,0,9,1,0,0,0,0,0,0
23,1,0,0,0,0,0,15,1,0,0,0,0,0,0
27,2,0,0,0,0,0,18,1,0,0,0,0,0,1
46,2,0,0,0,0,0,37,1,0,0,0,0,0,1
131,2,2,0,0,0,0,15,1,0,0,0,0,0,1
20,1,0,0,0,0,0,12,1,0,0,0,0,0,0
19,1,0,0,0,0,0,11,1,0,0,0,0,0,0
22,1,0,0,0,0,0,7,1,0,0,0,0,0,1
29,2,1,0,0,0,0,17,1,0,0,0,0,0,1
22,1,0,0,0,0,0,7,1,0,0,0,0,0,1
30,2,0,0,0,0,0,21,1,0,0,0,0,0,1
56,2,2,0,0,0,0,16,1,0,0,0,0,0,1
18,1,0,0,0,0,0,10,1,0,0,0,0,0,0
23,1,1,0,0,0,0,15,1,0,0,0,0,0,0
33,1,1,0,0,0,0,16,1,0,0,0,0,0,1
16,1,0,0,0,0,0,8,1,0,0,0,0,0,0
19,2,0,0,0,0,0,11,1,0,0,0,0,0,0
57,3,0,0,1,0,1,21,1,0,0,0,0,0,1
22,1,1,0,0,0,0,14,1,0,0,0,0,0,0
21,1,1,0,0,0,0,6,1,0,0,0,0,0,1
20,1,0,0,0,0,0,12,1,0,0,0,0,0,0
23,1,0,0,0,0,0,15,1,0,0,0,0,0,0
22,1,0,0,0,0,0,6,1,0,0,0,0,0,1
54,3,1,0,0,0,0,24,0,0,0,0,0,0,1
39,2,0,0,0,0,0,15,1,0,0,0,0,0,1
190,3,2,0,1,0,4,15,1,0,0,0,0,0,1
19,1,1,0,0,0,0,11,1,0,0,0,0,0,0
24,2,0,0,0,0,0,15,1,0,0,0,0,0,1
15,1,0,0,0,0,0,7,1,0,0,0,0,0,0
31,2,1,0,0,0,0,22,1,0,0,0,0,0,1
47,2,1,0,0,0,0,12,1,0,0,0,0,0,1
17,1,0,0,0,0,0,9,1,0,0,0,0,0,0
36,1,0,0,0,0,0,17,1,0,0,0,0,0,1
22,1,0,0,0,0,0,14,1,0,0,0,0,0,0
21,1,0,0,0,0,0,13,1,0,0,0,0,0,0
34,2,0,0,0,0,0,25,1,0,0,0,0,0,1
25,2,0,0,0,0,0,17,1,0,0,0,0,0,0
175,2,3,0,1,0,3,15,1,0,0,0,0,0,1
26,1,1,0,0,0,0,18,1,0,0,0,0,0,0
18,1,0,0,0,0,0,10,1,0,0,0,0,0,0
19,1,0,0,0,0,0,11,1,0,0,0,0,0,0
23,1,1,0,0,0,0,15,1,0,0,0,0,0,0
20,1,0,0,0,0,0,12,1,0,0,0,0,0,0
22,1,0,0,0,0,0,7,1,0,0,0,0,0,1
15,1,0,0,0,0,0,7,1,0,0,0,0,0,0
18,1,0,0,0,0,0,10,1,0,0,0,0,0,0
20,1,0,0,0,0,0,12,1,0,0,0,0,0,0
22,1,0,0,0,0,0,14,1,0,0,0,0,0,0
18,1,0,0,0,0,0,10,1,0,0,0,0,0,0
43,2,0,0,0,0,0,15,1,0,0,0,0,0,1
17,1,0,0,0,0,0,9,1,0,0,0,0,0,0
29,2,0,0,0,0,0,20,1,0,0,0,0,0,1
98,3,4,0,0,0,0,22,1,0,0,0,0,0,1
44,2,2,0,0,0,0,35,1,0,0,0,0,0,1
31,2,1,0,0,0,0,22,1,0,0,0,0,0,1
19,1,0,0,0,0,0,11,1,0,0,0,0,0,0
27,1,1,0,0,0,0,18,1,0,0,0,0,0,1
45,4,0,0,0,0,0,36,1,0,0,0,0,0,1
19,1,0,0,0,0,0,11,1,0,0,0,0,0,0
40,2,1,0,0,0,0,31,1,0,0,0,0,0,1
18,1,0,0,0,0,0,10,1,0,0,0,0,0,0
55,2,3,0,0,0,0,46,1,0,0,0,0,0,1
124,2,5,0,1,0,0,15,1,0,0,0,0,0,1
157,4,10,0,1,0,2,15,1,0,0,0,0,1,1
54,2,1,0,0,0,0,17,1,0,0,0,0,0,1
43,3,0,0,0,0,0,34,1,0,0,0,0,0,1
27,2,0,0,0,0,0,18,1,0,0,0,0,0,1
17,1,0,0,0,0,0,9,1,0,0,0,0,0,0
21,1,0,0,0,0,0,13,1,0,0,0,0,0,0
25,1,0,0,0,0,0,17,1,0,0,0,0,0,0
19,1,0,0,0,0,0,11,1,0,0,0,0,0,0
21,1,0,0,0,0,0,13,1,0,0,0,0,0,0
21,2,0,0,0,0,0,13,1,0,0,0,0,0,0
20,1,0,0,0,0,0,12,1,0,0,0,0,0,0
18,1,0,0,0,0,0,10,1,0,0,0,0,0,0
16,1,0,0,0,0,0,8,1,0,0,0,0,0,0
17,2,0,0,0,0,0,9,1,0,0,0,0,0,0
128,3,4,0,1,0,2,15,1,0,0,0,0,0,1
21,1,0,0,0,0,0,13,1,0,0,0,0,0,0
175,2,2,0,1,0,3,15,1,0,0,0,0,0,1
23,1,0,0,0,0,0,15,1,0,0,0,0,0,0
22,1,0,0,0,0,0,14,1,0,0,0,0,0,0
27,1,1,0,0,0,0,6,1,0,0,0,0,0,1
15,1,0,0,0,0,0,7,1,0,0,0,0,0,0
23,1,0,0,0,0,0,8,1,0,0,0,0,0,1
23,2,0,0,0,0,0,8,1,0,0,0,0,0,1
19,1,0,0,0,0,0,11,1,0,0,0,0,0,0
20,1,0,0,0,0,0,12,1,0,0,0,0,0,0
22,1,0,0,0,0,0,14,1,0,0,0,0,0,0
175,2,3,0,1,0,3,15,1,0,0,0,0,0,1
35,2,0,0,0,0,0,16,1,0,0,0,0,0,1
23,1,0,0,0,0,0,15,1,0,0,0,0,0,0
27,2,0,0,0,0,0,18,1,0,0,0,0,0,1
23,1,1,0,0,0,0,15,1,0,0,0,0,0,0
19,1,0,0,0,0,0,11,1,0,0,0,0,0,0
20,1,0,0,0,0,0,12,1,0,0,0,0,0,0
26,1,1,0,0,0,0,11,1,0,0,0,0,0,1
18,1,0,0,0,0,0,10,1,0,0,0,0,0,0
13,1,0,0,0,0,0,5,1,0,0,0,0,0,0
20,1,0,0,0,0,0,12,1,0,0,0,0,0,0
66,6,0,0,1,0,0,19,1,0,0,0,0,0,1
175,2,1,0,1,0,3,15,1,0,0,0,0,0,1
17,1,0,0,0,0,0,9,1,0,0,0,0,0,0
23,1,0,0,0,0,0,15,1,0,0,0,0,0,0
18,1,0,0,0,0,0,10,1,0,0,0,0,0,0
18,1,0,0,0,0,0,10,1,0,0,0,0,0,0
17,2,0,0,0,0,0,9,1,0,0,0,0,0,0
19,1,0,0,0,0,0,11,1,0,0,0,0,0,0
22,1,0,0,0,0,0,14,1,0,0,0,0,0,0
42,2,0,0,0,0,0,16,1,0,0,0,0,0,1
15,1,0,0,0,0,0,7,1,0,0,0,0,0,0
22,1,0,0,0,0,0,14,1,0,0,0,0,0,0
17,1,0,0,0,0,0,9,1,0,0,0,0,0,0
16,1,0,0,0,0,0,8,1,0,0,0,0,0,0
22,1,0,0,0,0,0,14,1,0,0,0,0,0,0
19,1,0,0,0,0,0,11,1,0,0,0,0,0,0
17,1,0,0,0,0,0,9,1,0,0,0,0,0,0
15,1,0,0,0,0,0,7,1,0,0,0,0,0,0
19,1,0,0,0,0,0,11,1,0,0,0,0,0,0
15,1,0,0,0,0,0,7,1,0,0,0,0,0,0
23,2,0,0,0,0,0,8,1,0,0,0,0,0,1
49,2,1,0,0,0,0,26,1,0,0,0,0,0,1
21,1,0,0,0,0,0,13,1,0,0,0,0,0,0
20,1,0,0,0,0,0,12,1,0,0,0,0,0,0
16,1,0,0,0,0,0,8,1,0,0,0,0,0,0
48,2,2,0,0,0,0,39,1,0,0,0,0,0,1
30,1,1,0,0,0,0,13,1,0,0,0,0,0,1
178,3,1,0,1,0,4,15,1,0,0,0,0,0,1
46,2,0,0,0,0,0,19,1,0,0,0,0,0,1
33,1,1,0,0,0,0,25,1,0,0,0,0,0,0
21,1,1,0,0,0,0,6,1,0,0,0,0,0,1
35,2,0,0,0,0,0,27,0,0,0,0,0,0,1
22,1,0,0,0,0,0,6,1,0,0,0,0,0,1
21,1,1,0,0,0,0,6,1,0,0,0,0,0,1
16,1,0,0,0,0,0,8,1,0,0,0,0,0,0
19,1,0,0,0,0,0,11,1,0,0,0,0,0,0
14,1,0,0,0,0,0,6,1,0,0,0,0,0,0
65,3,2,0,0,0,0,43,1,0,0,0,0,0,1
15,1,0,0,0,0,0,7,1,0,0,0,0,0,0
20,1,0,0,0,0,0,12,1,0,0,0,0,0,0
21,1,1,0,0,0,0,6,1,0,0,0,0,0,1
22,1,0,0,0,0,0,14,1,0,0,0,0,0,0
21,1,0,0,0,0,0,13,1,0,0,0,0,0,0
39,2,2,0,0,0,0,30,1,0,0,0,0,0,1
175,2,2,0,1,0,3,15,1,0,0,0,0,0,1
62,3,1,0,0,0,0,43,1,0,0,0,0,0,1
40,2,1,0,0,0,0,31,1,0,0,0,0,0,1
16,1,0,0,0,0,0,8,1,0,0,0,0,0,0
17,1,0,0,0,0,0,9,1,0,0,0,0,0,0
21,1,1,0,0,0,0,6,1,0,0,0,0,0,1
17,2,0,0,0,0,0,9,1,0,0,0,0,0,0
82,3,0,0,0,0,0,74,0,0,0,0,0,0,1
19,1,0,0,0,0,0,11,1,0,0,0,0,0,0
83,3,0,0,0,0,0,74,1,0,0,0,0,0,1
18,1,0,0,0,0,0,10,1,0,0,0,0,0,0
23,1,0,0,0,0,0,4,1,0,0,0,0,0,1
20,1,0,0,0,0,0,12,1,0,0,0,0,0,0
19,1,0,0,0,0,0,11,1,0,0,0,0,0,0
17,1,0,0,0,0,0,9,1,0,0,0,0,0,0
21,1,0,0,0,0,0,13,1,0,0,0,0,0,0
22,1,0,0,0,0,0,6,1,0,0,0,0,0,1
237,2,0,0,1,0,4,28,1,0,0,0,0,0,1
31,2,1,0,0,0,0,22,1,0,0,0,0,0,1
29,1,0,0,0,0,0,21,1,0,0,0,0,0,0
23,1,0,0,0,0,0,15,1,0,0,0,0,0,0
18,1,0,0,0,0,0,10,1,0,0,0,0,0,0
31,2,0,0,0,0,0,18,1,0,0,0,0,0,1
31,1,0,0,0,0,0,23,1,0,0,0,0,0,0
88,1,0,0,1,0,0,7,1,0,0,0,0,0,1
41,3,0,0,0,0,0,22,1,0,0,0,0,0,1
48,2,0,0,0,0,0,39,1,0,0,0,0,0,1
39,2,0,0,0,0,0,15,1,0,0,0,0,0,1
14,1,0,0,0,0,0,6,1,0,0,0,0,0,0
20,1,0,0,0,0,0,6,1,0,0,0,0,0,1
60,3,1,0,0,0,0,28,1,0,0,0,0,0,1
35,2,0,0,0,0,0,26,1,0,0,0,0,0,1
22,1,0,0,0,0,0,14,1,0,0,0,0,0,0
83,3,0,0,0,0,0,74,1,0,0,0,0,0,1
190,3,1,0,1,0,4,15,1,0,0,0,0,0,1
36,2,0,0,0,0,0,27,1,0,0,0,0,0,1
22,1,0,0,0,0,0,14,1,0,0,0,0,0,0
17,1,0,0,0,0,0,9,1,0,0,0,0,0,0
35,2,0,0,0,0,0,26,1,0,0,0,0,0,1
20,1,0,0,0,0,0,12,1,0,0,0,0,0,0
41,2,0,0,0,0,0,27,1,0,0,0,0,0,1
28,1,0,0,1,0,0,16,1,0,0,0,0,0,1
18,1,0,0,0,0,0,10,1,0,0,0,0,0,0
20,1,0,0,0,0,0,12,1,0,0,0,0,0,0
23,1,0,0,0,0,0,4,1,0,0,0,0,0,1
21,1,0,0,0,0,0,13,1,0,0,0,0,0,0
15,1,0,0,0,0,0,7,1,0,0,0,0,0,0
21,1,0,0,0,0,0,13,1,0,0,0,0,0,0
22,1,0,0,0,0,0,14,1,0,0,0,0,0,0
22,1,0,0,0,0,0,6,1,0,0,0,0,0,1
24,1,0,0,0,0,0,16,1,0,0,0,0,0,0
17,1,0,0,0,0,0,9,1,0,0,0,0,0,0
49,3,1,0,0,0,0,41,1,0,0,0,0,0,1
20,1,0,0,0,0,0,12,1,0,0,0,0,0,0
175,2,3,0,1,0,3,15,1,0,0,0,0,0,1
21,1,0,0,0,0,0,13,1,0,0,0,0,0,0
34,1,0,0,0,0,0,26,1,0,0,0,0,0,0
41,2,2,0,0,0,0,32,1,0,0,0,0,0,1
24,1,0,0,0,0,0,16,1,0,0,0,0,0,0
22,1,0,0,0,0,0,14,1,0,0,0,0,0,0
19,1,0,0,0,0,0,11,1,0,0,0,0,0,0
24,1,2,0,0,0,0,16,1,0,0,0,0,0,0
22,1,1,0,0,0,0,14,1,0,0,0,0,0,0
22,1,0,0,0,0,0,7,1,0,0,0,0,0,1
46,3,1,0,1,0,1,7,1,0,0,0,0,0,1
217,4,4,0,1,0,2,21,1,0,0,0,0,0,1
24,1,0,0,0,0,0,17,0,0,0,0,0,0,1
15,1,0,0,0,0,0,7,1,0,0,0,0,0,0
62,3,1,0,0,0,0,43,1,0,0,0,0,0,1
29,1,1,0,0,0,0,12,1,0,0,0,0,0,1
25,1,0,0,0,0,0,17,1,0,0,0,0,0,0
16,1,0,0,0,0,0,8,1,0,0,0,0,0,0
17,2,0,0,0,0,0,9,1,0,0,0,0,0,0
42,3,0,0,0,0,0,21,1,0,0,0,0,0,1
77,3,6,0,0,0,0,68,1,0,0,0,0,0,1
146,3,1,0,1,0,4,15,1,0,0,0,0,0,1
14,1,0,0,0,0,0,6,1,0,0,0,0,0,0
19,1,0,0,0,0,0,11,1,0,0,0,0,0,0
15,1,0,0,0,0,0,7,1,0,0,0,0,0,0
25,1,0,0,0,0,0,17,1,0,0,0,0,0,0
21,1,0,0,0,0,0,13,1,0,0,0,0,0,0
21,1,1,0,0,0,0,6,1,0,0,0,0,0,1
19,1,0,0,0,0,0,11,1,0,0,0,0,0,0
22,1,0,0,0,0,0,7,1,0,0,0,0,0,1
14,1,0,0,0,0,0,6,1,0,0,0,0,0,0
79,5,2,0,0,0,0,60,1,0,0,0,0,0,1
28,1,0,0,0,0,0,20,1,0,0,0,0,0,0
28,1,0,0,0,0,0,19,1,0,0,0,0,0,1
23,1,0,0,0,0,0,15,1,0,0,0,0,0,0
175,2,2,0,1,0,3,15,1,0,0,0,0,0,1
45,2,2,0,0,0,0,29,1,0,0,0,0,0,1
16,1,0,0,0,0,0,8,1,0,0,0,0,0,0
19,1,0,0,0,0,0,11,1,0,0,0,0,0,0
17,1,0,0,0,0,0,9,1,0,0,0,0,0,0
173,1,0,0,0,0,0,21,0,0,0,0,0,0,1
20,1,0,0,0,0,0,12,1,0,0,0,0,0,0
17,1,0,0,0,0,0,9,1,0,0,0,0,0,0
17,1,0,0,0,0,0,9,1,0,0,0,0,0,0
21,1,1,0,0,0,0,6,1,0,0,0,0,0,1
23,2,0,0,0,0,0,8,1,0,0,0,0,0,1
15,1,0,0,0,0,0,7,1,0,0,0,0,0,0
178,3,3,0,1,0,4,15,1,0,0,0,0,0,1
22,1,1,0,0,0,0,14,1,0,0,0,0,0,0
21,2,0,0,0,0,0,13,1,0,0,0,0,0,0
21,1,1,0,0,0,0,6,1,0,0,0,0,0,1
21,1,1,0,0,0,0,6,1,0,0,0,0,0,1
16,1,0,0,0,0,0,8,1,0,0,0,0,0,0
23,1,0,0,0,0,0,15,1,0,0,0,0,0,0
18,1,0,0,0,0,0,10,1,0,0,0,0,0,0
23,2,0,0,0,0,0,15,1,0,0,0,0,0,0
77,3,6,0,0,0,0,68,1,0,0,0,0,0,1
20,1,0,0,0,0,0,12,1,0,0,0,0,0,0
13,1,0,0,0,0,0,5,1,0,0,0,0,0,0
22,1,0,0,0,0,0,6,1,0,0,0,0,0,1
25,2,0,0,0,0,0,17,1,0,0,0,0,0,1
39,2,2,0,0,0,0,30,1,0,0,0,0,0,1
61,3,1,0,0,0,0,43,1,0,0,0,0,0,1
22,1,0,0,0,0,0,7,1,0,0,0,0,0,1
34,2,0,0,0,0,0,17,1,0,0,0,0,0,1
20,1,0,0,0,0,0,5,1,0,0,0,0,0,1
25,1,0,0,0,0,0,17,1,0,0,0,0,0,0
20,1,0,0,0,0,0,12,1,0,0,0,0,0,0
15,1,0,0,0,0,0,7,1,0,0,0,0,0,0
237,2,0,0,1,2,2,25,1,0,0,0,0,0,1
20,1,0,0,0,0,0,12,1,0,0,0,0,0,0
43,3,0,0,0,0,0,23,1,0,0,0,0,0,1
21,1,0,0,0,0,0,13,1,0,0,0,0,0,0
19,1,0,0,0,0,0,11,1,0,0,0,0,0,0
13,1,0,0,0,0,0,5,1,0,0,0,0,0,0
175,2,1,0,1,0,3,15,1,0,0,0,0,0,1
190,3,1,0,1,0,4,15,1,0,0,0,0,0,1
55,2,0,0,0,0,0,16,1,0,0,0,0,0,1
66,2,0,0,0,0,0,57,1,0,0,0,0,0,1
17,1,0,0,0,0,0,9,1,0,0,0,0,0,0
23,2,0,0,0,0,0,15,1,0,0,0,0,0,0
19,1,0,0,0,0,0,11,1,0,0,0,0,0,0
38,2,0,0,0,0,0,25,1,0,0,0,0,0,1
38,2,0,0,0,0,0,29,1,0,0,0,0,0,1
16,1,0,0,0,0,0,8,1,0,0,0,0,0,0
41,2,0,0,0,0,0,16,1,0,0,0,0,0,1
17,1,0,0,0,0,0,9,1,0,0,0,0,0,0
19,1,0,0,0,0,0,11,1,0,0,0,0,0,0
19,1,0,0,0,0,0,11,1,0,0,0,0,0,0
20,1,0,0,0,0,0,12,1,0,0,0,0,0,0
38,2,2,0,0,0,0,20,1,0,0,0,0,0,1
21,1,0,0,0,0,0,13,1,0,0,0,0,0,0
17,1,0,0,0,0,0,9,1,0,0,0,0,0,0
19,1,0,0,0,0,0,11,1,0,0,0,0,0,0
19,1,0,0,0,0,0,11,1,0,0,0,0,0,0
20,1,0,0,0,0,0,12,1,0,0,0,0,0,0
41,2,1,0,0,0,0,32,1,0,0,0,0,0,1
24,1,0,0,0,0,0,16,1,0,0,0,0,0,0
34,2,0,0,0,0,0,25,1,0,0,0,0,0,1
16,1,0,0,0,0,0,8,1,0,0,0,0,0,0
40,1,1,0,0,0,0,13,1,0,0,0,0,0,1
26,1,1,0,0,0,0,18,1,0,0,0,0,0,0
23,2,0,0,0,0,0,8,1,0,0,0,0,0,1
43,2,1,0,0,0,0,35,1,0,0,0,0,0,1
22,1,0,0,0,0,0,14,1,0,0,0,0,0,0
18,1,0,0,0,0,0,10,1,0,0,0,0,0,0
24,1,0,0,0,0,0,16,1,0,0,0,0,0,0
16,1,0,0,0,0,0,8,1,0,0,0,0,0,0
17,1,0,0,0,0,0,9,1,0,0,0,0,0,0
24,1,1,0,0,0,0,16,1,0,0,0,0,0,0
14,1,0,0,0,0,0,6,1,0,0,0,0,0,0
51,3,0,0,0,0,0,21,1,0,0,0,0,0,1
23,1,0,0,0,0,0,15,1,0,0,0,0,0,0
26,2,0,0,0,0,0,17,1,0,0,0,0,0,1
558,7,11,0,1,8,4,15,1,0,0,0,0,0,1
16,1,0,0,0,0,0,8,1,0,0,0,0,0,0
26,1,1,0,0,0,0,18,1,0,0,0,0,0,0
16,1,0,0,0,0,0,8,1,0,0,0,0,0,0
19,1,0,0,0,0,0,11,1,0,0,0,0,0,0
83,3,0,0,0,0,0,74,1,0,0,0,0,0,1
31,1,0,0,0,0,0,12,1,0,0,0,0,0,1
28,1,0,0,0,0,0,20,1,0,0,0,0,0,0
14,1,0,0,0,0,0,6,1,0,0,0,0,0,0
15,1,0,0,0,0,0,7,1,0,0,0,0,0,0
18,1,0,0,0,0,0,10,1,0,0,0,0,0,0
190,3,2,0,1,0,4,15,1,0,0,0,0,0,1
23,2,0,0,0,0,0,15,1,0,0,0,0,0,0
38,2,0,0,0,0,0,29,1,0,0,0,0,0,1
36,2,0,0,0,0,0,16,1,0,0,0,0,0,1
22,1,0,0,0,0,0,7,1,0,0,0,0,0,1
31,2,1,0,0,0,0,22,1,0,0,0,0,0,1
24,1,0,0,0,0,0,16,1,0,0,0,0,0,0
20,1,0,0,0,0,0,12,1,0,0,0,0,0,0
190,3,1,0,1,0,4,15,1,0,0,0,0,0,1
18,1,0,0,0,0,0,10,1,0,0,0,0,0,0
15,1,0,0,0,0,0,7,1,0,0,0,0,0,0
27,1,0,0,0,0,0,19,1,0,0,0,0,0,0
23,2,0,0,0,0,0,8,1,0,0,0,0,0,1
17,1,0,0,0,0,0,9,1,0,0,0,0,0,0
22,1,0,0,0,0,0,6,1,0,0,0,0,0,1
26,1,1,0,0,0,0,18,1,0,0,0,0,0,0
15,1,0,0,0,0,0,7,1,0,0,0,0,0,0
27,1,0,0,0,0,0,19,1,0,0,0,0,0,0
126,2,1,0,1,0,10,15,1,0,0,0,0,0,1
51,3,0,0,1,0,1,7,1,0,0,0,0,0,1
21,1,1,0,0,0,0,6,1,0,0,0,0,0,1
22,1,0,0,0,0,0,14,1,0,0,0,0,0,0
21,1,1,0,0,0,0,6,1,0,0,0,0,0,1
41,1,2,0,1,0,1,23,1,0,0,0,0,0,1
20,1,0,0,0,0,0,12,1,0,0,0,0,0,0
42,2,0,0,0,0,0,14,1,0,0,0,0,0,1
22,1,0,0,0,0,0,7,1,0,0,0,0,0,1
21,1,0,0,0,0,0,13,1,0,0,0,0,0,0
35,2,1,0,0,0,0,26,1,0,0,0,0,0,1
175,2,1,0,1,0,3,15,1,0,0,0,0,0,1
740,7,16,0,2,0,41,30,1,0,0,0,0,0,1
22,1,0,0,0,0,0,7,1,0,0,0,0,0,1
21,1,0,0,0,0,0,13,1,0,0,0,0,0,0
33,2,0,0,0,0,0,24,1,0,0,0,0,0,1
20,1,0,0,0,0,0,5,1,0,0,0,0,0,1
61,2,3,0,0,0,0,45,1,0,0,0,0,0,1
14,1,0,0,0,0,0,6,1,0,0,0,0,0,0
15,1,0,0,0,0,0,7,1,0,0,0,0,0,0
20,1,0,0,0,0,0,12,1,0,0,0,0,0,0
20,1,0,0,0,0,0,12,1,0,0,0,0,0,0
18,2,0,0,0,0,0,10,1,0,0,0,0,0,0
18,1,0,0,0,0,0,10,1,0,0,0,0,0,0
21,1,1,0,0,0,0,6,1,0,0,0,0,0,1
19,1,0,0,0,0,0,11,1,0,0,0,0,0,0
18,1,0,0,0,0,0,10,1,0,0,0,0,0,0
62,3,1,0,0,0,0,43,1,0,0,0,0,0,1
20,1,0,0,0,0,0,12,1,0,0,0,0,0,0
29,1,1,0,0,0,0,21,1,0,0,0,0,0,0
21,2,0,0,0,0,0,13,1,0,0,0,0,0,0
40,2,0,0,0,0,0,31,1,0,0,0,0,0,1
44,3,1,0,0,0,0,18,0,0,1,0,0,0,1
35,2,0,0,0,0,0,26,1,0,0,0,0,0,1
15,1,0,0,0,0,0,7,1,0,0,0,0,0,0
19,1,1,0,0,0,0,11,1,0,0,0,0,0,0
19,1,0,0,0,0,0,11,1,0,0,0,0,0,0
18,1,0,0,0,0,0,10,1,0,0,0,0,0,0
24,1,0,0,0,0,0,16,1,0,0,0,0,0,0
18,1,0,0,0,0,0,10,1,0,0,0,0,0,0
48,3,0,0,1,0,1,20,1,0,0,0,0,0,1
17,1,0,0,0,0,0,9,1,0,0,0,0,0,0
21,1,0,0,0,0,0,13,1,0,0,0,0,0,0
21,1,0,0,0,0,0,13,1,0,0,0,0,0,0
20,1,0,0,0,0,0,12,1,0,0,0,0,0,0
22,1,0,0,0,0,0,14,1,0,0,0,0,0,0
175,2,2,0,1,0,3,15,1,0,0,0,0,0,1
175,2,2,0,1,0,3,15,1,0,0,0,0,0,1
63,2,3,0,0,0,0,16,1,0,0,0,0,0,1
19,1,0,0,0,0,0,11,1,0,0,0,0,0,0
15,1,0,0,0,0,0,7,1,0,0,0,0,0,0
21,1,0,0,0,0,0,13,1,0,0,0,0,0,0
19,1,0,0,0,0,0,11,1,0,0,0,0,0,0
27,2,0,0,0,0,0,18,1,0,0,0,0,0,1
23,1,0,0,0,0,0,15,1,0,0,0,0,0,0
20,1,0,0,0,0,0,12,1,0,0,0,0,0,0
23,1,0,0,0,0,0,15,1,0,0,0,0,0,0
21,2,0,0,0,0,0,13,1,0,0,0,0,0,0
20,1,0,0,0,0,0,12,1,0,0,0,0,0,0
18,1,0,0,0,0,0,10,1,0,0,0,0,0,0
16,1,0,0,0,0,0,8,1,0,0,0,0,0,0
27,2,0,0,0,0,0,18,1,0,0,0,0,0,1
36,2,0,0,0,0,0,27,1,0,0,0,0,0,1
21,1,1,0,0,0,0,6,1,0,0,0,0,0,1
22,1,0,0,0,0,0,7,1,0,0,0,0,0,1
21,1,1,0,0,0,0,6,1,0,0,0,0,0,1
21,1,0,0,0,0,0,13,1,0,0,0,0,0,0
22,1,0,0,0,0,0,14,1,0,0,0,0,0,0
50,2,3,0,0,0,0,16,1,0,0,0,0,0,1
40,2,0,0,0,0,0,16,1,0,0,0,0,0,1
18,2,0,0,0,0,0,10,1,0,0,0,0,0,0
29,2,1,0,0,0,0,21,0,0,0,0,0,0,1
43,3,0,0,0,0,0,34,1,0,0,0,0,0,1
31,2,1,0,0,0,0,8,1,0,0,0,0,0,1
23,2,0,0,0,0,0,8,1,0,0,0,0,0,1
26,1,0,0,0,0,0,18,1,0,0,0,0,0,0
21,1,1,0,0,0,0,6,1,0,0,0,0,0,1
175,2,2,0,1,0,3,15,1,0,0,0,0,0,1
20,1,0,0,0,0,0,12,1,0,0,0,0,0,0
83,3,0,0,0,0,0,74,1,0,0,0,0,0,1
36,2,1,0,0,0,0,27,1,0,0,0,0,0,1
82,2,1,0,0,0,0,21,1,0,0,0,0,0,1
32,2,0,0,0,0,0,23,1,0,0,0,0,0,1
18,1,0,0,0,0,0,10,1,0,0,0,0,0,0
19,1,0,0,0,0,0,11,1,0,0,0,0,0,0
28,1,0,0,0,0,0,20,1,0,0,0,0,0,0
22,1,0,0,0,0,0,6,1,0,0,0,0,0,1
34,2,1,0,0,0,0,26,0,0,0,0,0,0,1
20,2,0,0,0,0,0,12,1,0,0,0,0,0,0
19,1,0,0,0,0,0,11,1,0,0,1,0,0,0
22,1,0,0,0,0,0,11,0,0,0,0,0,0,1
29,1,0,0,0,0,0,21,1,0,0,0,0,0,0
20,2,0,0,0,0,0,12,1,0,0,0,0,0,0
20,1,0,0,0,0,0,12,1,0,0,0,0,0,0
22,1,0,0,0,0,0,14,1,0,0,0,0,0,0
16,1,0,0,0,0,0,8,1,0,0,0,0,0,0
20,1,0,0,0,0,0,12,1,0,0,0,0,0,0
35,1,2,0,0,0,0,27,1,0,0,0,0,0,0
75,2,1,0,1,0,2,24,1,0,0,0,0,0,1
41,3,0,0,0,0,0,15,1,0,0,0,0,0,1
38,1,0,0,1,0,1,12,1,0,0,0,0,0,1
22,1,0,0,0,0,0,6,1,0,0,0,0,0,1
13,1,0,0,0,0,0,5,1,0,0,0,0,0,0
22,1,0,0,0,0,0,14,1,0,0,0,0,0,0
20,1,0,0,0,0,0,12,1,0,0,0,0,0,0
17,1,0,0,0,0,0,9,1,0,0,0,0,0,0
21,1,1,0,0,0,0,13,1,0,0,0,0,0,0
26,1,1,0,0,0,0,11,1,0,0,0,0,0,1
62,3,1,0,0,0,0,43,1,0,0,0,0,0,1
17,1,0,0,0,0,0,9,1,0,0,0,0,0,0
38,2,1,0,0,0,0,31,0,0,0,0,0,0,1
43,2,1,0,0,0,0,36,0,0,0,0,0,0,1
19,1,0,0,0,0,0,11,1,0,0,0,0,0,0
18,1,0,0,0,0,0,10,1,0,0,0,0,0,0
33,2,0,0,0,0,0,24,1,0,0,0,0,0,1
131,2,2,0,0,0,0,15,1,0,0,0,0,0,1
65,2,1,0,0,0,0,58,0,0,0,0,0,0,1
19,1,0,0,0,0,0,11,1,0,0,0,0,0,0
66,3,1,0,0,0,0,43,1,0,0,0,0,0,1
1039,5,31,0,1,0,1,28,1,0,0,0,0,0,1
22,1,0,0,0,0,0,7,1,0,0,0,0,0,1
113,3,1,0,1,0,2,15,1,0,0,0,0,0,1
21,1,1,0,0,0,0,13,1,0,0,0,0,0,0
16,1,0,0,0,0,0,8,1,0,0,0,0,0,0
52,2,0,0,1,0,1,18,1,0,0,0,0,0,1
18,1,0,0,0,0,0,10,1,0,0,0,0,0,0
37,2,1,0,0,0,0,29,1,0,0,0,0,0,1
16,1,0,0,0,0,0,8,1,0,0,0,0,0,0
38,2,1,0,0,0,0,31,0,0,0,0,0,0,1
28,1,1,0,0,0,0,10,1,0,0,0,0,0,1
43,2,0,0,0,0,0,34,1,0,0,0,0,0,1
29,1,0,1,0,0,0,10,1,0,0,0,0,0,1
175,2,2,0,1,0,3,15,1,0,0,0,0,0,1
15,1,0,0,0,0,0,7,1,0,0,0,0,0,0
19,1,0,0,0,0,0,11,1,0,0,0,0,0,0
21,1,1,0,0,0,0,6,1,0,0,0,0,0,1
28,2,1,0,0,0,0,19,1,0,0,0,0,0,1
21,2,0,0,0,0,0,13,1,0,0,0,0,0,0
87,3,0,0,1,0,1,25,1,0,0,0,0,0,1
17,1,0,0,0,0,0,9,1,0,0,0,0,0,0
34,2,1,0,0,0,0,19,1,0,0,0,0,0,1
22,1,0,0,0,0,0,6,1,0,0,0,0,0,1
19,2,0,0,0,0,0,11,1,0,0,0,0,0,0
49,2,0,0,0,0,0,10,1,0,0,0,0,0,1
16,1,0,0,0,0,0,8,1,0,0,0,0,0,0
41,2,0,0,0,0,0,16,1,0,0,0,0,0,1
20,1,0,0,0,0,0,12,1,0,0,0,0,0,0
18,1,0,0,0,0,0,10,1,0,0,0,0,0,0
23,1,0,0,0,0,0,8,1,0,0,0,0,0,1
26,2,0,0,0,0,0,17,1,0,0,0,0,0,1
31,2,2,0,0,0,0,22,1,0,0,0,0,0,1
20,2,0,0,0,0,0,12,1,0,0,0,0,0,0
37,2,2,0,0,0,0,22,1,0,0,0,0,0,1
21,1,1,0,0,0,0,13,1,0,0,0,0,0,0
50,2,0,0,0,0,0,27,1,0,0,0,0,0,1
39,2,1,0,0,0,0,14,1,0,0,0,0,0,1
62,3,1,0,0,0,0,43,1,0,0,0,0,0,1
22,1,0,0,0,0,0,7,1,0,0,0,0,0,1
26,2,0,0,0,0,0,18,1,0,0,0,0,0,0
22,1,0,0,0,0,0,7,1,0,0,0,0,0,1
28,2,0,0,0,0,0,19,1,0,0,0,0,0,1
44,3,0,0,0,0,0,22,1,0,0,0,0,0,1
40,2,0,0,0,0,0,31,1,0,0,0,0,0,1
29,1,2,0,0,0,0,21,1,0,0,0,0,0,0
33,1,1,0,0,0,0,11,1,0,0,0,0,0,1
25,1,0,0,0,0,0,17,1,0,0,0,0,0,0
22,1,0,0,0,0,0,7,1,0,0,0,0,0,1
15,1,0,0,0,0,0,7,1,0,0,0,0,0,0
21,1,1,0,0,0,0,6,1,0,0,0,0,0,1
22,1,0,0,0,0,0,7,1,0,0,0,0,0,1
175,2,4,0,1,0,3,15,1,0,0,0,0,0,1
83,3,0,0,0,0,0,74,1,0,0,0,0,0,1
77,3,1,0,0,0,0,23,1,0,0,0,0,0,1
49,2,5,0,0,0,0,41,0,0,0,0,0,0,1
38,2,2,0,0,0,0,29,1,0,0,0,0,0,1
19,1,0,0,0,0,0,11,1,0,0,0,0,0,0
21,1,1,0,0,0,0,6,1,0,0,0,0,0,1
62,3,1,0,0,0,0,43,1,0,0,0,0,0,1
17,1,0,0,0,0,0,9,1,0,0,0,0,0,0
62,3,1,0,0,0,0,43,1,0,0,0,0,0,1
84,2,1,0,0,0,0,15,1,0,0,0,0,0,1
14,1,0,0,0,0,0,6,1,0,0,0,0,0,0
178,3,3,0,1,0,4,15,1,0,0,0,0,0,1
147,2,2,0,1,0,1,15,1,0,0,0,0,0,1
21,1,1,0,0,0,0,6,1,0,0,0,0,0,1
18,1,0,0,0,0,0,10,1,0,0,0,0,0,0
16,1,0,0,0,0,0,8,1,0,0,0,0,0,0
23,1,0,0,0,0,0,15,1,0,0,0,0,0,0
22,1,0,0,0,0,0,7,1,0,0,0,0,0,1
23,2,0,0,0,0,0,8,1,0,0,0,0,0,1
40,2,2,0,0,0,0,31,1,0,0,0,0,0,1
22,1,0,0,0,0,0,7,1,0,0,0,0,0,1
19,1,0,0,0,0,0,11,1,0,0,0,0,0,0
169,3,9,0,1,0,2,15,1,0,0,0,0,0,1
22,1,0,0,0,0,0,7,1,0,0,0,0,0,1
14,1,0,0,0,0,0,6,1,0,0,0,0,0,0
23,1,0,0,0,0,0,15,1,0,0,0,0,0,0
64,3,2,0,0,0,0,55,1,0,0,0,0,0,1
16,1,0,0,0,0,0,8,1,0,0,0,0,0,0
22,1,0,0,0,0,0,7,1,0,0,0,0,0,1
15,1,0,0,0,0,0,7,1,0,0,0,0,0,0
19,2,0,0,0,0,0,11,1,0,0,0,0,0,0
48,2,2,0,0,0,0,8,1,0,0,0,0,0,1
22,1,0,0,0,0,0,14,1,0,0,0,0,0,0
21,1,0,0,0,0,0,12,0,0,0,0,0,0,1
21,1,0,0,0,0,0,13,1,0,0,0,0,0,0
23,2,0,0,0,0,0,8,1,0,0,0,0,0,1
190,3,2,0,1,0,4,15,1,0,0,0,0,0,1
97,4,0,0,1,0,2,15,1,0,0,0,0,0,1
92,3,1,0,0,3,0,43,1,0,0,0,0,0,1
18,1,0,0,0,0,0,10,1,0,0,0,0,0,0
83,3,0,0,0,0,0,74,1,0,0,0,0,0,1
24,1,0,0,0,0,0,16,1,0,0,0,0,0,0
17,1,0,0,0,0,0,9,1,0,0,0,0,0,0
20,1,0,0,0,0,0,12,1,0,0,0,0,0,0
21,1,0,0,0,0,0,13,1,0,0,0,0,0,0
17,1,0,0,0,0,0,9,1,0,0,0,0,0,0
62,3,1,0,0,0,0,43,1,0,0,0,0,0,1
113,2,0,0,1,0,1,15,1,0,0,0,0,0,1
175,2,1,0,1,0,3,15,1,0,0,0,0,0,1
24,1,1,0,0,0,0,16,1,0,0,0,0,0,0
18,1,0,0,0,0,0,10,1,0,0,0,0,0,0
43,2,2,0,0,0,0,34,1,0,0,0,0,0,1
17,1,0,0,0,0,0,9,1,0,0,0,0,0,0
25,1,0,0,0,0,0,17,1,0,0,0,0,0,0
18,1,0,0,0,0,0,10,1,0,0,0,0,0,0
24,1,0,0,0,0,0,16,1,0,0,0,0,0,0
34,2,0,0,0,0,0,25,1,0,0,0,0,0,1
74,3,1,0,0,0,0,43,1,0,0,0,0,0,1
63,1,0,0,1,0,0,6,1,0,0,0,0,0,1
32,2,1,0,0,0,0,23,1,0,0,0,0,0,1
30,1,0,0,0,0,0,22,1,0,0,0,0,0,0
32,2,0,0,0,0,0,23,1,0,1,0,0,0,1
167,2,3,0,1,0,3,15,1,0,0,0,0,0,1
22,1,0,0,0,0,0,14,1,0,0,0,0,0,0
29,1,0,0,0,0,0,21,1,0,0,0,0,0,0
23,2,0,0,0,0,0,8,1,0,0,0,0,0,1
21,1,0,0,0,0,0,13,1,0,0,0,0,0,0
45,2,0,0,0,0,0,36,1,0,0,0,0,0,1
51,3,0,0,0,0,0,21,1,0,0,0,0,0,1
167,2,4,0,1,0,3,15,1,0,0,0,0,0,1
23,2,0,0,0,0,0,8,1,0,0,0,0,0,1
22,1,0,0,0,0,0,14,1,0,0,0,0,0,0
23,1,0,0,0,0,0,15,1,0,0,0,0,0,0
28,1,0,0,0,0,0,20,1,0,0,0,0,0,0
20,1,0,0,0,0,0,12,1,0,0,0,0,0,0
42,2,1,0,0,0,0,16,1,0,0,0,0,0,1
39,2,0,0,0,0,0,15,1,0,0,0,0,0,1
15,1,0,0,0,0,0,7,1,0,0,0,0,0,0
23,1,1,0,0,0,0,15,1,0,0,0,0,0,0
25,1,2,0,0,0,0,17,1,0,0,0,0,0,0
25,1,1,0,0,0,0,16,1,0,0,0,0,0,1
21,1,1,0,0,0,0,6,1,0,0,0,0,0,1
67,1,0,0,0,0,0,7,1,0,0,0,0,0,1
62,3,1,0,0,0,0,43,1,0,0,0,0,0,1
42,2,0,0,0,0,0,14,1,0,0,0,0,0,1
18,1,0,0,0,0,0,10,1,0,0,0,0,0,0
18,1,0,0,0,0,0,10,1,0,0,0,0,0,0
26,2,0,0,0,0,0,8,1,0,0,0,0,0,1
21,1,1,0,0,0,0,6,1,0,0,0,0,0,1
15,1,0,0,0,0,0,7,1,0,0,0,0,0,0
22,1,0,0,0,0,0,7,1,0,0,0,0,0,1
41,2,2,0,0,0,0,32,1,0,0,0,0,0,1
178,3,1,0,1,0,4,15,1,0,0,0,0,0,1
42,2,0,0,0,0,0,14,1,0,0,0,0,0,1
14,1,0,0,0,0,0,6,1,0,0,0,0,0,0
41,2,0,0,0,0,0,16,1,0,0,0,0,0,1
175,2,3,0,1,0,3,15,1,0,0,0,0,0,1
35,2,0,0,0,0,0,26,1,0,0,0,0,0,1
21,1,0,0,0,0,0,13,1,0,0,0,0,0,0
60,3,1,0,0,0,0,28,1,0,0,0,0,0,1
29,2,2,0,0,0,0,20,1,0,0,0,0,0,1
23,1,0,0,0,0,0,9,1,0,0,0,0,0,1
121,2,14,0,0,0,0,29,1,0,0,0,0,0,1
21,2,0,0,0,0,0,13,1,0,0,0,0,0,0
20,1,0,0,0,0,0,12,1,0,0,0,0,0,0
27,2,0,0,0,0,0,9,1,0,0,0,0,0,1
14,1,0,0,0,0,0,6,1,0,0,0,0,0,0
15,1,0,0,0,0,0,7,1,0,0,0,0,0,0
19,1,0,0,0,0,0,11,1,0,0,0,0,0,0
28,2,1,0,0,0,0,19,1,0,0,0,0,0,1
17,1,0,0,0,0,0,9,1,0,0,0,0,0,0
20,1,1,0,0,0,0,12,1,0,0,0,0,0,0
107,3,1,0,0,0,0,21,1,0,0,0,0,0,1
23,2,0,0,0,0,0,15,1,0,0,0,0,0,0
76,2,1,0,1,0,2,25,1,0,0,0,0,0,1
175,2,3,0,1,0,3,15,1,0,0,0,0,0,1
17,1,0,0,0,0,0,9,1,0,0,0,0,0,0
51,3,0,0,0,0,0,21,1,0,0,0,0,0,1
21,1,0,0,0,0,0,13,1,0,0,0,0,0,0
23,2,0,0,0,0,0,8,1,0,0,0,0,0,1
20,1,0,0,0,0,0,12,1,0,0,0,0,0,0
42,2,2,0,0,0,0,33,1,0,0,0,0,0,1
18,1,0,0,0,0,0,10,1,0,0,0,0,0,0
84,2,0,0,0,0,0,15,1,0,0,0,0,0,1
14,1,0,0,0,0,0,6,1,0,0,0,0,0,0
49,2,1,0,0,0,0,40,1,0,0,0,0,0,1
18,1,0,0,0,0,0,10,1,0,0,0,0,0,0
18,1,0,0,0,0,0,10,1,0,0,0,0,0,0
27,1,0,0,0,0,0,6,1,0,0,0,0,0,1
18,1,0,0,0,0,0,10,1,0,0,0,0,0,0
47,1,1,0,0,0,0,6,1,0,0,0,0,0,1
22,1,0,0,0,0,0,7,1,0,0,0,0,0,1
23,2,0,0,0,0,0,8,1,0,0,0,0,0,1
19,1,0,0,0,0,0,11,1,0,0,0,0,0,0
17,1,0,0,0,0,0,9,1,0,0,0,0,0,0
79,4,2,0,1,0,0,47,1,0,0,0,0,0,1
25,2,0,0,0,0,0,16,1,0,0,0,0,0,1
18,1,0,0,0,0,0,10,1,0,0,0,0,0,0
36,2,0,0,0,0,0,27,1,0,0,0,0,0,1
39,2,2,0,0,0,0,30,1,0,0,0,0,1,1
21,1,0,0,0,0,0,13,1,0,0,0,0,0,0
43,2,0,0,0,0,0,15,1,0,0,0,0,0,1
51,3,0,0,0,0,0,21,1,0,0,0,0,0,1
22,1,0,0,0,0,0,7,1,0,0,0,0,0,1
23,2,0,0,0,0,0,8,1,0,0,0,0,0,1
18,1,0,0,0,0,0,10,1,0,0,0,0,0,0
71,1,7,0,0,0,0,8,1,0,0,0,0,0,1
21,2,0,0,0,0,0,13,1,0,0,0,0,0,0
18,1,0,0,0,0,0,10,1,0,0,0,0,0,0
40,2,0,0,0,0,0,31,1,0,0,0,0,0,1
108,3,1,0,0,0,0,21,1,0,0,0,0,0,1
19,1,0,0,0,0,0,11,1,0,0,0,0,0,0
32,1,1,0,0,0,0,15,1,0,0,0,0,0,1
30,1,0,0,0,0,0,14,1,0,0,0,0,0,1
84,2,2,0,0,0,0,15,1,0,0,0,0,0,1
41,2,0,0,0,0,0,16,1,0,0,0,0,0,1
21,1,1,0,0,0,0,6,1,0,0,0,0,0,1
22,1,0,0,0,0,0,7,1,0,0,0,0,0,1
16,1,0,0,0,0,0,8,1,0,0,0,0,0,0
28,2,0,0,0,0,0,19,1,0,0,0,0,0,1
28,2,1,0,0,0,0,19,1,0,0,0,0,0,1
32,2,1,0,0,0,0,23,1,0,0,0,0,0,1
173,2,1,0,1,0,3,15,1,0,0,0,0,0,1
20,1,0,0,0,0,0,12,1,0,0,0,0,0,0
41,2,0,0,0,0,0,32,1,0,0,0,0,0,1
22,1,0,0,0,0,0,7,1,0,0,0,0,0,1
95,2,1,0,0,0,0,21,1,0,0,0,0,0,1
24,1,0,0,0,0,0,16,1,0,0,0,0,0,0
25,2,0,0,0,0,0,14,1,0,0,0,0,0,1
22,1,0,0,0,0,0,14,1,0,0,0,0,0,0
30,2,1,0,0,0,0,21,1,0,0,0,0,0,1
19,1,0,0,0,0,0,10,1,0,0,0,0,0,1
62,3,1,0,0,0,0,43,1,0,0,0,0,0,1
20,1,0,0,0,0,0,12,1,0,0,0,0,0,0
21,2,0,0,0,0,0,13,1,0,0,0,0,0,0
38,2,1,0,0,0,0,30,1,0,0,0,0,0,1
38,2,3,0,0,0,0,28,1,0,0,0,0,0,1
18,1,0,0,0,0,0,10,1,0,0,0,0,0,0
19,1,0,0,0,0,0,11,1,0,0,0,0,0,0
43,2,0,0,0,0,0,34,1,0,0,0,0,0,1
18,1,0,0,0,0,0,10,1,0,0,0,0,0,0
118,3,2,0,1,0,2,15,1,0,0,0,0,0,1
26,2,0,0,0,0,0,17,1,0,0,0,0,0,1
24,1,0,0,0,0,0,16,1,0,0,0,0,0,0
37,2,3,0,0,0,0,23,1,0,0,0,0,0,1
22,1,1,0,0,0,0,14,1,0,0,0,0,0,0
17,1,0,0,0,0,0,9,1,0,0,0,0,0,0
17,1,0,0,0,0,0,9,1,0,0,0,0,0,0
18,2,0,0,0,0,0,10,1,0,0,0,0,0,0
35,1,1,0,1,0,1,14,1,0,0,0,0,0,1
37,2,0,0,0,0,0,16,1,0,0,0,0,0,1
22,1,0,0,0,0,0,7,1,0,0,0,0,0,1
89,2,0,0,0,0,0,35,0,0,0,0,0,0,1
36,1,1,0,0,0,0,20,1,0,0,0,0,0,1
22,1,0,0,0,0,0,6,1,0,0,0,0,0,1
23,1,0,0,0,0,0,15,1,0,0,0,0,0,0
190,3,4,0,1,0,4,15,1,0,0,0,0,0,1
16,1,0,0,0,0,0,8,1,0,0,0,0,0,0
18,1,0,0,0,0,0,10,1,0,0,0,0,0,0
24,1,0,0,0,0,0,16,1,0,0,0,0,0,0
19,1,0,0,0,0,0,6,0,0,0,0,0,0,1
21,2,0,0,0,0,0,13,1,0,0,0,0,0,0
22,1,0,0,0,0,0,6,1,0,0,0,0,0,1
33,2,0,0,0,0,0,24,1,0,0,0,0,0,1
31,2,1,0,0,0,0,22,1,0,0,0,0,0,1
13,1,0,0,0,0,0,5,1,0,0,0,0,0,0
18,1,0,0,0,0,0,10,1,0,0,0,0,0,0
58,2,0,0,0,0,0,49,1,0,0,0,0,0,1
38,2,2,0,0,0,0,29,1,0,0,0,0,0,1
22,2,0,0,0,0,0,14,1,0,0,0,0,0,0
38,2,2,0,0,0,0,29,1,0,0,0,0,0,1
31,2,0,0,0,0,0,24,0,0,0,0,0,0,1
32,2,0,0,0,0,0,23,1,0,0,0,0,0,1
13,1,0,0,0,0,0,5,1,0,0,0,0,0,0
32,1,0,0,1,0,1,11,1,0,0,0,0,0,1
22,1,0,0,0,0,0,7,1,0,0,0,0,0,1
14,1,0,0,0,0,0,6,1,0,0,0,0,0,0
25,1,0,0,0,0,0,17,1,0,0,0,0,0,0
20,1,0,0,0,0,0,12,1,0,0,0,0,0,0
19,1,0,0,0,0,0,11,1,0,0,0,0,0,0
39,2,0,0,0,0,0,30,1,0,0,0,0,0,1
15,1,0,0,0,0,0,7,1,0,0,0,0,0,0
15,1,0,0,0,0,0,7,1,0,0,0,0,0,0
175,2,2,0,1,0,3,15,1,0,0,0,0,0,1
71,5,2,0,0,0,0,50,1,0,0,0,0,0,1
16,1,0,0,0,0,0,8,1,0,0,0,0,0,0
26,1,0,0,0,0,0,18,1,0,0,0,0,0,0
17,1,0,0,0,0,0,9,1,0,0,0,0,0,0
94,2,1,0,0,0,0,21,1,0,0,0,0,0,1
23,2,0,0,0,0,0,8,1,0,0,0,0,0,1
23,1,0,0,0,0,0,15,1,0,0,0,0,0,0
18,1,0,0,0,0,0,10,1,0,0,0,0,0,0
15,1,0,0,0,0,0,7,1,0,0,0,0,0,0
21,1,1,0,0,0,0,6,1,0,0,0,0,0,1
107,3,0,0,0,0,0,22,1,0,0,0,0,0,1
25,1,0,0,0,0,0,17,1,0,0,0,0,0,0
30,2,0,0,0,0,0,21,1,0,0,0,0,0,1
16,1,0,0,0,0,0,8,1,0,0,0,0,0,0
175,2,2,0,1,0,3,15,1,0,0,0,0,0,1
82,3,0,0,0,0,0,74,0,0,0,0,0,0,1
27,1,0,0,0,0,0,12,1,0,0,0,0,0,1
41,2,1,0,0,0,0,27,1,0,0,0,0,0,1
30,3,0,0,0,0,0,22,0,0,0,0,0,0,1
23,1,1,0,0,0,0,15,1,0,0,0,0,0,0
16,1,0,0,0,0,0,8,1,0,0,0,0,0,0
14,1,0,0,0,0,0,6,1,0,0,0,0,0,0
190,3,3,0,1,0,4,15,1,0,0,0,0,0,1
23,2,0,0,0,0,0,8,1,0,0,0,0,0,1
167,2,1,0,1,0,3,15,1,0,0,0,0,0,1
22,1,0,0,0,0,0,7,1,0,0,0,0,0,1
20,1,0,0,0,0,0,12,1,0,0,0,0,0,0
23,1,0,0,0,0,0,4,1,0,0,0,0,0,1
23,2,0,0,0,0,0,15,1,0,0,0,0,0,0
27,2,0,0,0,0,0,18,1,0,0,0,0,0,1
22,1,0,0,0,0,0,7,1,0,0,0,0,0,1
112,2,2,0,0,0,0,17,1,0,0,0,0,0,1
23,2,0,0,0,0,0,8,1,0,0,0,0,0,1
23,1,0,0,0,0,0,15,1,0,0,0,0,0,0
22,1,0,0,0,0,0,14,1,0,0,0,0,0,0
18,1,0,0,0,0,0,10,1,0,0,0,0,0,0
175,2,1,0,1,0,3,15,1,0,0,0,0,0,1
16,1,0,0,0,0,0,8,1,0,0,0,0,0,0
19,1,0,0,0,0,0,11,1,0,0,0,0,0,0
22,1,0,0,0,0,0,14,1,0,0,0,0,0,0
20,2,0,0,0,0,0,12,1,0,0,0,0,0,0
17,1,0,0,0,0,0,9,1,0,0,0,0,0,0
22,1,0,0,0,0,0,7,1,0,0,0,0,0,1
59,2,1,0,0,0,0,21,1,0,0,0,0,0,1
30,1,0,0,0,0,0,12,1,0,0,0,0,0,1
17,1,0,0,0,0,0,9,1,0,0,0,0,0,0
39,2,0,0,0,0,0,30,1,0,0,0,0,0,1
20,1,0,0,0,0,0,12,1,0,0,0,0,0,0
167,2,1,0,1,0,3,15,1,0,0,0,0,0,1
18,1,0,0,0,0,0,10,1,0,0,0,0,0,0
14,1,0,0,0,0,0,6,1,0,0,0,0,0,0
32,2,1,0,0,0,0,18,1,0,0,0,0,0,1
27,1,0,0,0,0,0,19,1,0,0,0,0,0,0
67,3,0,0,1,0,0,49,1,0,0,0,0,0,1
84,2,0,0,0,0,0,15,1,0,0,0,0,0,1
37,2,1,0,0,0,0,28,1,0,0,0,0,0,1
23,2,0,0,0,0,0,8,1,0,0,0,0,0,1
21,1,0,0,0,0,0,13,1,0,0,0,0,0,0
117,4,5,0,0,0,0,37,1,0,0,0,0,0,1
20,1,0,0,0,0,0,12,1,0,0,0,0,0,0
175,2,1,0,1,0,3,15,1,0,0,0,0,0,1
31,2,1,0,0,0,0,23,1,0,0,0,0,0,1
16,1,0,0,0,0,0,8,1,0,0,0,0,0,0
29,1,0,0,0,0,0,11,1,0,0,0,0,0,1
21,1,0,0,0,0,0,13,1,0,0,0,0,0,0
175,2,3,0,1,0,3,15,1,0,0,0,0,0,1
21,1,1,0,0,0,0,6,1,0,0,0,0,0,1
21,1,0,0,0,0,0,13,1,0,0,0,0,0,0
16,1,0,0,0,0,0,8,1,0,0,0,0,0,0
19,1,1,0,0,0,0,11,1,0,0,0,0,0,0
25,1,0,0,0,0,0,17,1,0,0,0,0,0,0
175,2,2,0,1,0,3,15,1,0,0,0,0,0,1
36,1,0,0,0,0,0,28,1,0,0,0,0,0,0
25,1,0,0,0,0,0,17,1,0,0,0,0,0,0
26,1,0,0,0,0,0,18,1,0,0,0,0,0,0
20,1,0,0,0,0,0,12,1,0,0,0,0,0,0
60,1,1,0,1,0,0,18,0,0,0,0,0,0,1
19,1,0,0,0,0,0,11,1,0,0,0,0,0,0
17,1,0,0,0,0,0,9,1,0,0,0,0,0,0
21,1,0,0,0,0,0,13,1,0,0,0,0,0,0
17,1,0,0,0,0,0,9,1,0,0,0,0,0,0
23,2,0,0,0,0,0,8,1,0,0,0,0,0,1
22,1,0,0,0,0,0,14,1,0,0,0,0,0,0
67,2,1,0,0,0,0,58,1,0,0,0,0,0,1
18,1,0,0,0,0,0,10,1,0,0,0,0,0,0
18,1,0,0,0,0,0,10,1,0,0,0,0,0,0
35,3,2,1,0,0,0,18,1,0,0,0,0,0,1
20,1,0,0,0,0,0,12,1,0,0,0,0,0,0
33,2,0,0,0,0,0,24,1,0,0,0,0,0,1
21,2,0,0,0,0,0,13,1,0,0,0,0,0,0
18,1,1,0,0,0,0,10,1,0,0,0,0,0,0
42,2,0,0,0,0,0,33,1,0,0,0,0,0,1
21,1,0,0,0,0,0,6,1,0,0,0,0,0,1
18,1,0,0,0,0,0,10,1,0,0,0,0,0,0
22,1,0,0,0,0,0,7,1,0,0,0,0,0,1
17,1,0,0,0,0,0,9,1,0,0,0,0,0,0
21,1,1,0,0,0,0,6,1,0,0,0,0,0,1
36,2,1,0,0,0,0,27,1,0,0,0,0,0,1
18,1,0,0,0,0,0,10,1,0,0,0,0,0,0
18,1,0,0,0,0,0,10,1,0,0,0,0,0,0
31,2,1,0,0,0,0,22,1,0,0,0,0,0,1
21,1,1,0,0,0,0,6,1,0,0,0,0,0,1
20,1,0,0,0,0,0,12,1,0,0,0,0,0,0
76,2,1,0,1,0,2,25,1,0,0,0,0,0,1
17,1,0,0,0,0,0,9,1,0,0,0,0,0,0
15,1,0,0,0,0,0,7,1,0,0,0,0,0,0
16,1,0,0,0,0,0,8,1,0,0,0,0,0,0
33,2,0,0,0,0,0,24,1,0,0,0,0,0,1
54,2,0,0,0,0,0,16,0,0,0,0,0,0,1
39,1,1,0,0,0,0,6,1,0,0,0,0,0,1
20,1,0,0,0,0,0,12,1,0,0,0,0,0,0
19,1,0,0,0,0,0,11,1,0,0,0,0,0,0
175,2,4,0,1,0,3,15,1,0,0,0,0,0,1
36,2,0,0,0,0,0,20,1,0,0,0,0,0,1
18,1,0,0,0,0,0,6,0,0,0,0,0,0,1
19,1,0,0,0,0,0,11,1,0,0,0,0,0,0
130,2,0,0,1,0,3,15,1,0,0,0,0,0,1
23,2,0,0,0,0,0,8,1,0,0,0,0,0,1
21,1,0,0,0,0,0,13,1,0,0,0,0,0,0
23,1,0,0,0,0,0,15,1,0,0,0,0,0,0
21,2,0,0,0,0,0,13,1,0,0,0,0,0,0
39,2,0,0,0,0,0,15,1,0,0,0,0,0,1
22,1,0,0,0,0,0,14,1,0,0,0,0,0,0
27,1,0,0,0,0,0,19,1,0,0,0,0,0,0
32,1,0,0,0,0,0,24,1,0,0,0,0,0,0
17,1,0,0,0,0,0,9,1,0,0,0,0,0,0
117,3,1,0,0,0,0,43,1,0,0,0,0,0,1
205,3,3,0,1,0,2,16,1,0,0,0,0,0,1
19,2,0,0,0,0,0,11,1,0,0,0,0,0,0
44,2,1,0,0,0,0,37,0,0,0,0,0,0,1
53,2,3,0,0,0,0,32,1,0,0,0,0,0,1
20,1,0,0,0,0,0,12,1,0,0,0,0,0,0
23,1,0,0,0,0,0,15,1,0,0,0,0,0,0
18,1,0,0,0,0,0,10,1,0,0,0,0,0,0
20,1,0,0,0,0,0,12,1,0,0,0,0,0,0
21,1,1,0,0,0,0,6,1,0,0,0,0,0,1
22,1,0,0,0,0,0,14,1,0,0,0,0,0,0
131,2,2,0,0,0,0,15,1,0,0,0,0,0,1
21,2,0,0,0,0,0,13,1,0,0,0,0,0,0
21,1,1,0,0,0,0,6,1,0,0,0,0,0,1
30,2,1,0,0,0,0,21,1,0,0,0,0,0,1
26,1,0,0,0,0,0,9,1,0,0,0,0,0,1
21,1,0,0,0,0,0,13,1,0,0,0,0,0,0
44,2,2,0,0,0,0,35,1,0,0,0,0,0,1
23,1,0,0,0,0,0,15,1,0,0,0,0,0,0
185,3,1,0,1,1,5,15,1,0,0,0,0,0,1
18,1,0,0,0,0,0,10,1,0,0,0,0,0,0
23,1,0,0,0,0,0,15,1,0,0,0,0,0,0
28,1,0,0,0,0,0,11,1,0,0,0,0,0,1
60,3,1,0,0,0,0,28,1,0,0,0,0,0,1
14,1,0,0,0,0,0,6,1,0,0,0,0,0,0
15,1,0,0,0,0,0,7,1,0,0,0,0,0,0
20,1,0,0,0,0,0,12,1,0,0,0,0,0,0
131,2,1,0,0,0,0,15,1,0,0,0,0,0,1
23,2,0,0,0,0,0,8,1,0,0,0,0,0,1
22,1,0,0,0,0,0,14,1,0,0,0,0,0,0
32,2,0,0,0,0,0,23,1,0,0,0,0,0,1
51,3,0,0,0,0,0,21,1,0,0,0,0,0,1
16,1,0,0,0,0,0,8,1,0,0,0,0,0,0
75,2,1,0,1,0,2,24,1,0,0,0,0,0,1
21,1,0,0,0,0,0,13,1,0,0,0,0,0,0
19,1,0,0,0,0,0,11,1,0,0,0,0,0,0
22,1,0,0,0,0,0,14,1,0,0,0,0,0,0
24,1,0,0,0,0,0,16,1,0,0,0,0,0,0
28,1,1,0,0,0,0,20,1,0,0,0,0,0,0
22,1,0,0,0,0,0,14,1,0,0,0,0,0,0
23,2,0,0,0,0,0,8,1,0,0,0,0,0,1
14,1,0,0,0,0,0,6,1,0,0,0,0,0,0
25,1,0,0,0,0,0,17,1,0,0,0,0,0,0
42,2,0,0,0,0,0,17,1,0,0,0,0,0,1
83,3,0,0,0,0,0,74,1,0,0,0,0,0,1
29,2,0,0,0,0,0,20,1,0,0,0,0,0,1
23,1,0,0,0,0,0,15,1,0,0,0,0,0,0
15,1,0,0,0,0,0,7,1,0,0,0,0,0,0
22,1,0,0,0,0,0,7,1,0,0,0,0,0,1
18,1,0,0,0,0,0,10,1,0,0,0,0,0,0
15,1,0,0,0,0,0,7,1,0,0,0,0,0,0
62,3,1,0,0,0,0,43,1,0,0,0,0,0,1
42,2,1,0,0,0,0,34,1,0,0,0,0,0,1
28,2,1,0,0,0,0,19,1,0,0,0,0,0,1
56,3,0,0,0,0,0,17,1,0,0,0,0,0,1
22,1,0,0,0,0,0,6,1,0,0,0,0,0,1
133,6,2,0,1,0,1,31,1,0,1,0,0,0,1
18,1,0,0,0,0,0,10,1,0,0,0,0,0,0
31,1,1,0,0,0,0,14,1,0,0,0,0,0,1
32,2,2,0,0,0,0,23,1,0,0,0,0,0,1
343,10,0,0,1,37,1,21,1,0,0,0,0,0,1
18,1,0,0,0,0,0,10,1,0,0,0,0,0,0
18,1,0,0,0,0,0,10,1,0,0,0,0,0,0
22,1,0,0,0,0,0,14,1,0,0,0,0,0,0
22,1,0,0,0,0,0,6,1,0,0,0,0,0,1
75,2,1,0,1,0,2,24,1,0,0,0,0,0,1
175,2,4,0,1,0,3,15,1,0,0,0,0,0,1
15,1,0,0,0,0,0,7,1,0,0,0,0,0,0
21,1,0,0,0,0,0,12,1,0,0,0,0,0,1
25,1,0,0,0,0,0,17,1,0,0,0,0,0,0
36,2,1,0,0,0,0,20,1,0,0,0,0,0,1
28,1,0,0,0,0,0,13,1,0,1,0,0,0,1
15,1,0,0,0,0,0,7,1,0,0,0,0,0,0
15,1,0,0,0,0,0,7,1,0,0,0,0,0,0
24,1,0,0,0,0,0,16,1,0,0,0,0,0,0
75,2,1,0,1,0,2,24,1,0,0,0,0,0,1
75,2,1,0,1,0,2,24,1,0,0,0,0,0,1
29,1,0,0,0,0,0,20,1,0,0,0,0,0,1
23,2,0,0,0,0,0,8,1,0,0,0,0,0,1
37,2,2,0,0,0,0,19,1,0,0,0,0,0,1
30,2,0,0,0,0,0,21,1,0,0,0,0,0,1
51,2,7,0,0,0,0,42,1,0,0,0,0,0,1
29,1,0,0,0,0,0,21,1,0,0,0,0,0,0
63,4,0,0,0,0,0,28,1,0,0,0,0,0,1
52,2,0,0,1,0,1,18,1,0,0,0,0,0,1
18,1,0,0,0,0,0,10,1,0,0,0,0,0,0
21,2,0,0,0,0,0,13,1,0,0,0,0,0,0
18,1,0,0,0,0,0,10,1,0,0,0,0,0,0
18,1,0,0,0,0,0,10,1,0,0,0,0,0,0
1108,2,0,0,1,0,1,23,0,0,0,0,0,0,1
23,2,0,0,0,0,0,8,1,0,0,0,0,0,1
21,1,0,0,0,0,0,13,1,0,0,0,0,0,0
20,1,0,0,0,0,0,12,1,0,0,0,0,0,0
22,2,0,0,0,0,0,14,1,0,0,0,0,0,0
35,1,0,0,0,0,0,9,1,0,0,0,0,0,1
42,3,0,0,1,0,1,7,1,0,0,0,0,0,1
13,1,0,0,0,0,0,5,1,0,0,0,0,0,0
24,1,0,0,0,0,0,16,1,0,0,0,0,0,0
17,1,0,0,0,0,0,9,1,0,0,0,0,0,0
51,3,0,0,0,0,0,21,1,0,0,0,0,0,1
31,2,0,0,0,0,0,22,1,0,0,0,0,0,1
19,1,0,0,0,0,0,11,1,0,0,0,0,0,0
18,1,0,0,0,0,0,10,1,0,0,0,0,0,0
29,1,0,0,0,0,0,21,1,0,0,0,0,0,0
21,1,1,0,0,0,0,6,1,0,0,0,0,0,1
34,3,0,0,0,0,0,16,1,0,0,0,0,0,1
18,1,0,0,0,0,0,10,1,0,0,0,0,0,0
32,1,0,0,0,0,0,10,1,0,0,0,0,0,1
22,1,0,0,0,0,0,7,1,0,0,0,0,0,1
22,1,0,0,0,0,0,14,1,0,0,0,0,0,0
190,3,2,0,1,0,4,15,1,0,0,0,0,0,1
36,2,1,0,0,0,0,29,0,0,0,0,0,0,1
29,2,0,0,0,0,0,21,1,0,0,0,0,0,0
432,10,0,0,2,39,6,17,1,0,0,0,0,0,1
19,1,0,0,0,0,0,11,1,0,0,0,0,0,0
42,2,0,0,0,0,0,14,1,0,0,0,0,0,1
14,1,0,0,0,0,0,6,1,0,0,0,0,0,0
17,1,0,0,0,0,0,9,1,0,0,0,0,0,0
21,1,0,0,0,0,0,13,1,0,0,0,0,0,0
21,1,1,0,0,0,0,13,1,0,0,0,0,0,0
23,1,0,0,0,0,0,15,1,0,0,0,0,0,0
22,1,0,0,0,0,0,6,1,0,0,0,0,0,1
62,3,1,0,0,0,0,43,1,0,0,0,0,0,1
27,1,0,0,0,0,0,19,1,0,0,0,0,0,0
27,1,0,0,0,0,0,19,1,0,0,0,0,0,0
14,1,0,0,0,0,0,6,1,0,0,0,0,0,0
23,2,0,0,0,0,0,8,1,0,0,0,0,0,1
25,1,1,0,0,0,0,16,1,0,0,0,0,0,1
28,1,0,0,0,0,0,11,1,0,0,0,0,0,1
18,1,0,0,0,0,0,10,1,0,0,0,0,0,0
122,4,4,0,1,0,2,15,1,0,0,0,0,0,1
19,1,0,0,0,0,0,11,1,0,0,0,0,0,0
22,1,0,0,0,0,0,7,1,0,0,0,0,0,1
23,2,0,0,0,0,0,8,1,0,0,0,0,0,1
31,1,0,0,0,0,0,9,1,0,0,0,0,0,1
20,1,1,0,0,0,0,12,1,0,0,0,0,0,0
15,1,0,0,0,0,0,7,1,0,0,0,0,0,0
16,1,0,0,0,0,0,8,1,0,0,0,0,0,0
25,1,0,0,0,0,0,10,1,0,0,0,0,0,1
27,1,0,0,0,0,0,6,1,0,0,0,0,0,1
22,1,0,0,0,0,0,7,1,0,0,0,0,0,1
21,1,1,0,0,0,0,6,1,0,0,0,0,0,1
28,1,0,0,0,0,0,11,1,0,0,0,0,0,1
21,1,1,0,0,0,0,6,1,0,0,0,0,0,1
18,2,0,0,0,0,0,10,1,0,0,0,0,0,0
23,2,0,0,0,0,0,8,1,0,0,0,0,0,1
22,1,0,0,0,0,0,7,1,0,0,0,0,0,1
19,1,0,0,0,0,0,11,1,0,0,0,0,0,0
22,1,0,0,0,0,0,14,1,0,0,0,0,0,0
15,1,0,0,0,0,0,7,1,0,0,0,0,0,0
39,2,0,0,0,0,0,15,1,0,0,0,0,0,1
19,1,0,0,0,0,0,11,1,0,0,0,0,0,0
41,2,0,0,0,0,0,32,1,0,0,0,0,0,1
70,2,0,0,1,0,1,25,1,0,0,0,0,0,1
35,2,2,0,0,0,0,26,1,0,0,0,0,0,1
22,1,0,0,0,0,0,14,1,0,0,0,0,0,0
41,2,0,0,0,0,0,33,1,0,0,0,0,0,1
22,1,0,0,0,0,0,14,1,0,0,0,0,0,0
21,2,0,0,0,0,0,13,1,0,0,0,0,0,0
17,1,0,0,0,0,0,9,1,0,0,0,0,0,0
19,1,0,0,0,0,0,11,1,0,0,0,0,0,0
21,1,0,0,0,0,0,13,1,0,0,0,0,0,0
18,1,0,0,0,0,0,10,1,0,0,0,0,0,0
51,3,0,0,0,0,0,21,1,0,0,0,0,0,1
26,1,0,0,0,0,0,19,0,0,0,0,0,0,1
17,1,0,0,0,0,0,9,1,0,0,0,0,0,0
16,1,0,0,0,0,0,8,1,0,0,0,0,0,0
23,2,0,0,0,0,0,8,1,0,0,0,0,0,1
17,1,1,0,0,0,0,9,1,0,0,0,0,0,0
43,2,2,0,0,0,0,25,1,0,0,0,0,0,1
14,1,0,0,0,0,0,6,1,0,0,0,0,0,0
17,1,0,0,0,0,0,9,1,0,0,0,0,0,0
32,2,2,0,0,0,0,22,0,0,0,0,0,0,1
22,1,0,0,0,0,0,14,1,0,0,0,0,0,0
16,1,0,0,0,0,0,8,1,0,0,0,0,0,0
79,5,4,1,1,0,1,20,0,0,0,0,0,0,1
83,3,0,0,0,0,0,74,1,0,0,0,0,0,1
58,2,3,0,0,0,0,16,1,0,0,0,0,0,1
20,1,0,0,0,0,0,12,1,0,0,0,0,0,0
77,2,1,0,1,0,2,20,1,0,0,0,0,0,1
22,1,1,0,0,0,0,13,1,0,0,0,0,0,1
43,2,0,0,0,0,0,34,1,0,0,0,0,0,1
43,2,0,0,0,0,0,16,1,0,0,0,0,0,1
28,2,0,0,0,0,0,19,1,0,0,0,0,0,1
18,1,0,0,0,0,0,10,1,0,0,0,0,0,0
83,3,0,0,0,0,0,74,1,0,0,0,0,0,1
167,2,3,0,1,0,3,15,1,0,0,0,0,0,1
175,2,4,0,1,0,3,15,1,0,0,0,0,0,1
22,1,0,0,0,0,0,14,1,0,0,0,0,0,0
19,1,0,0,0,0,0,11,1,0,0,0,0,0,0
17,1,0,0,0,0,0,9,1,0,0,0,0,0,0
20,1,0,0,0,0,0,12,1,0,0,0,0,0,0
16,1,0,0,0,0,0,8,1,0,0,0,0,0,0
24,1,0,0,0,0,0,16,1,0,0,0,0,0,0
48,2,2,0,0,0,0,39,1,0,0,0,0,0,1
19,1,0,0,0,0,0,11,1,0,0,0,0,0,0
45,3,0,0,0,0,0,28,1,0,0,0,0,0,1
66,2,2,0,0,0,0,18,1,0,0,0,0,0,1
20,2,0,0,0,0,0,12,1,0,0,0,0,0,0
131,2,0,0,1,0,3,15,1,0,0,0,0,0,1
44,2,1,0,0,0,0,29,1,0,0,0,0,0,1
20,1,0,0,0,0,0,12,1,0,0,0,0,0,0
36,2,1,0,0,0,0,8,1,0,0,0,0,0,1
24,1,0,0,0,0,0,16,1,0,0,0,0,0,0
21,1,1,0,0,0,0,6,1,0,0,0,0,0,1
22,1,0,0,0,0,0,14,1,0,0,0,0,0,0
23,1,0,0,0,0,0,4,1,0,0,0,0,0,1
27,1,0,0,0,0,0,12,1,0,0,0,0,0,1
13,1,0,0,0,0,0,5,1,0,0,0,0,0,0
25,1,0,0,0,0,0,17,1,0,0,0,0,0,0
22,1,0,0,0,0,0,6,1,0,0,0,0,0,1
42,1,0,0,0,0,0,11,1,0,0,0,0,0,1
21,1,0,0,0,0,0,13,1,0,0,0,0,0,0
42,2,2,0,0,0,0,33,1,0,0,0,0,0,1
29,1,0,0,0,0,0,10,1,0,0,0,0,0,1
167,2,4,0,1,0,3,15,1,0,0,0,0,0,1
175,2,4,0,1,0,3,15,1,0,0,0,0,0,1
23,2,0,0,0,0,0,8,1,0,0,0,0,0,1
22,1,0,0,0,0,0,6,1,0,0,0,0,0,1
18,1,0,0,0,0,0,10,1,0,0,0,0,0,0
23,2,0,0,0,0,0,8,1,0,0,0,0,0,1
13,1,0,0,0,0,0,5,1,0,0,0,0,0,0
18,1,0,0,0,0,0,10,1,0,0,0,0,0,0
22,1,0,0,0,0,0,14,1,0,0,0,0,0,0
17,2,0,0,0,0,0,9,1,0,0,0,0,0,0
20,1,1,0,0,0,0,12,1,0,0,0,0,0,0
76,2,1,0,1,0,2,25,1,0,0,0,0,0,1
23,1,0,0,0,0,0,4,1,0,0,0,0,0,1
42,3,0,0,1,0,1,7,1,0,0,0,0,0,1
22,1,0,0,0,0,0,7,1,0,0,0,0,0,1
18,1,0,0,0,0,0,10,1,0,0,0,0,0,0
23,2,0,0,0,0,0,8,1,0,0,0,0,0,1
42,2,0,0,0,0,0,14,1,0,0,0,0,0,1
23,2,0,0,0,0,0,8,1,0,0,0,0,0,1
83,3,0,0,0,0,0,74,1,0,0,0,0,0,1
175,2,1,0,1,0,3,15,1,0,0,0,0,0,1
29,2,0,0,0,0,0,20,1,0,0,0,0,0,1
13,1,0,0,0,0,0,5,1,0,0,0,0,0,0
22,1,1,0,0,0,0,14,1,0,0,0,0,0,0
20,1,0,0,0,0,0,12,1,0,0,0,0,0,0
20,2,0,0,0,0,0,12,1,0,0,0,0,0,0
18,2,0,0,0,0,0,10,1,0,0,0,0,0,0
14,1,0,0,0,0,0,6,1,0,0,0,0,0,0
17,1,0,0,0,0,0,9,1,0,0,0,0,0,0
324,2,1,0,1,0,1,19,1,0,0,0,0,0,1
19,1,0,0,0,0,0,11,1,0,0,0,0,0,0
19,2,0,0,0,0,0,11,1,0,0,0,0,0,0
41,2,1,0,0,0,0,16,1,0,0,0,0,0,1
34,2,0,0,0,0,0,25,1,0,0,0,0,0,1
22,1,0,0,0,0,0,6,1,0,0,0,0,0,1
46,3,1,0,1,0,1,7,1,0,0,0,0,0,1
34,2,1,0,0,0,0,27,0,0,0,0,0,0,1
22,1,0,0,0,0,0,7,1,0,0,0,0,0,1
41,3,0,0,0,0,0,20,1,0,1,0,0,0,1
44,2,0,0,0,0,0,16,1,0,0,0,0,0,1
78,3,1,0,0,0,0,43,1,0,0,0,0,0,1
36,2,0,0,0,0,0,27,1,0,0,0,0,0,1
19,1,0,0,0,0,0,11,1,0,0,0,0,0,0
20,2,0,0,0,0,0,12,1,0,0,0,0,0,0
19,1,0,0,0,0,0,11,1,0,0,0,0,0,0
19,1,0,0,0,0,0,11,1,0,0,0,0,0,0
23,1,0,0,0,0,0,15,1,0,0,0,0,0,0
22,1,0,0,0,0,0,7,1,0,0,0,0,0,1
35,2,1,0,0,0,0,26,1,0,0,0,0,0,1
55,2,2,0,0,0,0,16,1,0,0,0,0,0,1
22,1,0,0,0,0,0,7,1,0,0,0,0,0,1
20,1,0,0,0,0,0,12,1,0,0,0,0,0,0
34,2,0,0,0,0,0,25,1,0,0,0,0,0,1
17,1,0,0,0,0,0,9,1,0,0,0,0,0,0
175,2,1,0,1,0,3,15,1,0,0,0,0,0,1
38,2,2,0,0,0,0,27,1,0,0,0,0,0,1
17,1,0,0,0,0,0,9,1,0,0,0,0,0,0
25,1,0,0,0,0,0,17,1,0,0,0,0,0,0
18,1,0,0,0,0,0,10,1,0,0,0,0,0,0
22,1,0,0,0,0,0,14,1,0,0,0,0,0,0
19,1,0,0,0,0,0,11,1,0,0,0,0,0,0
17,1,0,0,0,0,0,9,1,0,0,0,0,0,0
27,2,0,0,0,0,0,18,1,0,0,0,0,0,1
18,1,0,0,0,0,0,10,1,0,0,0,0,0,0
43,3,0,0,0,0,0,18,1,0,0,0,0,0,1
25,1,0,0,0,0,0,17,1,0,0,0,0,0,0
62,2,2,0,0,0,0,12,1,0,0,0,0,0,1
18,1,0,0,0,0,0,10,1,0,0,0,0,0,0
59,4,3,0,0,0,0,14,1,0,0,0,0,0,1
24,2,0,0,0,0,0,16,1,0,0,0,0,0,0
37,2,0,0,0,0,0,28,1,0,0,0,0,0,1
27,2,0,0,0,0,0,18,1,0,0,0,0,0,1
22,1,0,0,0,0,0,7,1,0,0,0,0,0,1
18,1,0,0,0,0,0,10,1,0,0,0,0,0,0
34,2,0,0,0,0,0,25,1,0,0,0,0,0,1
41,2,0,0,0,0,0,32,1,0,1,0,0,0,1
62,3,1,0,0,0,0,43,1,0,0,0,0,0,1
14,1,0,0,0,0,0,6,1,0,0,0,0,0,0
23,2,0,0,0,0,0,8,1,0,0,0,0,0,1
19,1,0,0,0,0,0,11,1,0,0,0,0,0,0
22,1,0,0,0,0,0,7,1,0,0,0,0,0,1
17,1,0,0,0,0,0,9,1,0,0,0,0,0,0
190,3,4,0,1,0,4,15,1,0,0,0,0,0,1
21,1,0,0,0,0,0,13,1,0,0,0,0,0,0
34,1,1,0,0,0,0,10,1,0,0,0,0,0,1
19,1,0,0,0,0,0,11,1,0,0,0,0,0,0
25,1,0,0,0,0,0,8,1,0,0,0,0,0,1
19,1,0,0,0,0,0,11,1,0,0,0,0,0,0
21,1,0,0,0,0,0,13,1,0,0,0,0,0,0
36,2,0,0,0,0,0,27,1,0,0,0,0,0,1
36,2,0,0,0,0,0,27,1,0,0,0,0,0,1
20,1,0,0,0,0,0,12,1,0,0,0,0,0,0
113,3,2,0,1,0,2,15,1,0,0,0,0,0,1
22,1,0,0,0,0,0,7,1,0,0,0,0,0,1
175,2,2,0,1,0,3,15,1,0,0,0,0,0,1
23,1,0,0,0,0,0,15,1,0,0,0,0,0,0
19,1,0,0,0,0,0,11,1,0,0,0,0,0,0
15,1,0,0,0,0,0,7,1,0,0,0,0,0,0
31,1,0,1,0,0,0,10,1,0,0,0,0,0,1
28,2,0,0,0,0,0,19,1,0,0,0,0,0,1
15,1,0,0,0,0,0,7,1,0,0,0,0,0,0
17,1,0,0,0,0,0,9,1,0,0,0,0,0,0
16,1,0,0,0,0,0,8,1,0,0,0,0,0,0
32,2,0,0,0,0,0,23,1,0,0,0,0,0,1
354,4,14,0,1,8,5,16,1,0,0,0,0,0,1
17,1,0,0,0,0,0,9,1,0,0,0,0,0,0
131,2,3,0,0,0,0,15,1,0,0,0,0,0,1
49,2,0,0,0,0,0,10,1,0,0,0,0,0,1
26,1,0,0,0,0,0,18,1,0,0,0,0,0,0
27,1,0,0,0,0,0,19,1,0,0,0,0,0,0
19,1,0,0,0,0,0,11,1,0,0,0,0,0,0
14,1,0,0,0,0,0,6,1,0,0,0,0,0,0
20,1,0,0,0,0,0,12,1,0,0,0,0,0,0
48,1,0,0,0,0,0,7,1,0,0,0,0,0,1
19,1,0,0,0,0,0,11,1,0,0,0,0,0,0
23,1,0,0,0,0,0,15,1,0,0,0,0,0,0
83,5,0,0,2,0,2,6,1,0,0,0,0,0,1
23,1,0,0,0,0,0,4,1,0,0,0,0,0,1
51,3,2,0,0,0,0,42,1,0,0,0,0,0,1
18,1,0,0,0,0,0,10,1,0,0,0,0,0,0
39,2,1,0,0,0,0,30,1,0,0,0,0,0,1
23,2,0,0,0,0,0,8,1,0,0,0,0,0,1
18,1,0,0,0,0,0,10,1,0,0,0,0,0,0
23,1,0,0,0,0,0,15,1,0,0,0,0,0,0
21,1,0,0,0,0,0,13,1,0,0,0,0,0,0
83,3,0,0,0,0,0,74,1,0,0,0,0,0,1
72,5,0,0,0,0,0,42,1,0,0,0,0,0,1
14,1,0,0,0,0,0,6,1,0,0,0,0,0,0
33,1,0,0,0,0,0,16,1,0,0,0,0,0,1
17,1,0,0,0,0,0,9,1,0,0,0,0,0,0
67,3,1,0,0,1,0,43,1,0,0,0,0,0,1
18,1,0,0,0,0,0,10,1,0,0,0,0,0,0
175,2,2,0,1,0,3,15,1,0,0,0,0,0,1
23,2,0,0,0,0,0,8,1,0,0,0,0,0,1
19,1,0,0,0,0,0,11,1,0,0,0,0,0,0
25,1,0,0,0,0,0,17,1,0,0,0,0,0,0
18,1,0,0,0,0,0,10,1,0,0,0,0,0,0
44,2,0,0,0,0,0,35,1,0,0,0,0,0,1
17,1,0,0,0,0,0,9,1,0,0,0,0,0,0
30,2,1,0,0,0,0,21,1,0,0,0,0,0,1
17,1,0,0,0,0,0,9,1,0,0,0,0,0,0
21,1,0,0,0,0,0,13,1,0,0,0,0,0,0
23,1,2,0,0,0,0,15,1,0,0,0,0,0,0
23,2,0,0,0,0,0,8,1,0,0,0,0,0,1
17,1,0,0,0,0,0,9,1,0,0,0,0,0,0
190,3,4,0,1,0,4,15,1,0,0,0,0,0,1
45,2,2,0,0,0,0,36,1,0,0,0,0,0,1
25,1,0,0,0,0,0,17,1,0,0,0,0,0,0
27,1,0,0,0,0,0,19,1,0,0,0,0,0,0
32,1,0,0,0,0,0,11,1,0,0,0,0,0,1
32,2,0,0,0,0,0,23,1,0,0,0,0,0,1
21,1,0,0,0,0,0,13,1,0,0,0,0,0,0
18,1,0,0,0,0,0,10,1,0,0,0,0,0,0
17,1,0,0,0,0,0,9,1,0,0,0,0,0,0
21,1,0,0,0,0,0,13,1,0,0,0,0,0,0
45,2,0,0,0,0,0,22,1,0,0,0,0,0,1
16,1,0,0,0,0,0,8,1,0,0,0,0,0,0
16,1,0,0,0,0,0,8,1,0,0,0,0,0,0
27,1,0,0,0,0,0,19,1,0,0,0,0,0,0
31,1,0,0,0,0,0,23,1,0,0,0,0,0,0
23,2,0,0,0,0,0,8,1,0,0,0,0,0,1
18,2,0,0,0,0,0,10,1,0,0,0,0,0,0
18,1,0,0,0,0,0,10,1,0,0,0,0,0,0
18,1,0,0,0,0,0,10,1,0,0,0,0,0,0
23,1,0,0,0,0,0,15,1,0,0,0,0,0,0
67,2,4,0,0,0,0,17,1,0,0,0,0,0,1
26,1,0,0,0,0,0,9,1,0,0,0,0,0,1
21,1,1,0,0,0,0,6,1,0,0,0,0,0,1
21,1,0,0,0,0,0,13,1,0,0,0,0,0,0
24,1,0,0,0,0,0,16,1,0,0,0,0,0,0
21,1,1,0,0,0,0,6,1,0,0,0,0,0,1
20,1,0,0,0,0,0,12,1,0,0,0,0,0,0
22,1,0,0,0,0,0,6,1,0,0,0,0,0,1
41,2,0,0,0,0,0,32,1,0,0,0,0,0,1
19,1,0,0,0,0,0,11,1,0,0,0,0,0,0
22,1,0,0,0,0,0,14,1,0,0,0,0,0,0
41,1,0,0,0,0,0,16,1,0,0,0,0,0,1
175,2,4,0,1,0,3,15,1,0,0,0,0,0,1
40,2,1,0,0,0,0,31,1,0,0,0,0,0,1
32,2,0,0,0,0,0,24,1,0,0,0,0,0,0
23,1,0,0,0,0,0,4,1,0,0,0,0,0,1
23,1,0,0,0,0,0,8,1,0,0,0,0,0,1
131,2,2,0,0,0,0,15,1,0,0,0,0,0,1
53,2,2,0,0,0,0,16,1,0,0,0,0,0,1
50,1,0,0,0,0,0,31,1,0,0,0,0,0,1
19,1,0,0,0,0,0,11,1,0,0,0,0,0,0
19,1,0,0,0,0,0,11,1,0,0,0,0,0,0
17,1,0,0,0,0,0,9,1,0,0,0,0,0,0
20,1,0,0,0,0,0,12,1,0,0,0,0,0,0
18,1,1,0,0,0,0,10,1,0,0,0,0,0,0
21,1,1,0,0,0,0,6,1,0,0,0,0,0,1
40,2,2,0,0,0,0,31,1,0,0,0,0,0,1
167,2,2,0,1,0,3,15,1,0,0,0,0,0,1
16,1,0,0,0,0,0,8,1,0,0,0,0,0,0
19,1,0,0,0,0,0,11,1,0,0,0,0,0,0
22,1,0,0,0,0,0,14,1,0,0,0,0,0,0
45,2,0,0,0,0,0,36,1,0,0,0,0,0,1
19,1,0,0,0,0,0,11,1,0,0,1,0,0,0
20,1,0,0,0,0,0,12,1,0,0,0,0,0,0
18,1,0,0,0,0,0,10,1,0,0,0,0,0,0
20,1,0,0,0,0,0,12,1,0,0,0,0,0,0
40,1,2,0,0,0,0,32,1,0,0,0,0,0,0
18,1,0,0,0,0,0,10,1,0,0,0,0,0,0
22,1,0,0,0,0,0,6,1,0,0,0,0,0,1
175,2,1,0,1,0,3,15,1,0,0,0,0,0,1
23,2,0,0,0,0,0,8,1,0,0,0,0,0,1
51,3,0,0,0,0,0,21,1,0,0,0,0,0,1
175,2,4,0,1,0,3,15,1,0,0,0,0,0,1
22,2,0,0,0,0,0,14,1,0,0,0,0,0,0
31,1,0,0,0,0,0,23,1,0,0,0,0,0,0
17,1,0,0,0,0,0,9,1,0,0,0,0,0,0
21,1,1,0,0,0,0,13,1,0,0,0,0,0,0
15,1,0,0,0,0,0,7,1,0,0,0,0,0,0
20,1,1,0,0,0,0,12,1,0,0,0,0,0,0
21,1,0,0,0,0,0,13,1,0,0,0,0,0,0
19,1,0,0,0,0,0,11,1,0,0,0,0,0,0
20,1,0,0,0,0,0,6,1,0,0,0,0,0,1
19,1,0,0,0,0,0,11,1,0,0,0,0,0,0
24,1,0,0,0,0,0,15,1,0,0,0,0,0,1
33,2,1,0,0,0,0,13,1,0,0,0,0,0,1
20,1,0,0,0,0,0,12,1,0,0,0,0,0,0
20,1,0,0,0,0,0,6,1,0,0,0,0,0,1
21,1,0,0,0,0,0,13,1,0,0,0,0,0,0
18,1,0,0,0,0,0,10,1,0,0,0,0,0,0
76,2,1,0,1,0,2,25,1,0,0,0,0,0,1
17,1,0,0,0,0,0,9,1,0,0,0,0,0,0
22,1,0,0,0,0,0,6,1,0,0,0,0,0,1
41,2,0,0,0,0,0,22,1,0,0,0,0,0,1
17,1,0,0,0,0,0,9,1,0,0,0,0,0,0
40,2,0,0,0,0,0,31,1,0,0,0,0,0,1
21,1,0,0,0,0,0,13,1,0,0,0,0,0,0
76,2,1,0,1,0,2,25,1,0,0,0,0,0,1
21,1,0,0,0,0,0,13,1,0,0,0,0,0,0
23,2,0,0,0,0,0,8,1,0,0,0,0,0,1
62,3,1,0,0,0,0,43,1,0,0,0,0,0,1
26,2,0,0,0,0,0,18,1,0,0,0,0,0,0
38,2,0,0,0,0,0,29,1,0,0,0,0,0,1
21,1,1,0,0,0,0,6,1,0,0,0,0,0,1
385,2,2,0,1,2,12,26,1,0,0,0,0,0,1
23,1,0,0,0,0,0,15,1,0,0,0,0,0,0
23,1,0,0,0,0,0,15,1,0,0,0,0,0,0
23,2,0,0,0,0,0,8,1,0,0,0,0,0,1
28,1,1,0,0,0,0,19,1,0,0,0,0,0,1
18,1,0,0,0,0,0,10,1,0,0,0,0,0,0
21,1,0,0,0,0,0,13,1,0,0,0,0,0,0
18,1,0,0,0,0,0,10,1,0,0,0,0,0,0
32,1,0,0,0,0,0,24,1,0,0,0,0,0,0
18,1,0,0,0,0,0,10,1,0,0,0,0,0,0
18,1,0,0,0,0,0,10,1,0,0,0,0,0,0
23,2,0,0,0,0,0,8,1,0,0,0,0,0,1
23,2,0,0,0,0,0,8,1,0,0,0,0,0,1
21,1,0,0,0,0,0,13,1,0,0,0,0,0,0
73,3,1,0,0,0,0,43,1,0,0,0,0,0,1
27,1,0,0,0,0,0,6,1,0,0,0,0,0,1
75,2,1,0,1,0,2,24,1,0,0,0,0,0,1
22,1,0,0,0,0,0,6,1,0,0,0,0,0,1
21,1,0,0,0,0,0,13,1,0,0,0,0,0,0
22,1,0,0,0,0,0,7,1,0,0,0,0,0,1
17,1,0,0,0,0,0,9,1,0,0,0,0,0,0
21,1,0,0,0,0,0,13,1,0,0,0,0,0,0
20,1,0,0,0,0,0,12,1,0,0,0,0,0,0
30,1,1,0,0,0,0,15,1,0,0,0,0,0,1
22,1,0,0,0,0,0,7,1,0,0,0,0,0,1
51,3,0,0,0,0,0,21,1,0,0,0,0,0,1
19,1,0,0,0,0,0,11,1,0,0,0,0,0,0
22,1,0,0,0,0,0,7,1,0,0,0,0,0,1
19,1,0,0,0,0,0,11,1,0,0,0,0,0,0
31,2,0,0,0,0,0,22,1,0,0,0,0,0,1
21,1,1,0,0,0,0,6,1,0,0,0,0,0,1
34,2,0,0,0,0,0,25,1,0,0,0,0,0,1
18,1,0,0,0,0,0,10,1,0,0,0,0,0,0
18,1,0,0,0,0,0,10,1,0,0,0,0,0,0
50,2,0,0,0,0,0,12,1,0,0,0,0,0,1
16,1,0,0,0,0,0,8,1,0,0,0,0,0,0
94,2,1,0,0,0,0,21,1,0,0,0,0,0,1
19,1,0,0,0,0,0,11,1,0,0,0,0,0,0
18,1,0,0,0,0,0,10,1,0,0,0,0,0,0
22,1,0,0,0,0,0,14,1,0,0,0,0,0,0
56,2,0,0,0,0,0,18,1,0,0,0,0,0,1
40,2,2,0,0,0,0,31,1,0,0,0,0,0,1
21,2,0,0,0,0,0,13,1,0,0,0,0,0,0
15,1,0,0,0,0,0,7,1,0,0,0,0,0,0
25,1,0,0,0,0,0,17,1,0,0,0,0,0,0
46,2,2,0,0,0,0,37,1,0,0,0,0,0,1
19,1,0,0,0,0,0,11,1,0,0,0,0,0,0
27,1,0,0,0,0,0,5,0,0,0,0,0,0,1
15,1,0,0,0,0,0,7,1,0,0,0,0,0,0
42,2,1,0,0,0,0,33,1,0,0,0,0,0,1
83,3,0,0,0,0,0,74,1,0,0,0,0,0,1
15,1,0,0,0,0,0,7,1,0,0,0,0,0,0
21,1,0,0,0,0,0,13,1,0,0,0,0,0,0
20,1,0,0,0,0,0,6,1,0,0,0,0,0,1
25,1,0,0,0,0,0,17,1,0,0,0,0,0,0
62,3,1,0,0,0,0,43,1,0,0,0,0,0,1
16,1,0,0,0,0,0,8,1,0,0,0,0,0,0
21,1,0,0,0,0,0,13,1,0,0,0,0,0,0
23,1,0,0,0,0,0,4,1,0,0,0,0,0,1
46,3,1,0,1,0,1,7,1,0,0,0,0,0,1
26,1,1,0,0,0,0,18,1,0,0,0,0,0,0
16,1,0,0,0,0,0,8,1,0,0,0,0,0,0
28,1,0,0,0,0,0,11,1,0,0,0,0,0,1
27,1,0,0,0,0,0,6,1,0,0,0,0,0,1
24,2,0,0,0,0,0,16,1,0,0,0,0,0,0
18,1,0,0,0,0,0,10,1,0,0,0,0,0,0
22,1,0,0,0,0,0,14,1,0,0,0,0,0,0
18,1,0,0,0,0,0,10,1,0,0,0,0,0,0
175,2,3,0,1,0,3,15,1,0,0,0,0,0,1
39,1,1,0,0,0,0,24,1,0,0,0,0,0,1
23,2,0,0,0,0,0,8,1,0,0,0,0,0,1
69,3,0,0,0,0,0,37,1,0,0,0,0,0,1
34,2,0,0,0,0,0,21,1,0,0,0,0,0,1
17,1,0,0,0,0,0,9,1,0,0,0,0,0,0
17,1,0,0,0,0,0,9,1,0,0,0,0,0,0
22,1,0,0,0,0,0,6,1,0,0,0,0,0,1
13,1,0,0,0,0,0,5,1,0,0,0,0,0,0
175,2,1,0,1,0,3,15,1,0,0,0,0,0,1
131,2,3,0,0,0,0,15,1,0,0,0,0,0,1
21,1,1,0,0,0,0,6,1,0,0,0,0,0,1
20,1,0,0,0,0,0,12,1,0,0,0,0,0,0
18,1,0,0,0,0,0,10,1,0,0,0,0,0,0
24,1,0,0,0,0,0,16,1,0,0,0,0,0,0
22,1,0,0,0,0,0,14,1,0,0,0,0,0,0
18,1,0,0,0,0,0,10,1,0,0,0,0,0,0
21,1,1,0,0,0,0,13,1,0,0,0,0,0,0
40,2,2,0,0,0,0,22,1,0,0,0,0,0,1
23,2,0,0,0,0,0,8,1,0,0,0,0,0,1
21,1,1,0,0,0,0,6,1,0,0,0,0,0,1
29,2,0,0,0,0,0,20,1,0,0,0,0,0,1
18,1,0,0,0,0,0,10,1,0,0,0,0,0,0
22,1,0,0,0,0,0,7,1,0,0,0,0,0,1
120,5,2,0,1,4,4,14,1,0,0,0,0,0,1
20,1,0,0,0,0,0,12,1,0,0,0,0,0,0
16,1,0,0,0,0,0,8,1,0,0,0,0,0,0
41,2,1,0,0,0,0,32,1,0,0,0,0,0,1
103,3,1,0,1,0,2,15,1,0,0,0,0,0,1
26,1,0,0,0,0,0,18,1,0,0,0,0,0,0
18,1,0,0,0,0,0,10,1,0,0,0,0,0,0
15,1,0,0,0,0,0,7,1,0,0,0,0,0,0
83,3,0,0,0,0,0,74,1,0,0,0,0,0,1
28,1,0,0,0,0,0,20,1,0,0,0,0,0,0
17,1,0,0,0,0,0,9,1,0,0,0,0,0,0
17,1,0,0,0,0,0,9,1,0,0,0,0,0,0
64,2,4,0,0,0,0,14,1,0,0,0,0,0,1
28,2,0,0,0,0,0,19,1,0,0,0,0,0,1
17,2,0,0,0,0,0,9,1,0,0,0,0,0,0
31,2,0,0,0,0,0,22,1,0,0,0,0,0,1
16,1,0,0,0,0,0,8,1,0,0,0,0,0,0
18,1,0,0,0,0,0,10,1,0,0,0,0,0,0
22,1,0,0,0,0,0,7,1,0,0,0,0,0,1
44,2,1,0,0,0,0,16,1,0,0,0,0,0,1
24,1,0,0,0,0,0,16,1,0,0,0,0,0,0
20,1,0,0,0,0,0,12,1,0,0,0,0,0,0
21,1,1,0,0,0,0,6,1,0,0,0,0,0,1
21,1,1,0,0,0,0,6,1,0,0,0,0,0,1
46,2,0,0,0,0,0,39,0,0,0,0,0,0,1
20,1,0,0,0,0,0,12,1,0,0,0,0,0,0
18,2,0,0,0,0,0,10,1,0,0,0,0,0,0
181,3,5,0,1,1,4,15,1,0,0,0,0,0,1
21,1,1,0,0,0,0,6,1,0,0,0,0,0,1
17,1,0,0,0,0,0,9,1,0,0,0,0,0,0
131,2,0,0,1,0,3,15,1,0,0,0,0,0,1
22,1,0,0,0,0,0,7,1,0,0,0,0,0,1
14,1,0,0,0,0,0,6,1,0,0,0,0,0,0
48,2,2,0,0,0,0,39,1,0,0,0,0,0,1
30,2,2,0,0,0,0,21,1,0,0,0,0,0,1
50,2,0,0,0,0,0,14,1,0,0,0,0,0,1
21,1,0,0,0,0,0,13,1,0,0,0,0,0,0
190,3,1,0,1,0,4,15,1,0,0,0,0,0,1
15,1,0,0,0,0,0,7,1,0,0,0,0,0,0
27,1,0,0,0,0,0,19,1,0,0,0,0,0,0
20,1,0,0,0,0,0,12,1,0,0,0,0,0,0
21,1,0,0,0,0,0,13,1,0,0,0,0,0,0
51,3,0,0,0,0,0,23,1,0,0,0,0,0,1
21,1,1,0,0,0,0,6,1,0,0,0,0,0,1
23,2,0,0,0,0,0,8,1,0,0,0,0,0,1
68,3,1,0,0,0,0,43,1,0,0,0,0,0,1
20,2,0,0,0,0,0,12,1,0,0,0,0,0,0
20,1,0,0,0,0,0,12,1,0,0,0,0,0,0
84,2,0,0,0,0,0,15,1,0,0,0,0,0,1
15,1,0,0,0,0,0,7,1,0,0,0,0,0,0
21,1,1,0,0,0,0,6,1,0,0,0,0,0,1
21,2,0,0,0,0,0,13,1,0,0,0,0,0,0
38,2,0,0,0,0,0,16,1,0,0,0,0,0,1
60,2,0,0,0,0,0,19,1,0,0,0,0,0,1
21,1,0,0,0,0,0,13,1,0,0,0,0,0,0
62,2,1,0,0,0,0,53,1,0,0,0,0,0,1
19,1,0,0,0,0,0,11,1,0,0,0,0,0,0
52,3,0,0,1,0,1,24,1,0,0,0,0,0,1
22,1,0,0,0,0,0,7,1,0,0,0,0,0,1
19,1,0,0,0,0,0,11,1,0,0,0,0,0,0
21,1,0,0,0,0,0,13,1,0,0,0,0,0,0
18,1,0,0,0,0,0,10,1,0,0,0,0,0,0
21,1,0,0,0,0,0,13,1,0,0,0,0,0,0
23,1,0,0,0,0,0,15,1,0,0,0,0,0,0
17,1,0,0,0,0,0,9,1,0,0,0,0,0,0
104,3,1,0,0,0,0,21,1,0,0,0,0,0,1
21,1,0,0,0,0,0,13,1,0,0,0,0,0,0
28,2,0,0,0,0,0,19,1,0,0,0,0,0,1
20,1,0,0,0,0,0,12,1,0,0,0,0,0,0
17,1,0,0,0,0,0,9,1,0,0,0,0,0,0
46,3,1,0,1,0,1,7,1,0,0,0,0,0,1
18,1,0,0,0,0,0,10,1,0,0,0,0,0,0
22,1,0,0,0,0,0,7,1,0,0,0,0,0,1
19,1,0,0,0,0,0,11,1,0,0,0,0,0,0
86,1,0,0,1,0,2,7,1,0,0,0,0,0,1
83,2,1,0,0,0,0,15,1,0,0,0,0,0,1
16,1,0,0,0,0,0,8,1,0,0,0,0,0,0
22,1,0,0,0,0,0,14,1,0,0,0,0,0,0
95,4,0,0,0,0,0,74,1,0,0,0,0,0,1
18,1,0,0,0,0,0,10,1,0,0,0,0,0,0
27,1,0,0,0,0,0,19,1,0,0,0,0,0,0
68,2,3,0,0,0,0,59,1,0,0,0,0,0,1
19,1,0,0,0,0,0,11,1,0,0,0,0,0,0
15,1,0,0,0,0,0,7,1,0,0,0,0,0,0
21,1,0,0,0,0,0,13,1,0,0,0,0,0,0
17,1,0,0,0,0,0,9,1,0,0,0,0,0,0
35,2,1,0,0,0,0,26,1,0,0,0,0,0,1
18,1,0,0,0,0,0,10,1,0,0,0,0,0,0
19,1,0,0,0,0,0,11,1,0,0,0,0,0,0
21,1,0,0,0,0,0,13,1,0,0,0,0,0,0
17,1,0,0,0,0,0,9,1,0,0,0,0,0,0
36,2,0,0,0,0,0,27,1,0,0,0,0,0,1
32,2,0,0,0,0,0,23,1,0,0,0,0,0,1
41,2,1,0,0,0,0,33,0,0,0,0,0,0,1
28,2,1,0,0,0,0,19,1,0,0,0,0,0,1
16,1,0,0,0,0,0,8,1,0,0,0,0,0,0
15,1,0,0,0,0,0,7,1,0,0,0,0,0,0
18,1,0,0,0,0,0,10,1,0,0,0,0,0,0
22,1,0,0,0,0,0,7,1,0,0,0,0,0,1
22,2,0,0,0,0,0,14,1,0,0,0,0,0,0
64,3,1,0,0,0,0,43,1,0,0,0,0,0,1
14,1,0,0,0,0,0,6,1,0,0,0,0,0,0
18,1,0,0,0,0,0,10,1,0,0,0,0,0,0
28,1,0,0,0,0,0,11,1,0,0,0,0,0,1
36,2,0,0,0,0,0,27,1,0,0,0,0,0,1
42,2,1,0,0,0,0,27,1,0,0,0,0,0,1
32,2,0,0,0,0,0,23,1,0,0,0,0,0,1
60,3,1,0,0,0,0,43,1,0,0,0,0,0,1
25,2,0,0,0,0,0,16,1,0,0,0,0,0,1
16,1,0,0,0,0,0,8,1,0,0,0,0,0,0
21,1,0,0,0,0,0,13,1,0,0,0,0,0,0
23,1,1,0,0,0,0,14,1,0,0,0,0,0,1
20,1,0,0,0,0,0,12,1,0,0,0,0,0,0
21,1,0,0,0,0,0,13,1,0,0,0,0,0,0
32,2,0,0,0,0,0,15,1,0,0,0,0,0,1
131,2,0,0,1,0,3,15,1,0,0,0,0,0,1
15,1,0,0,0,0,0,7,1,0,0,0,0,0,0
16,1,0,0,0,0,0,8,1,0,0,0,0,0,0
24,1,0,0,0,0,0,16,1,0,0,0,0,0,0
23,2,0,0,0,0,0,8,1,0,0,0,0,0,1
44,2,0,0,0,0,0,16,1,0,0,0,0,0,1
19,1,0,0,0,0,0,11,1,0,0,0,0,0,0
23,2,0,0,0,0,0,8,1,0,0,0,0,0,1
43,1,0,0,0,0,0,22,1,0,0,0,0,0,1
20,1,0,0,0,0,0,12,1,0,0,0,0,0,0
19,1,0,0,0,0,0,11,1,0,0,0,0,0,0
37,2,0,0,0,0,0,16,1,0,0,0,0,0,1
14,1,0,0,0,0,0,6,1,0,0,0,0,0,0
19,1,0,0,0,0,0,11,1,0,0,0,0,0,0
36,3,1,0,0,0,0,21,1,0,0,0,0,0,1
24,1,0,0,0,0,0,17,0,0,0,0,0,0,1
29,1,0,0,0,0,0,9,1,0,0,0,0,0,1
59,2,2,0,0,0,0,21,1,0,0,0,0,0,1
167,2,1,0,1,0,3,15,1,0,0,0,0,0,1
175,2,1,0,1,0,3,15,1,0,0,0,0,0,1
21,1,0,0,0,0,0,13,1,0,0,0,0,0,0
23,1,0,0,0,0,0,15,1,0,0,0,0,0,0
22,1,0,0,0,0,0,14,1,0,0,0,0,0,0
22,1,0,0,0,0,0,7,1,0,0,0,0,0,1
23,1,0,0,0,0,0,15,1,0,0,0,0,0,0
22,1,0,0,0,0,0,14,1,0,0,0,0,0,0
22,2,0,0,0,0,0,13,1,0,0,0,0,0,1
18,1,0,0,0,0,0,10,1,0,0,0,0,0,0
21,1,1,0,0,0,0,13,1,0,0,0,0,0,0
35,2,0,0,0,0,0,27,1,0,0,0,0,0,1
37,2,1,0,0,0,0,21,1,0,0,0,0,0,1
311,4,6,0,1,0,8,20,1,0,0,0,0,0,1
17,1,0,0,0,0,0,9,1,0,0,0,0,0,0
21,2,0,0,0,0,0,13,1,0,0,0,0,0,0
117,3,0,0,1,0,4,33,0,0,0,0,0,0,1
16,1,0,0,0,0,0,8,1,0,0,0,0,0,0
26,1,0,0,0,0,0,18,1,0,0,0,0,0,0
76,2,1,0,1,0,2,25,1,0,0,0,0,0,1
19,1,0,0,0,0,0,11,1,0,0,0,0,0,0
23,2,0,0,0,0,0,8,1,0,0,0,0,0,1
24,2,0,0,0,0,0,16,1,0,0,0,0,0,0
36,2,2,0,0,0,0,27,1,0,0,0,0,0,1
20,1,0,0,0,0,0,7,1,0,0,0,0,0,1
21,1,0,0,0,0,0,13,1,0,0,0,0,0,0
178,3,2,0,1,0,4,15,1,0,0,0,0,0,1
28,2,0,0,0,0,0,19,1,0,0,0,0,0,1
18,1,0,0,0,0,0,10,1,0,0,0,0,0,0
22,1,0,0,0,0,0,14,1,0,0,0,0,0,0
14,1,0,0,0,0,0,6,1,0,0,0,0,0,0
20,2,0,0,0,0,0,12,1,0,0,0,0,0,0
47,3,0,0,1,0,1,19,1,0,0,0,0,0,1
29,1,0,0,0,0,0,21,1,0,0,0,0,0,0
42,2,0,0,0,0,0,14,1,0,0,0,0,0,1
35,1,0,0,0,0,1,9,1,0,0,0,0,0,1
24,1,0,0,0,0,0,16,1,0,0,0,0,0,0
33,2,0,0,0,0,0,24,1,0,0,0,0,0,1
25,2,0,0,0,0,0,16,1,0,0,0,0,0,1
30,1,1,0,0,0,0,22,1,0,0,0,0,0,0
24,2,0,0,0,0,0,16,1,0,0,0,0,0,0
17,1,0,0,0,0,0,9,1,0,0,0,0,0,0
19,1,0,0,0,0,0,11,1,0,0,0,0,0,0
38,2,0,0,0,0,0,29,1,0,0,0,0,0,1
83,3,0,0,0,0,0,74,1,0,0,0,0,0,1
21,1,0,0,0,0,0,13,1,0,0,0,0,0,0
20,1,1,0,0,0,0,12,1,0,0,0,0,0,0
21,1,1,0,0,0,0,6,1,0,0,0,0,0,1
20,1,0,0,0,0,0,12,1,0,0,0,0,0,0
15,1,0,0,0,0,0,7,1,0,0,0,0,0,0
62,2,0,0,1,0,1,17,1,0,0,0,0,0,1
18,1,0,0,0,0,0,10,1,0,0,0,0,0,0
16,1,0,0,0,0,0,8,1,0,0,0,0,0,0
30,1,0,0,0,0,0,11,1,0,0,0,0,0,1
15,1,0,0,0,0,0,7,1,0,0,0,0,0,0
17,1,0,0,0,0,0,9,1,0,0,0,0,0,0
175,2,3,0,1,0,3,15,1,0,0,0,0,0,1
19,1,0,0,0,0,0,11,1,0,0,0,0,0,0
22,1,0,0,0,0,0,7,1,0,0,0,0,0,1
18,1,0,0,0,0,0,10,1,0,0,0,0,0,0
14,1,0,0,0,0,0,6,1,0,0,0,0,0,0
34,2,0,0,0,0,0,25,1,0,0,0,0,0,1
16,1,0,0,0,0,0,8,1,0,0,0,0,0,0
30,2,0,0,0,0,0,21,1,0,0,0,0,0,1
23,1,0,0,0,0,0,4,1,0,0,0,0,0,1
44,2,1,0,0,0,0,28,1,0,0,0,0,0,1
97,6,4,1,1,0,1,55,1,0,0,0,0,0,1
15,1,0,0,0,0,0,7,1,0,0,0,0,0,0
21,1,0,0,0,0,0,13,1,0,0,0,0,0,0
22,1,0,0,0,0,0,6,1,0,0,0,0,0,1
282,3,5,0,1,0,4,15,1,0,0,0,0,0,1
23,2,0,0,0,0,0,8,1,0,0,0,0,0,1
19,1,0,0,0,0,0,11,1,0,0,0,0,0,0
60,3,2,0,0,0,0,28,1,0,0,0,0,0,1
35,2,0,0,0,0,0,16,1,0,0,0,0,0,1
19,1,0,0,0,0,0,11,1,0,0,0,0,0,0
23,1,1,0,0,0,0,15,1,0,0,0,0,0,0
175,2,1,0,1,0,3,15,1,0,0,0,0,0,1
175,2,1,0,1,0,3,15,1,0,0,0,0,0,1
75,2,1,0,1,0,2,24,1,0,0,0,0,0,1
20,1,0,0,0,0,0,12,1,0,0,0,0,0,0
39,3,0,0,0,0,0,19,1,0,0,0,0,0,1
13,1,0,0,0,0,0,5,1,0,0,0,0,0,0
48,2,2,0,0,0,0,30,1,0,0,0,0,0,1
22,1,0,0,0,0,0,7,1,0,0,0,0,0,1
14,1,0,0,0,0,0,6,1,0,0,0,0,0,0
18,1,0,0,0,0,0,10,1,0,0,0,0,0,0
17,1,0,0,0,0,0,9,1,0,0,0,0,0,0
21,1,0,0,0,0,0,13,1,0,0,0,0,0,0
19,1,0,0,0,0,0,11,1,0,0,0,0,0,0
31,1,1,0,0,0,0,22,1,0,0,0,0,0,1
17,1,1,0,0,0,0,9,1,0,0,0,0,0,0
40,2,0,0,0,0,0,16,1,0,0,0,0,0,1
29,1,0,0,0,0,0,21,1,0,0,0,0,0,0
190,3,1,0,1,0,4,15,1,0,0,0,0,0,1
36,2,1,0,0,0,0,27,1,0,0,0,0,0,1
16,1,0,0,0,0,0,8,1,0,0,0,0,0,0
17,1,0,0,0,0,0,9,1,0,0,0,0,0,0
17,1,0,0,0,0,0,9,1,0,0,0,0,0,0
24,1,0,0,0,0,0,16,1,0,0,0,0,0,0
41,1,0,0,0,0,0,10,1,0,0,0,0,0,1
21,1,0,0,0,0,0,13,1,0,0,0,0,0,0
15,1,0,0,0,0,0,7,1,0,0,0,0,0,0
62,3,0,0,0,0,0,30,1,0,0,0,0,0,1
27,2,0,0,0,0,0,18,1,0,0,0,0,0,1
17,1,0,0,0,0,0,9,1,0,0,0,0,0,0
21,2,0,0,0,0,0,13,1,0,0,0,0,0,0
84,2,1,0,0,0,0,15,1,0,0,0,0,0,1
31,2,0,0,0,0,0,22,1,0,0,0,0,0,1
20,1,1,0,0,0,0,12,1,0,0,0,0,0,0
42,2,0,0,0,0,0,14,1,0,0,0,0,0,1
30,2,0,0,0,0,0,21,1,0,0,0,0,0,1
89,2,1,0,1,0,3,25,1,0,0,0,0,0,1
29,2,0,0,0,0,0,20,1,0,0,0,0,0,1
17,1,0,0,0,0,0,9,1,0,0,0,0,0,0
20,1,0,0,0,0,0,12,1,0,0,0,0,0,0
16,1,0,0,0,0,0,8,1,0,0,0,0,0,0
21,1,1,0,0,0,0,6,1,0,0,0,0,0,1
22,1,0,0,0,0,0,7,1,0,0,0,0,0,1
41,2,2,0,0,0,0,22,0,0,0,0,0,0,1
37,2,1,0,0,0,0,30,0,0,0,0,0,0,1
66,2,2,0,1,0,1,16,1,0,0,0,0,0,1
17,1,0,0,0,0,0,9,1,0,0,0,0,0,0
24,1,0,0,0,0,0,16,1,0,0,0,0,0,0
22,1,1,0,0,0,0,14,1,0,0,0,0,0,0
21,1,0,0,0,0,0,13,1,0,0,0,0,0,0
18,1,0,0,0,0,0,10,1,0,0,0,0,0,0
83,3,0,0,0,0,0,74,1,0,0,0,0,0,1
20,1,0,0,0,0,0,12,1,0,0,0,0,0,0
21,1,0,0,0,0,0,13,1,0,0,0,0,0,0
31,2,0,0,0,0,0,22,1,0,0,0,0,0,1
48,3,2,0,0,0,0,17,0,0,0,0,0,0,1
14,1,0,0,0,0,0,6,1,0,0,0,0,0,0
41,2,2,0,0,0,0,32,1,0,0,0,0,0,1
19,1,0,0,0,0,0,11,1,0,0,0,0,0,0
22,1,0,0,0,0,0,14,1,0,0,0,0,0,0
15,1,0,0,0,0,0,7,1,0,0,0,0,0,0
33,2,0,0,0,0,0,24,1,0,0,0,0,0,1
20,1,0,0,0,0,0,12,1,0,0,0,0,0,0
22,1,0,0,0,0,0,7,1,0,0,0,0,0,1
39,2,0,0,0,0,0,15,1,0,0,0,0,0,1
17,1,0,0,0,0,0,9,1,0,0,0,0,0,0
20,1,0,0,0,0,0,12,1,0,0,0,0,0,0
16,1,0,0,0,0,0,8,1,0,0,0,0,0,0
14,1,0,0,0,0,0,6,1,0,0,0,0,0,0
20,1,0,0,0,0,0,12,1,0,0,0,0,0,0
24,1,1,0,0,0,0,16,1,0,0,0,0,0,0
23,2,0,0,0,0,0,8,1,0,0,0,0,0,1
43,3,1,0,0,0,0,25,0,0,1,0,0,0,1
84,2,2,0,0,0,0,15,1,0,0,0,0,0,1
18,1,0,0,0,0,0,10,1,0,0,0,0,0,0
181,3,2,0,1,1,4,15,1,0,0,0,0,0,1
40,2,2,0,0,0,0,22,1,0,0,0,0,0,1
80,3,6,0,0,0,0,71,1,0,0,0,0,0,1
15,1,0,0,0,0,0,7,1,0,0,0,0,0,0
167,2,1,0,1,0,3,15,1,0,0,0,0,0,1
31,1,0,0,0,0,0,22,1,0,0,0,0,0,1
23,2,0,0,0,0,0,8,1,0,0,0,0,0,1
18,1,0,0,0,0,0,10,1,0,0,0,0,0,0
35,2,0,0,0,0,0,26,1,0,0,0,0,0,1
26,1,0,0,0,0,0,18,1,0,0,0,0,0,0
26,1,1,0,0,0,0,18,1,0,0,0,0,0,0
22,1,0,0,0,0,0,7,1,0,0,0,0,0,1
18,1,0,0,0,0,0,10,1,0,0,0,0,0,0
28,2,1,0,0,0,0,19,1,0,0,0,0,0,1
34,2,0,0,0,0,0,12,1,0,0,0,0,0,1
18,1,0,0,0,0,0,10,1,0,0,0,0,0,0
20,1,0,0,0,0,0,12,1,0,0,0,0,0,0
23,2,0,0,0,0,0,8,1,0,0,0,0,0,1
21,1,1,0,0,0,0,6,1,0,0,0,0,0,1
23,2,0,0,0,0,0,8,1,0,0,0,0,0,1
16,1,0,0,0,0,0,8,1,0,0,0,0,0,0
23,1,0,0,0,0,0,15,1,0,0,0,0,0,0
51,2,0,0,0,0,0,16,1,0,0,0,0,0,1
21,1,0,0,0,0,0,13,1,0,0,0,0,0,0
22,1,0,0,0,0,0,7,1,0,0,0,0,0,1
23,2,0,0,0,0,0,8,1,0,0,0,0,0,1
31,2,1,0,0,0,0,8,1,0,0,0,0,0,1
29,1,1,0,0,0,0,21,1,0,0,0,0,0,0
51,3,0,0,0,0,0,21,1,0,0,0,0,0,1
30,2,0,0,0,0,0,16,1,0,1,0,0,0,1
68,3,0,0,0,0,0,28,1,0,1,0,0,0,1
35,2,1,0,0,0,0,26,1,0,0,0,0,0,1
20,1,0,0,0,0,0,12,1,0,0,0,0,0,0
26,1,0,0,0,0,0,18,1,0,0,0,0,0,0
19,1,0,0,0,0,0,11,1,0,0,0,0,0,0
18,1,0,0,0,0,0,10,1,0,0,0,0,0,0
21,1,1,0,0,0,0,6,1,0,0,0,0,0,1
17,1,0,0,0,0,0,9,1,0,0,0,0,0,0
13,1,0,0,0,0,0,5,1,0,0,0,0,0,0
20,1,0,0,0,0,0,12,1,0,0,0,0,0,0
20,1,0,0,0,0,0,12,1,0,0,0,0,0,0
18,1,0,0,0,0,0,10,1,0,0,0,0,0,0
21,1,0,0,0,0,0,13,1,0,0,0,0,0,0
28,1,1,0,0,0,0,19,1,0,0,0,0,0,1
36,2,0,0,0,0,0,27,1,0,0,0,0,0,1
23,2,0,0,0,0,0,8,1,0,0,0,0,0,1
24,1,0,0,0,0,0,16,1,0,0,0,0,0,0
17,1,0,0,0,0,0,9,1,0,0,0,0,0,0
44,2,0,0,0,0,0,35,1,0,0,0,0,0,1
51,3,0,0,0,0,0,24,1,0,1,0,0,0,1
20,1,0,0,0,0,0,12,1,0,0,0,0,0,0
23,2,0,0,0,0,0,8,1,0,0,0,0,0,1
23,2,0,0,0,0,0,8,1,0,0,0,0,0,1
20,1,0,0,0,0,0,12,1,0,0,0,0,0,0
15,1,0,0,0,0,0,7,1,0,0,0,0,0,0
16,1,0,0,0,0,0,8,1,0,0,0,0,0,0
62,3,1,0,0,0,0,43,1,0,0,0,0,0,1
46,2,3,0,0,0,0,37,1,0,0,0,0,0,1
23,2,0,0,0,0,0,8,1,0,0,0,0,0,1
19,1,0,0,0,0,0,11,1,0,0,0,0,0,0
18,1,0,0,0,0,0,10,1,0,0,0,0,0,0
39,2,1,0,0,0,0,23,1,0,0,0,0,0,1
21,1,1,0,0,0,0,6,1,0,0,0,0,0,1
18,1,0,0,0,0,0,10,1,0,0,0,0,0,0
33,1,0,0,0,0,0,8,1,0,0,0,0,0,1
15,1,0,0,0,0,0,7,1,0,0,0,0,0,0
19,2,0,0,0,0,0,11,1,0,0,0,0,0,0
17,1,0,0,0,0,0,9,1,0,0,0,0,0,0
29,2,0,0,0,0,0,20,1,0,0,0,0,0,1
43,2,2,0,0,0,0,35,1,0,0,0,0,0,1
38,2,2,0,0,0,0,29,1,0,0,0,0,0,1
175,2,3,0,1,0,3,15,1,0,0,0,0,0,1
51,3,0,0,0,0,0,21,1,0,0,0,0,0,1
36,2,0,0,0,0,0,27,1,0,0,0,0,0,1
76,2,0,0,1,0,1,33,1,0,0,0,0,0,1
17,1,0,0,0,0,0,9,1,0,0,0,0,0,0
169,3,0,0,1,0,0,22,1,0,0,0,0,0,1
20,1,0,0,0,0,0,12,1,0,0,0,0,0,0
190,3,1,0,1,0,4,15,1,0,0,0,0,0,1
19,1,0,0,0,0,0,11,1,0,0,0,0,0,0
16,1,0,0,0,0,0,8,1,0,0,0,0,0,0
84,2,0,0,0,0,0,15,1,0,0,0,0,0,1
18,1,0,0,0,0,0,10,1,0,0,0,0,0,0
21,1,0,0,0,0,0,13,1,0,0,0,0,0,0
30,2,0,0,0,0,0,21,1,0,0,0,0,0,1
22,1,0,0,0,0,0,7,1,0,0,0,0,0,1
23,2,0,0,0,0,0,8,1,0,0,0,0,0,1
175,2,2,0,1,0,3,15,1,0,0,0,0,0,1
23,1,0,0,0,0,0,15,1,0,0,0,0,0,0
18,1,0,0,0,0,0,10,1,0,0,0,0,0,0
128,2,0,0,1,0,10,15,1,0,0,0,0,0,1
22,1,0,0,0,0,0,7,1,0,0,0,0,0,1
20,1,0,0,0,0,0,12,1,0,0,0,0,0,0
32,2,0,0,0,0,0,23,1,0,0,0,0,0,1
27,1,0,0,0,0,0,19,1,0,0,0,0,0,0
18,1,0,0,0,0,0,10,1,0,0,0,0,0,0
15,1,0,0,0,0,0,7,1,0,0,0,0,0,0
19,1,0,0,0,0,0,5,1,0,0,0,0,0,1
31,2,1,0,0,0,0,23,0,0,0,0,0,0,1
18,1,0,0,0,0,0,10,1,0,0,0,0,0,0
19,2,0,0,0,0,0,11,1,0,0,0,0,0,0
21,2,0,0,0,0,0,13,1,0,0,0,0,0,0
20,1,0,0,0,0,0,12,1,0,0,0,0,0,0
112,5,2,0,1,0,3,35,1,0,0,0,0,0,1
84,2,0,0,0,0,0,15,1,0,0,0,0,0,1
50,2,5,0,0,0,0,41,1,0,0,0,0,0,1
19,1,0,0,0,0,0,11,1,0,0,0,0,0,0
17,1,0,0,0,0,0,9,1,0,0,0,0,0,0
22,1,0,0,0,0,0,7,1,0,0,0,0,0,1
39,2,1,0,0,0,0,31,1,0,0,0,0,0,1
23,1,0,0,0,0,0,15,1,0,0,0,0,0,0
35,1,0,0,0,0,1,9,1,0,0,0,0,0,1
34,1,1,0,0,0,0,10,1,0,0,0,0,0,1
27,1,0,0,0,0,0,13,1,0,0,0,0,0,1
17,1,0,0,0,0,0,9,1,0,0,0,0,0,0
83,3,0,0,0,0,0,74,1,0,0,0,0,0,1
22,1,0,0,0,0,0,14,1,0,0,0,0,0,0
19,1,0,0,0,0,0,11,1,0,0,0,0,0,0
20,1,0,0,0,0,0,12,1,0,0,0,0,0,0
175,2,2,0,1,0,3,15,1,0,0,0,0,0,1
29,2,0,0,0,0,0,20,1,0,0,0,0,0,1
61,2,0,0,0,0,0,16,1,0,0,0,0,0,1
21,1,1,0,0,0,0,6,1,0,0,0,0,0,1
21,1,0,0,0,0,0,13,1,0,0,0,0,0,0
15,1,0,0,0,0,0,7,1,0,0,0,0,0,0
27,1,1,0,0,0,0,19,1,0,0,0,0,0,0
21,1,1,0,0,0,0,6,1,0,0,0,0,0,1
20,1,0,0,0,0,0,12,1,0,0,0,0,0,0
21,1,1,0,0,0,0,6,1,0,0,0,0,0,1
20,2,0,0,0,0,0,12,1,0,0,0,0,0,0
175,2,2,0,1,0,3,15,1,0,0,0,0,0,1
16,1,0,0,0,0,0,8,1,0,0,0,0,0,0
51,3,0,0,0,0,0,21,1,0,0,0,0,0,1
175,2,1,0,1,0,3,15,1,0,0,0,0,0,1
16,1,0,0,0,0,0,8,1,0,0,0,0,0,0
20,1,0,0,0,0,0,5,1,0,0,0,0,0,1
41,2,1,0,0,0,0,32,1,0,0,0,0,0,1
40,2,0,0,0,0,0,12,1,0,0,0,0,0,1
44,2,2,0,0,0,0,35,1,0,0,0,0,0,1
20,1,0,0,0,0,0,12,1,0,0,0,0,0,0
20,1,0,0,0,0,0,12,1,0,0,0,0,0,0
33,2,0,0,0,0,0,24,1,0,0,0,0,0,1
19,1,0,0,0,0,0,11,1,0,0,0,0,0,0
16,1,0,0,0,0,0,8,1,0,0,0,0,0,0
16,1,0,0,0,0,0,8,1,0,0,0,0,0,0
19,1,0,0,0,0,0,11,1,0,0,0,0,0,0
15,1,0,0,0,0,0,7,1,0,0,0,0,0,0
23,1,0,0,0,0,0,15,1,0,0,0,0,0,0
205,3,0,0,1,0,2,16,1,0,0,0,0,0,1
23,2,0,0,0,0,0,14,1,0,0,0,0,0,1
41,2,1,0,0,0,0,32,1,0,0,0,0,0,1
62,3,1,0,0,0,0,43,1,0,0,0,0,0,1
22,1,0,0,0,0,0,7,1,0,0,0,0,0,1
18,1,0,0,0,0,0,10,1,0,0,0,0,0,0
20,1,0,0,0,0,0,12,1,0,0,0,0,0,0
22,1,0,0,0,0,0,7,1,0,0,0,0,0,1
29,1,0,0,0,0,0,12,1,0,0,0,0,0,1
17,1,0,0,0,0,0,9,1,0,0,0,0,0,0
20,1,0,0,0,0,0,6,1,0,0,0,0,0,1
14,1,0,0,0,0,0,6,1,0,0,0,0,0,0
34,2,0,0,0,0,0,25,1,0,0,0,0,0,1
29,1,0,0,0,0,0,12,1,0,0,0,0,0,1
89,2,0,0,0,4,0,18,1,0,0,0,0,0,1
25,1,0,0,0,0,0,17,1,0,0,0,0,0,0
19,1,0,0,0,0,0,6,1,0,0,0,0,0,1
23,2,0,0,0,0,0,8,1,0,0,0,0,0,1
76,2,1,0,1,0,2,25,1,0,0,0,0,0,1
175,2,4,0,1,0,3,15,1,0,0,0,0,0,1
13,1,0,0,0,0,0,5,1,0,0,0,0,0,0
16,1,0,0,0,0,0,8,1,0,0,0,0,0,0
21,1,0,0,0,0,0,13,1,0,0,0,0,0,0
19,1,0,0,0,0,0,11,1,0,0,0,0,0,0
22,1,0,0,0,0,0,14,1,0,0,0,0,0,0
17,1,0,0,0,0,0,9,1,0,0,0,0,0,0
22,2,0,0,0,0,0,14,1,0,0,0,0,0,0
51,2,2,0,0,0,0,42,1,0,0,0,0,0,1
20,1,0,0,0,0,0,12,1,0,0,0,0,0,0
16,1,0,0,0,0,0,8,1,0,0,0,0,0,0
21,1,1,0,0,0,0,13,1,0,0,0,0,0,0
22,1,0,0,0,0,0,6,1,0,0,0,0,0,1
15,1,0,0,0,0,0,7,1,0,0,0,0,0,0
16,1,0,0,0,0,0,8,1,0,0,0,0,0,0
45,2,0,0,0,0,0,16,1,0,0,0,0,0,1
43,3,0,0,0,0,0,34,1,0,0,0,0,0,1
19,1,0,0,0,0,0,11,1,0,0,0,0,0,0
25,1,0,0,0,0,0,17,1,0,0,0,0,0,0
51,3,0,0,0,0,0,21,1,0,0,0,0,0,1
18,1,0,0,0,0,0,10,1,0,0,0,0,0,0
21,1,1,0,0,0,0,6,1,0,0,0,0,0,1
50,2,3,0,0,0,0,16,1,0,0,0,0,0,1
33,2,1,0,0,0,0,15,1,0,0,0,0,0,1
22,1,0,0,0,0,0,6,1,0,0,0,0,0,1
22,1,1,0,0,0,0,14,1,0,0,0,0,0,0
20,1,0,0,0,0,0,12,1,0,0,0,0,0,0
21,1,0,0,0,0,0,13,1,0,0,0,0,0,0
40,2,0,0,0,0,0,31,1,0,0,0,0,0,1
25,1,0,0,0,0,0,17,1,0,0,0,0,0,0
17,1,0,0,0,0,0,9,1,0,0,0,0,0,0
15,1,0,0,0,0,0,7,1,0,0,0,0,0,0
18,1,0,0,0,0,0,10,1,0,0,0,0,0,0
29,2,0,0,0,0,0,20,1,0,0,0,0,0,1
29,1,1,0,0,0,0,12,1,0,0,0,0,0,1
19,1,0,0,0,0,0,11,1,0,0,0,0,0,0
59,3,1,0,0,0,0,43,1,0,0,0,0,0,1
15,1,0,0,0,0,0,7,1,0,0,0,0,0,0
24,1,0,0,0,0,0,16,1,0,0,0,0,0,0
19,1,0,0,0,0,0,11,1,0,0,0,0,0,0
19,1,0,0,0,0,0,11,1,0,0,0,0,0,0
36,2,0,0,0,0,0,27,1,0,0,0,0,0,1
21,1,1,0,0,0,0,6,1,0,0,0,0,0,1
24,1,0,0,0,0,0,16,1,0,0,0,0,0,0
18,1,0,0,0,0,0,10,1,0,0,0,0,0,0
21,2,0,0,0,0,0,13,1,0,0,0,0,0,0
21,1,1,0,0,0,0,6,1,0,0,0,0,0,1
16,1,0,0,0,0,0,8,1,0,0,0,0,0,0
175,2,1,0,1,0,3,15,1,0,0,0,0,0,1
29,2,1,0,0,0,0,22,0,0,0,0,0,0,1
28,1,0,0,0,0,0,20,1,0,0,0,0,0,0
21,1,0,0,0,0,0,13,1,0,0,0,0,0,0
21,1,0,0,0,0,0,13,1,0,0,0,0,0,0
16,1,0,0,0,0,0,8,1,0,0,0,0,0,0
61,3,1,0,0,0,0,43,1,0,0,0,0,0,1
21,2,0,0,0,0,0,13,1,0,0,1,0,0,0
21,1,1,0,0,0,0,6,1,0,0,0,0,0,1
21,1,0,0,0,0,0,13,1,0,0,0,0,0,0
21,1,1,0,0,0,0,6,1,0,0,0,0,0,1
21,1,0,0,0,0,0,13,1,0,0,0,0,0,0
20,1,0,0,0,0,0,12,1,0,0,0,0,0,0
51,3,0,0,0,0,0,21,1,0,0,0,0,0,1
19,1,0,0,0,0,0,11,1,0,0,0,0,0,0
22,1,0,0,0,0,0,7,1,0,0,0,0,0,1
16,1,0,0,0,0,0,8,1,0,0,0,0,0,0
175,2,3,0,1,0,3,15,1,0,0,0,0,0,1
20,1,0,0,0,0,0,12,1,0,0,0,0,0,0
20,1,0,0,0,0,0,12,1,0,0,0,0,0,0
17,1,0,0,0,0,0,9,1,0,0,0,0,0,0
16,1,0,0,0,0,0,8,1,0,0,0,0,0,0
31,2,0,0,0,0,0,22,1,0,0,0,0,0,1
25,2,1,0,0,0,0,16,1,0,0,0,0,0,1
22,2,0,0,0,0,0,14,1,0,0,0,0,0,0
61,2,2,0,0,0,0,52,1,0,0,0,1,0,1
18,1,0,0,0,0,0,10,1,0,0,0,0,0,0
39,2,3,0,0,0,0,24,1,0,0,0,0,0,1
44,2,0,0,0,0,0,35,1,0,0,0,0,0,1
20,1,0,0,0,0,0,12,1,0,0,0,0,0,0
18,1,0,0,0,0,0,10,1,0,0,0,0,0,0
21,1,0,0,0,0,0,13,1,0,0,0,0,0,0
17,1,0,0,0,0,0,9,1,0,0,0,0,0,0
20,1,0,0,0,0,0,12,1,0,0,0,0,0,0
49,2,0,0,0,0,0,16,1,0,0,0,0,0,1
25,2,0,0,0,0,0,16,1,0,0,0,0,0,1
20,1,0,0,0,0,0,12,1,0,0,0,0,0,0
84,2,1,0,0,0,0,15,1,0,0,0,0,0,1
19,1,0,0,0,0,0,11,1,0,0,0,0,0,0
15,1,0,0,0,0,0,7,1,0,0,0,0,0,0
28,1,1,0,0,0,0,20,1,0,0,0,0,0,0
14,1,0,0,0,0,0,6,1,0,0,0,0,0,0
20,1,0,0,0,0,0,12,1,0,0,0,0,0,0
22,1,0,0,0,0,0,14,1,0,0,0,0,0,0
60,3,1,0,0,0,0,28,1,0,0,0,0,0,1
21,1,1,0,0,0,0,13,1,0,0,0,0,0,0
18,1,0,0,0,0,0,10,1,0,0,0,0,0,0
22,1,0,0,0,0,0,7,1,0,0,0,0,0,1
23,2,0,0,0,0,0,8,1,0,0,0,0,0,1
175,2,3,0,1,0,3,15,1,0,0,0,0,0,1
20,1,0,0,0,0,0,12,1,0,0,0,0,0,0
22,1,0,0,0,0,0,14,1,0,0,0,0,0,0
23,1,0,0,0,0,0,15,1,0,0,0,0,0,0
21,1,0,0,0,0,0,13,1,0,0,0,0,0,0
29,2,1,0,0,0,0,20,1,0,0,0,0,0,1
67,2,2,0,0,2,0,16,1,0,0,0,0,0,1
75,2,1,0,1,0,2,24,1,0,0,0,0,0,1
17,1,0,0,0,0,0,9,1,0,0,0,0,0,0
23,2,0,0,0,0,0,8,1,0,0,0,0,0,1
190,3,1,0,1,0,4,15,1,0,0,0,0,0,1
46,2,0,0,0,0,0,16,1,0,0,0,0,0,1
19,1,0,0,0,0,0,11,1,0,0,0,0,0,0
18,1,1,0,0,0,0,11,0,0,0,0,0,0,1
23,1,0,0,0,0,0,15,1,0,0,0,0,0,0
15,1,0,0,0,0,0,7,1,0,0,0,0,0,0
22,1,0,0,0,0,0,14,1,0,0,0,0,0,0
21,1,0,0,0,0,0,13,1,0,0,0,0,0,0
19,1,0,0,0,0,0,11,1,0,0,0,0,0,0
19,1,0,0,0,0,0,11,1,0,0,0,0,0,0
62,3,1,0,0,0,0,43,1,0,0,0,0,0,1
21,1,0,0,0,0,0,13,1,0,0,0,0,0,0
30,1,0,0,0,0,0,22,1,0,0,0,0,0,0
25,1,0,0,0,0,0,17,1,0,0,0,0,0,0
16,1,0,0,0,0,0,8,1,0,0,0,0,0,0
24,1,0,0,0,0,0,16,1,0,0,0,0,0,0
131,2,2,0,0,0,0,15,1,0,0,0,0,0,1
45,2,0,0,0,0,0,22,1,0,0,0,0,0,1
44,2,1,0,0,0,0,16,1,0,1,0,0,0,1
23,2,0,0,0,0,0,8,1,0,0,0,0,0,1
20,1,0,0,0,0,0,12,1,0,0,0,0,0,0
23,2,0,0,0,0,0,8,1,0,0,0,0,0,1
96,4,0,0,0,0,0,74,1,0,0,0,0,0,1
48,2,0,0,0,0,0,39,1,0,0,0,0,0,1
48,1,1,0,0,0,0,17,1,0,0,0,0,0,1
34,2,0,0,0,0,0,25,1,0,0,0,0,0,1
21,2,0,0,0,0,0,13,1,0,0,0,0,0,0
22,1,0,0,0,0,0,7,1,0,0,0,0,0,1
26,2,0,0,0,0,0,17,1,0,0,0,0,0,1
20,1,0,0,0,0,0,12,1,0,0,0,0,0,0
51,3,0,0,0,0,0,21,1,0,0,0,0,0,1
16,1,0,0,0,0,0,8,1,0,0,0,0,0,0
16,1,0,0,0,0,0,8,1,0,0,0,0,0,0
19,1,0,0,0,0,0,11,1,0,0,0,0,0,0
29,1,0,0,0,0,0,21,1,0,0,0,0,0,1
22,1,0,0,0,0,0,7,1,0,0,0,0,0,1
62,6,0,0,1,0,0,15,1,0,0,0,0,0,1
16,1,0,0,0,0,0,8,1,0,0,0,0,0,0
21,1,0,0,0,0,0,13,1,0,0,0,0,0,0
16,1,0,0,0,0,0,8,1,0,0,0,0,0,0
59,2,0,0,0,0,0,50,1,0,0,0,0,0,1
18,1,0,0,0,0,0,10,1,0,0,0,0,0,0
41,2,1,0,0,0,0,32,1,0,0,0,0,0,1
21,1,1,0,0,0,0,6,1,0,0,0,0,0,1
18,1,0,0,0,0,0,10,1,0,0,0,0,0,0
14,1,0,0,0,0,0,6,1,0,0,0,0,0,0
83,3,0,0,0,0,0,74,1,0,0,0,0,0,1
107,3,1,0,1,0,2,15,1,0,0,0,0,0,1
27,1,0,0,0,0,0,19,1,0,0,0,0,0,0
27,1,0,0,0,0,0,19,1,0,0,0,0,0,0
21,1,0,0,0,0,0,13,1,0,0,0,0,0,0
20,1,0,0,0,0,0,12,1,0,0,0,0,0,0
62,3,1,0,0,0,0,43,1,0,0,0,0,0,1
18,1,0,0,0,0,0,10,1,0,0,0,0,0,0
